,AGS,Name,Bundesland,energy_Erneuerbare_Anteil,energy_Fossil_Anteil,energy_Andere_Anteil,energy_Geheim_Anteil,energy_Insgesamt,energy_Anteil_Erneuerbar_Bundesland,energy_rank,energy_third
0,0,Deutschland,Deutschland,4.099327161623109,17.2118191083821,47.49925146967754,31.18960226031725,3747109390.0,16.576820686610365,,
1,1,Schleswig-Holstein,Schleswig-Holstein,,2.1352825029273164,18.202897468647457,79.66182002842523,84646645.0,29.882406354957983,2.0,besten Drittel
2,2,Hamburg,Hamburg,0.03329231903779221,0.0,31.086575233590274,68.88013244737193,68928812.0,5.639383633428056,15.0,schlechtesten Drittel
3,3,Niedersachsen,Niedersachsen,1.9137688534946906,0.7184748662369522,25.043390393916617,72.32436588635174,375779603.0,22.5073068583383,4.0,besten Drittel
4,4,Bremen,Bremen,,0.19350670498388584,10.48484508754647,89.32164820746965,78065512.0,7.684383539212137,12.0,schlechtesten Drittel
5,5,Nordrhein-Westfalen,Nordrhein-Westfalen,1.7579682645583212,26.890967948793904,48.16376065353799,23.187303133109786,1263837775.0,5.823424514576431,14.0,schlechtesten Drittel
6,6,Hessen,Hessen,4.369993921472165,5.297397040684816,48.587189235085816,41.745419802757205,118971241.0,11.01317943296178,10.0,mittleren Drittel
7,7,Rheinland-Pfalz,Rheinland-Pfalz,1.6418347835108835,1.5284964380638002,44.45857888712422,52.371089891301104,303648336.0,14.531998306057318,8.0,mittleren Drittel
8,8,Baden-Württemberg,Baden-Württemberg,8.903675239582938,5.661641936048775,55.08598616434244,30.34869666002585,270374428.0,14.170586274783476,9.0,mittleren Drittel
9,9,Bayern,Bayern,,5.4308469892992814,35.479654050299885,59.08949896040083,374945953.0,20.126032366825232,6.0,mittleren Drittel
10,10,Saarland,Saarland,0.5306628926361198,50.033834306266414,36.615166840755016,12.820335960342447,105979711.0,4.069593898904002,16.0,schlechtesten Drittel
11,11,Berlin,Berlin,,0.0,55.9526539011146,44.0473460988854,10934375.0,6.109197068391507,13.0,schlechtesten Drittel
12,12,Brandenburg,Brandenburg,10.237775389162275,18.196732691092464,54.07055250945289,17.494939410292375,185303997.0,20.83669699016272,5.0,besten Drittel
13,13,Mecklenburg-Vorpommern,Mecklenburg-Vorpommern,19.40252372053944,4.4359241451100395,38.36681789863279,37.79473423571773,22739681.0,41.47017072990391,1.0,besten Drittel
14,14,Sachsen,Sachsen,3.6251510352426233,2.877106563383753,66.91955717435675,26.578185227016867,158905793.0,9.977344977620067,11.0,mittleren Drittel
15,15,Sachsen-Anhalt,Sachsen-Anhalt,7.963332785074313,9.980884728109398,23.227929562718398,58.82785292409789,261810558.0,19.124589145214323,7.0,mittleren Drittel
16,16,Thüringen,Thüringen,18.109446844857647,5.166604351079431,42.793792821212215,33.93015598285071,62236970.0,23.429498788794746,3.0,besten Drittel
17,1001,Flensburg,Schleswig-Holstein,0.0,1.5135740343657944,40.47524613395141,58.0111798316828,968172.0,29.882406354957983,2.0,besten Drittel
18,1002,Kiel,Schleswig-Holstein,,,,100.0,,29.882406354957983,2.0,besten Drittel
19,1003,Lübeck,Schleswig-Holstein,0.0,2.307045111630526,43.439536846035715,54.253418042333756,1639023.0,29.882406354957983,2.0,besten Drittel
20,1004,Neumünster,Schleswig-Holstein,,0.32956981421690573,40.47001534960038,59.200414836182716,1209152.0,29.882406354957983,2.0,besten Drittel
21,1051,Dithmarschen,Schleswig-Holstein,,0.0,16.51405983599764,83.48594016400236,26326694.0,29.882406354957983,2.0,besten Drittel
22,1053,Herzogtum Lauenburg,Schleswig-Holstein,,6.863738177934405,37.93423509142963,55.20202673063597,943786.0,29.882406354957983,2.0,besten Drittel
23,1054,Nordfriesland,Schleswig-Holstein,,6.927406422516991,52.76925564743984,40.30333793004317,445246.0,29.882406354957983,2.0,besten Drittel
24,1055,Ostholstein,Schleswig-Holstein,,1.620928365951797,29.860395506783167,68.51867612726504,1527458.0,29.882406354957983,2.0,besten Drittel
25,1056,Pinneberg,Schleswig-Holstein,,0.7027294673067705,27.401836240696237,71.89543429199699,3663572.0,29.882406354957983,2.0,besten Drittel
26,1057,Plön,Schleswig-Holstein,,7.201696128565997,61.75182131737675,31.04648255405725,291959.0,29.882406354957983,2.0,besten Drittel
27,1058,Rendsburg-Eckernförde,Schleswig-Holstein,,4.658388038966317,35.40196874610093,59.93964321493276,1370517.0,29.882406354957983,2.0,besten Drittel
28,1059,Schleswig-Flensburg,Schleswig-Holstein,1.638226772852147,3.295898044161234,29.87669410192806,65.18918108105856,1799995.0,29.882406354957983,2.0,besten Drittel
29,1060,Segeberg,Schleswig-Holstein,,2.2224657508557524,37.52347788580942,60.254056363334826,3412786.0,29.882406354957983,2.0,besten Drittel
30,1061,Steinburg,Schleswig-Holstein,,,,100.0,,29.882406354957983,2.0,besten Drittel
31,1062,Stormarn,Schleswig-Holstein,,2.923962315877614,47.25381102258454,49.82222666153784,1882172.0,29.882406354957983,2.0,besten Drittel
32,3101,Braunschweig,Niedersachsen,,3.6022992519789536,53.20809588904053,43.189604858980516,2708881.0,22.5073068583383,4.0,besten Drittel
33,3102,Salzgitter,Niedersachsen,,,,100.0,,22.5073068583383,4.0,besten Drittel
34,3103,Wolfsburg,Niedersachsen,,,,100.0,,22.5073068583383,4.0,besten Drittel
35,3151,Gifhorn,Niedersachsen,,1.1214124879373817,31.74859716215733,67.12999034990528,1398950.0,22.5073068583383,4.0,besten Drittel
36,3153,Goslar,Niedersachsen,,1.4198857786735437,25.87495604937329,72.70515817195317,3876509.0,22.5073068583383,4.0,besten Drittel
37,3154,Helmstedt,Niedersachsen,0.0,2.8944202053723056,41.57100318627489,55.5345766083528,642443.0,22.5073068583383,4.0,besten Drittel
38,3155,Northeim,Niedersachsen,,1.864582875526295,28.224388443045875,69.91102868142784,2844175.0,22.5073068583383,4.0,besten Drittel
39,3157,Peine,Niedersachsen,,,,100.0,,22.5073068583383,4.0,besten Drittel
40,3158,Wolfenbüttel,Niedersachsen,,,,100.0,,22.5073068583383,4.0,besten Drittel
41,3159,Göttingen,Niedersachsen,,5.628648728434223,29.046239423883346,65.32511184768244,7073012.0,22.5073068583383,4.0,besten Drittel
42,3241,Region Hannover,Niedersachsen,,0.8566431477466556,35.68366101099281,63.45969584126054,17323783.0,22.5073068583383,4.0,besten Drittel
43,3251,Diepholz,Niedersachsen,,1.3833099797602366,43.134711194146035,55.48197882609372,2569200.0,22.5073068583383,4.0,besten Drittel
44,3252,Hameln-Pyrmont,Niedersachsen,1.754241712097078,0.0,49.01716699078261,49.22859129712031,1568883.0,22.5073068583383,4.0,besten Drittel
45,3254,Hildesheim,Niedersachsen,,1.8062548381276171,26.915929327977786,71.27781583389459,9742922.0,22.5073068583383,4.0,besten Drittel
46,3255,Holzminden,Niedersachsen,,0.0,18.910856545946626,81.08914345405337,5328389.0,22.5073068583383,4.0,besten Drittel
47,3256,Nienburg (Weser),Niedersachsen,,0.38300881386322433,22.514743085398678,77.1022481007381,9441036.0,22.5073068583383,4.0,besten Drittel
48,3257,Schaumburg,Niedersachsen,1.7174085381280888,1.0059234202806993,26.018305408053582,71.25836263353763,3260785.0,22.5073068583383,4.0,besten Drittel
49,3351,Celle,Niedersachsen,,2.2491941995539944,31.955536412169398,65.79526938827661,3036732.0,22.5073068583383,4.0,besten Drittel
50,3352,Cuxhaven,Niedersachsen,,2.9399737654075127,26.210391113923226,70.84963512066926,1318107.0,22.5073068583383,4.0,besten Drittel
51,3353,Harburg,Niedersachsen,0.7460322418001151,1.894380515113251,36.23149606533434,61.128091177752296,672357.0,22.5073068583383,4.0,besten Drittel
52,3354,Lüchow-Dannenberg,Niedersachsen,0.0,0.0,45.29414529385754,54.70585470614246,1042563.0,22.5073068583383,4.0,besten Drittel
53,3355,Lüneburg,Niedersachsen,,2.2738755817268297,25.646953628780526,72.07917078949265,2234511.0,22.5073068583383,4.0,besten Drittel
54,3356,Osterholz,Niedersachsen,0.0,3.1516347392364823,0.0,96.84836526076352,328401.0,22.5073068583383,4.0,besten Drittel
55,3357,Rotenburg (Wümme),Niedersachsen,,0.4683612748979117,32.69855064794443,66.83308807715765,2947938.0,22.5073068583383,4.0,besten Drittel
56,3358,Heidekreis,Niedersachsen,,0.9229937815433886,32.726273659241635,66.35073255921498,2757115.0,22.5073068583383,4.0,besten Drittel
57,3359,Stade,Niedersachsen,,,,100.0,,22.5073068583383,4.0,besten Drittel
58,3360,Uelzen,Niedersachsen,,,,100.0,,22.5073068583383,4.0,besten Drittel
59,3361,Verden,Niedersachsen,,1.1855658077385187,47.14693153848846,51.66750265377302,1714540.0,22.5073068583383,4.0,besten Drittel
60,3401,Delmenhorst,Niedersachsen,,0.0,33.52194862079739,66.47805137920261,803399.0,22.5073068583383,4.0,besten Drittel
61,3402,Emden,Niedersachsen,,,,100.0,,22.5073068583383,4.0,besten Drittel
62,3403,Oldenburg (Oldenburg),Niedersachsen,0.0,0.0,49.06100618925328,50.93899381074672,792018.0,22.5073068583383,4.0,besten Drittel
63,3404,Osnabrück,Niedersachsen,0.2225951866724517,0.3658769221326051,28.849254896863428,70.56227299433152,4985283.0,22.5073068583383,4.0,besten Drittel
64,3405,Wilhelmshaven,Niedersachsen,,,,100.0,,22.5073068583383,4.0,besten Drittel
65,3451,Ammerland,Niedersachsen,,0.3072651674427389,25.681743591611838,74.01099124094543,3129219.0,22.5073068583383,4.0,besten Drittel
66,3452,Aurich,Niedersachsen,,0.06699079384090702,41.1796469788167,58.75336222734239,985210.0,22.5073068583383,4.0,besten Drittel
67,3453,Cloppenburg,Niedersachsen,,0.2546875518111256,25.184409926495736,74.56090252169314,8625078.0,22.5073068583383,4.0,besten Drittel
68,3454,Emsland,Niedersachsen,0.21551572254994772,0.8318980964955496,18.2821155129499,80.6704706680046,38879762.0,22.5073068583383,4.0,besten Drittel
69,3455,Friesland,Niedersachsen,,,,100.0,,22.5073068583383,4.0,besten Drittel
70,3456,Grafschaft Bentheim,Niedersachsen,0.9966264194525902,0.4798205898452122,29.30738143561982,69.21617155508238,4253048.0,22.5073068583383,4.0,besten Drittel
71,3457,Leer,Niedersachsen,,,,100.0,,22.5073068583383,4.0,besten Drittel
72,3458,Oldenburg,Niedersachsen,,,,100.0,,22.5073068583383,4.0,besten Drittel
73,3459,Osnabrück,Niedersachsen,1.861364258991416,0.6271720416138924,38.271436288887955,59.24002741050674,12093173.0,22.5073068583383,4.0,besten Drittel
74,3460,Vechta,Niedersachsen,,0.4886079676211737,53.56938546195171,45.94200657042712,5366470.0,22.5073068583383,4.0,besten Drittel
75,3461,Wesermarsch,Niedersachsen,,0.0,38.75217352795275,61.24782647204725,8682313.0,22.5073068583383,4.0,besten Drittel
76,3462,Wittmund,Niedersachsen,0.0,0.0,0.0,100.0,211244.0,22.5073068583383,4.0,besten Drittel
77,4011,Bremen,Bremen,,0.17524229815085943,8.992102522603014,90.83265517924613,76810223.0,7.684383539212137,12.0,schlechtesten Drittel
78,4012,Bremerhaven,Bremen,,1.3110925053911888,33.606683401192875,65.08222409341595,1255289.0,7.684383539212137,12.0,schlechtesten Drittel
79,5111,Düsseldorf,Nordrhein-Westfalen,,0.5454654033835751,14.199034309435572,85.25550028718085,15991665.0,5.823424514576431,14.0,schlechtesten Drittel
80,5112,Duisburg,Nordrhein-Westfalen,,,,100.0,,5.823424514576431,14.0,schlechtesten Drittel
81,5113,Essen,Nordrhein-Westfalen,0.0,0.2637922504447415,1.360224844472047,98.3759829050832,14249850.0,5.823424514576431,14.0,schlechtesten Drittel
82,5114,Krefeld,Nordrhein-Westfalen,,0.14340280944996808,25.0563714311776,74.80022575937244,26311200.0,5.823424514576431,14.0,schlechtesten Drittel
83,5116,Mönchengladbach,Nordrhein-Westfalen,,3.558212937935561,0.5619111564003143,95.87987590566412,1852784.0,5.823424514576431,14.0,schlechtesten Drittel
84,5117,Mülheim an der Ruhr,Nordrhein-Westfalen,0.0,1.1224157866089517,23.56698378901921,75.31060042437184,3415401.0,5.823424514576431,14.0,schlechtesten Drittel
85,5119,Oberhausen,Nordrhein-Westfalen,,,,100.0,,5.823424514576431,14.0,schlechtesten Drittel
86,5120,Remscheid,Nordrhein-Westfalen,0.0,2.473067814455845,32.97405741210181,64.55287477344235,2590952.0,5.823424514576431,14.0,schlechtesten Drittel
87,5122,Solingen,Nordrhein-Westfalen,,1.0825110938951419,39.93328788652656,58.9842010195783,2386673.0,5.823424514576431,14.0,schlechtesten Drittel
88,5124,Wuppertal,Nordrhein-Westfalen,,1.8754474207145178,37.820477866744774,60.30407471254071,5134988.0,5.823424514576431,14.0,schlechtesten Drittel
89,5154,Kleve,Nordrhein-Westfalen,,0.6545920381166351,23.17280008195841,76.17260787992495,6696079.0,5.823424514576431,14.0,schlechtesten Drittel
90,5158,Mettmann,Nordrhein-Westfalen,,1.56401324260519,25.976619923939925,72.45936683345488,11707062.0,5.823424514576431,14.0,schlechtesten Drittel
91,5162,Rhein-Kreis Neuss,Nordrhein-Westfalen,0.024086596385511496,0.08019496415382459,60.361743771814346,39.53397466764632,49097846.0,5.823424514576431,14.0,schlechtesten Drittel
92,5166,Viersen,Nordrhein-Westfalen,,3.84511698458032,42.86101281311789,53.29387020230179,2285002.0,5.823424514576431,14.0,schlechtesten Drittel
93,5170,Wesel,Nordrhein-Westfalen,,0.4768076812538708,37.411017515169426,62.11217480357671,24704300.0,5.823424514576431,14.0,schlechtesten Drittel
94,5314,Bonn,Nordrhein-Westfalen,,2.028011573578421,35.02890649449047,62.943081931931104,1821390.0,5.823424514576431,14.0,schlechtesten Drittel
95,5315,Köln,Nordrhein-Westfalen,,,,100.0,,5.823424514576431,14.0,schlechtesten Drittel
96,5316,Leverkusen,Nordrhein-Westfalen,0.0,0.0,85.09617988691426,14.903820113085747,15508232.0,5.823424514576431,14.0,schlechtesten Drittel
97,5334,Städteregion Aachen,Nordrhein-Westfalen,,0.0,41.75197652825001,58.24802347174999,9761181.0,5.823424514576431,14.0,schlechtesten Drittel
98,5358,Düren,Nordrhein-Westfalen,1.3493777571375545,20.61841772162725,43.859221775207445,34.172982746027756,18707808.0,5.823424514576431,14.0,schlechtesten Drittel
99,5362,Rhein-Erft-Kreis,Nordrhein-Westfalen,,22.460808277172447,17.817456065943393,59.721735656884164,131708359.0,5.823424514576431,14.0,schlechtesten Drittel
100,5366,Euskirchen,Nordrhein-Westfalen,,0.6143060645501055,24.71232151099492,74.67337242445497,7838438.0,5.823424514576431,14.0,schlechtesten Drittel
101,5370,Heinsberg,Nordrhein-Westfalen,,1.5035706710033232,45.42162200381814,53.07480732517853,2828600.0,5.823424514576431,14.0,schlechtesten Drittel
102,5374,Oberbergischer Kreis,Nordrhein-Westfalen,,1.648016982806624,51.828209739533534,46.52377327765984,5128952.0,5.823424514576431,14.0,schlechtesten Drittel
103,5378,Rheinisch-Bergischer Kreis,Nordrhein-Westfalen,,,,100.0,,5.823424514576431,14.0,schlechtesten Drittel
104,5382,Rhein-Sieg-Kreis,Nordrhein-Westfalen,,1.3707615638613913,44.645974298581976,53.98326413755664,5881621.0,5.823424514576431,14.0,schlechtesten Drittel
105,5512,Bottrop,Nordrhein-Westfalen,,,,100.0,,5.823424514576431,14.0,schlechtesten Drittel
106,5513,Gelsenkirchen,Nordrhein-Westfalen,0.0,0.0,10.622653405163435,89.37734659483657,76528177.0,5.823424514576431,14.0,schlechtesten Drittel
107,5515,Münster,Nordrhein-Westfalen,,,,100.0,,5.823424514576431,14.0,schlechtesten Drittel
108,5554,Borken,Nordrhein-Westfalen,2.589951153187632,3.6083064759794543,42.071784671165275,51.729957699667644,7943200.0,5.823424514576431,14.0,schlechtesten Drittel
109,5558,Coesfeld,Nordrhein-Westfalen,1.3713624854521391,3.240629859205271,27.63873843586966,67.74926921947294,2730642.0,5.823424514576431,14.0,schlechtesten Drittel
110,5562,Recklinghausen,Nordrhein-Westfalen,,0.0,33.11418319485969,66.88581680514031,60207126.0,5.823424514576431,14.0,schlechtesten Drittel
111,5566,Steinfurt,Nordrhein-Westfalen,3.308478036240127,0.720099626596335,26.722653874605722,69.24876846255782,14280524.0,5.823424514576431,14.0,schlechtesten Drittel
112,5570,Warendorf,Nordrhein-Westfalen,20.795624170342208,17.130312497233597,43.312847539407294,18.761215793016902,9488852.0,5.823424514576431,14.0,schlechtesten Drittel
113,5711,Bielefeld,Nordrhein-Westfalen,,3.927586562761752,44.635304790682156,51.43710864655609,4166630.0,5.823424514576431,14.0,schlechtesten Drittel
114,5754,Gütersloh,Nordrhein-Westfalen,,1.5307133739273702,33.51384469959727,64.95544192647536,15064610.0,5.823424514576431,14.0,schlechtesten Drittel
115,5758,Herford,Nordrhein-Westfalen,9.156033628849286,2.3389120123315283,47.74651956100724,40.75853479781194,3648534.0,5.823424514576431,14.0,schlechtesten Drittel
116,5762,Höxter,Nordrhein-Westfalen,,0.9362046066356785,36.51037765562252,62.5534177377418,3308358.0,5.823424514576431,14.0,schlechtesten Drittel
117,5766,Lippe,Nordrhein-Westfalen,,2.3041416703951785,25.995669829578315,71.70018850002651,6997877.0,5.823424514576431,14.0,schlechtesten Drittel
118,5770,Minden-Lübbecke,Nordrhein-Westfalen,0.8891056653894392,2.1204564803361654,34.22994121958569,62.76049663468871,4865226.0,5.823424514576431,14.0,schlechtesten Drittel
119,5774,Paderborn,Nordrhein-Westfalen,10.306722747559835,2.234971518777465,30.476242722079437,56.982063011583264,6106655.0,5.823424514576431,14.0,schlechtesten Drittel
120,5911,Bochum,Nordrhein-Westfalen,,0.7407680075758474,24.95791406022103,74.30131793220312,7932578.0,5.823424514576431,14.0,schlechtesten Drittel
121,5913,Dortmund,Nordrhein-Westfalen,,,,100.0,,5.823424514576431,14.0,schlechtesten Drittel
122,5914,Hagen,Nordrhein-Westfalen,,1.176228801859511,37.67602365556346,61.14774754257703,9405483.0,5.823424514576431,14.0,schlechtesten Drittel
123,5915,Hamm,Nordrhein-Westfalen,,2.3869877343576733,34.18162589954781,63.431386366094515,4576605.0,5.823424514576431,14.0,schlechtesten Drittel
124,5916,Herne,Nordrhein-Westfalen,,,,100.0,,5.823424514576431,14.0,schlechtesten Drittel
125,5954,Ennepe-Ruhr-Kreis,Nordrhein-Westfalen,,1.1539327050141404,47.49735865478123,51.34870864020463,7518896.0,5.823424514576431,14.0,schlechtesten Drittel
126,5958,Hochsauerlandkreis,Nordrhein-Westfalen,,0.7633099380957111,30.262135446429376,68.97455461547491,15504580.0,5.823424514576431,14.0,schlechtesten Drittel
127,5962,Märkischer Kreis,Nordrhein-Westfalen,,1.0634227125311022,42.79608002142189,56.14049726604701,14728856.0,5.823424514576431,14.0,schlechtesten Drittel
128,5966,Olpe,Nordrhein-Westfalen,5.8802458942063085,1.8110595119343647,48.04621016509085,44.262484428768474,4190420.0,5.823424514576431,14.0,schlechtesten Drittel
129,5970,Siegen-Wittgenstein,Nordrhein-Westfalen,0.1359213180783387,1.1695763675717856,41.73888645461046,56.95561585973942,9708558.0,5.823424514576431,14.0,schlechtesten Drittel
130,5974,Soest,Nordrhein-Westfalen,9.099684559671685,39.22244716803054,38.714393713354006,12.963474558943766,16100668.0,5.823424514576431,14.0,schlechtesten Drittel
131,5978,Unna,Nordrhein-Westfalen,,0.0,25.761243547810963,74.23875645218904,11371722.0,5.823424514576431,14.0,schlechtesten Drittel
132,6411,Darmstadt,Hessen,0.0,0.0,39.98937053211927,60.01062946788073,2910776.0,11.01317943296178,10.0,mittleren Drittel
133,6412,Frankfurt am Main,Hessen,,0.11162787978957346,90.51626852542466,9.372103594785763,18476567.0,11.01317943296178,10.0,mittleren Drittel
134,6413,Offenbach am Main,Hessen,0.0,0.0,58.35605708628377,41.64394291371623,411097.0,11.01317943296178,10.0,mittleren Drittel
135,6414,Wiesbaden,Hessen,0.35868862577195976,0.5098638090507234,53.90592279659223,45.22552476858509,7802868.0,11.01317943296178,10.0,mittleren Drittel
136,6431,Bergstraße,Hessen,2.799740785915218,4.5339189470060735,41.160566955267605,51.505773311811105,2448941.0,11.01317943296178,10.0,mittleren Drittel
137,6432,Darmstadt-Dieburg,Hessen,,1.7184044155262754,45.50532582235749,52.77626976211623,2363297.0,11.01317943296178,10.0,mittleren Drittel
138,6433,Groß-Gerau,Hessen,,0.43590550305775777,19.6954823968036,79.86861210013863,6620701.0,11.01317943296178,10.0,mittleren Drittel
139,6434,Hochtaunuskreis,Hessen,,2.989314722813658,49.0495623373551,47.96112293983124,1014480.0,11.01317943296178,10.0,mittleren Drittel
140,6435,Main-Kinzig-Kreis,Hessen,2.6392645970911115,3.5377735208891536,52.360282505264045,41.462679376755695,3499687.0,11.01317943296178,10.0,mittleren Drittel
141,6436,Main-Taunus-Kreis,Hessen,0.2782315566474082,8.758657832441978,57.38601899847375,33.57709161243686,558887.0,11.01317943296178,10.0,mittleren Drittel
142,6437,Odenwaldkreis,Hessen,,2.467177930837999,36.32802370912474,61.20479836003726,1797114.0,11.01317943296178,10.0,mittleren Drittel
143,6438,Offenbach,Hessen,0.16520849990354183,2.350245298826271,42.407814148908436,55.07673205236175,1829809.0,11.01317943296178,10.0,mittleren Drittel
144,6439,Rheingau-Taunus-Kreis,Hessen,,8.001771660250077,33.128002453068035,58.87022588668189,880530.0,11.01317943296178,10.0,mittleren Drittel
145,6440,Wetteraukreis,Hessen,0.0801726563637812,3.134793283218746,41.23330148736538,55.55173257305209,2121671.0,11.01317943296178,10.0,mittleren Drittel
146,6531,Gießen,Hessen,0.47007840534403195,2.383701755381577,44.436699589837986,52.70952024943641,2431722.0,11.01317943296178,10.0,mittleren Drittel
147,6532,Lahn-Dill-Kreis,Hessen,0.3450913579388397,6.600452968001491,37.11888731491767,55.935568359141996,6672436.0,11.01317943296178,10.0,mittleren Drittel
148,6533,Limburg-Weilburg,Hessen,,0.0,24.654242991661008,75.34575700833899,2116443.0,11.01317943296178,10.0,mittleren Drittel
149,6534,Marburg-Biedenkopf,Hessen,0.16668519950425986,21.365840298267937,45.31832937686879,33.14914512535901,8156693.0,11.01317943296178,10.0,mittleren Drittel
150,6535,Vogelsbergkreis,Hessen,,2.4477367518743125,21.609202189535345,75.94306105859035,2540265.0,11.01317943296178,10.0,mittleren Drittel
151,6611,Kassel,Hessen,,1.338302983487068,51.380693438609185,47.281003577903746,1473209.0,11.01317943296178,10.0,mittleren Drittel
152,6631,Fulda,Hessen,6.11661012110341,1.209255082138171,28.14447355231692,64.5296612444415,9443417.0,11.01317943296178,10.0,mittleren Drittel
153,6632,Hersfeld-Rotenburg,Hessen,,0.2661605761039252,13.51274110929839,86.22109831459768,17061505.0,11.01317943296178,10.0,mittleren Drittel
154,6633,Kassel,Hessen,,1.5305758049925706,52.605164704808836,45.8642594901986,4438395.0,11.01317943296178,10.0,mittleren Drittel
155,6634,Schwalm-Eder-Kreis,Hessen,,23.111617164814884,28.65245628873485,48.235926546450266,2598758.0,11.01317943296178,10.0,mittleren Drittel
156,6635,Waldeck-Frankenberg,Hessen,,0.0,45.630159188853014,54.369840811146986,5730552.0,11.01317943296178,10.0,mittleren Drittel
157,6636,Werra-Meißner-Kreis,Hessen,,0.555381332915199,21.841592419821808,77.60302624726299,3571420.0,11.01317943296178,10.0,mittleren Drittel
158,7111,Koblenz,Rheinland-Pfalz,,0.24397016252273163,37.65752657765804,62.098503259819225,2445381.0,14.531998306057318,8.0,mittleren Drittel
159,7131,Ahrweiler,Rheinland-Pfalz,,2.314560069682658,33.79203067035997,63.893409259957366,1281237.0,14.531998306057318,8.0,mittleren Drittel
160,7132,Altenkirchen (Westerwald),Rheinland-Pfalz,,6.454182857000067,50.687729350296955,42.858087792702975,1360637.0,14.531998306057318,8.0,mittleren Drittel
161,7133,Bad Kreuznach,Rheinland-Pfalz,,1.020191130431497,41.672979378609746,57.306829490958755,3281738.0,14.531998306057318,8.0,mittleren Drittel
162,7134,Birkenfeld,Rheinland-Pfalz,2.5752586257092394,17.27988509837158,49.10750677699638,31.037349498922797,618268.0,14.531998306057318,8.0,mittleren Drittel
163,7135,Cochem-Zell,Rheinland-Pfalz,,7.160235777645596,56.82734160889892,36.012422613455485,539661.0,14.531998306057318,8.0,mittleren Drittel
164,7137,Mayen-Koblenz,Rheinland-Pfalz,,0.6385654414541913,27.240056096067097,72.12137846247872,13561022.0,14.531998306057318,8.0,mittleren Drittel
165,7138,Neuwied,Rheinland-Pfalz,,0.8524719601711755,29.14084866311684,70.00667937671199,4316271.0,14.531998306057318,8.0,mittleren Drittel
166,7140,Rhein-Hunsrück-Kreis,Rheinland-Pfalz,5.60204146758543,6.248528211030879,52.92674177283721,35.22268854854648,908758.0,14.531998306057318,8.0,mittleren Drittel
167,7141,Rhein-Lahn-Kreis,Rheinland-Pfalz,,1.0560829982269957,21.17309985457381,77.7708171471992,2811048.0,14.531998306057318,8.0,mittleren Drittel
168,7143,Westerwaldkreis,Rheinland-Pfalz,3.7127002622555705,1.1225537275394937,29.7009733170497,65.46377269315524,5566326.0,14.531998306057318,8.0,mittleren Drittel
169,7211,Trier,Rheinland-Pfalz,,0.455245914376732,36.69556603040584,62.849188055217425,1544440.0,14.531998306057318,8.0,mittleren Drittel
170,7231,Bernkastel-Wittlich,Rheinland-Pfalz,,4.389997900006591,60.7741158184686,34.83588628152481,3261915.0,14.531998306057318,8.0,mittleren Drittel
171,7232,Eifelkreis Bitburg-Prüm,Rheinland-Pfalz,,2.793714066060223,34.593917496344126,62.61236843759565,1940714.0,14.531998306057318,8.0,mittleren Drittel
172,7233,Vulkaneifel,Rheinland-Pfalz,,2.027285443537605,32.668224901429575,65.30448965503282,1877338.0,14.531998306057318,8.0,mittleren Drittel
173,7235,Trier-Saarburg,Rheinland-Pfalz,,11.035943665022097,45.46619833648035,43.49785799849755,738795.0,14.531998306057318,8.0,mittleren Drittel
174,7311,Frankenthal (Pfalz),Rheinland-Pfalz,,0.0,41.600941410628906,58.399058589371094,699376.0,14.531998306057318,8.0,mittleren Drittel
175,7312,Kaiserslautern,Rheinland-Pfalz,0.0,0.3422309318337654,46.920428772553365,52.737340295612874,1971768.0,14.531998306057318,8.0,mittleren Drittel
176,7313,Landau in der Pfalz,Rheinland-Pfalz,0.0,0.0,40.25835857672484,59.74164142327516,707776.0,14.531998306057318,8.0,mittleren Drittel
177,7314,Ludwigshafen am Rhein,Rheinland-Pfalz,,0.5708377309488489,10.85587385200203,88.57328841704913,210375372.0,14.531998306057318,8.0,mittleren Drittel
178,7315,Mainz,Rheinland-Pfalz,,0.3313974182828398,37.66441836799967,62.00418421371749,5096298.0,14.531998306057318,8.0,mittleren Drittel
179,7316,Neustadt an der Weinstraße,Rheinland-Pfalz,,0.0,59.0060462456083,40.9939537543917,48956.0,14.531998306057318,8.0,mittleren Drittel
180,7317,Pirmasens,Rheinland-Pfalz,,1.535006088289664,66.305575359146,32.15941855256434,475503.0,14.531998306057318,8.0,mittleren Drittel
181,7318,Speyer,Rheinland-Pfalz,,,,100.0,,14.531998306057318,8.0,mittleren Drittel
182,7319,Worms,Rheinland-Pfalz,0.0,0.3461593039450059,28.951071078310765,70.70276961774422,6990712.0,14.531998306057318,8.0,mittleren Drittel
183,7320,Zweibrücken,Rheinland-Pfalz,,2.193462531108858,40.75289197161029,57.053645497280854,347168.0,14.531998306057318,8.0,mittleren Drittel
184,7331,Alzey-Worms,Rheinland-Pfalz,,0.0,24.997506491527115,75.00249350847288,1784634.0,14.531998306057318,8.0,mittleren Drittel
185,7332,Bad Dürkheim,Rheinland-Pfalz,,0.1625506360043517,28.20175257957912,71.63569678441652,4151937.0,14.531998306057318,8.0,mittleren Drittel
186,7333,Donnersbergkreis,Rheinland-Pfalz,,0.3729366299677127,19.021930706665714,80.60513266336658,5548932.0,14.531998306057318,8.0,mittleren Drittel
187,7334,Germersheim,Rheinland-Pfalz,,0.34465535941072173,27.605661550823005,72.04968308976628,8801546.0,14.531998306057318,8.0,mittleren Drittel
188,7335,Kaiserslautern,Rheinland-Pfalz,,2.143736748750664,25.998245092095004,71.85801815915433,1062164.0,14.531998306057318,8.0,mittleren Drittel
189,7336,Kusel,Rheinland-Pfalz,0.0,1.1311443006012791,45.56798449299358,53.30087120640514,470497.0,14.531998306057318,8.0,mittleren Drittel
190,7337,Südliche Weinstraße,Rheinland-Pfalz,,,,100.0,,14.531998306057318,8.0,mittleren Drittel
191,7338,Rhein-Pfalz-Kreis,Rheinland-Pfalz,,6.424681117959155,44.10524227355055,49.470076608490295,312498.0,14.531998306057318,8.0,mittleren Drittel
192,7339,Mainz-Bingen,Rheinland-Pfalz,,,,100.0,,14.531998306057318,8.0,mittleren Drittel
193,7340,Südwestpfalz,Rheinland-Pfalz,,6.4707544504097205,67.26697160214749,26.26227394744278,226496.0,14.531998306057318,8.0,mittleren Drittel
194,8111,Stuttgart,Baden-Württemberg,,1.7423830824573874,52.86901306076331,45.388603856779305,5731518.0,14.170586274783476,9.0,mittleren Drittel
195,8115,Böblingen,Baden-Württemberg,1.0094362523626417,2.6309972629440557,33.89146848508815,62.468097999605156,8383095.0,14.170586274783476,9.0,mittleren Drittel
196,8116,Esslingen,Baden-Württemberg,0.6239225171743131,6.491298008855346,67.75806167925971,25.126717794710633,5503568.0,14.170586274783476,9.0,mittleren Drittel
197,8117,Göppingen,Baden-Württemberg,2.6049096895532116,4.105029924833557,46.158853018892806,47.131207366720425,2836106.0,14.170586274783476,9.0,mittleren Drittel
198,8118,Ludwigsburg,Baden-Württemberg,,7.077464091475369,58.7248911530246,34.197644755500036,4645972.0,14.170586274783476,9.0,mittleren Drittel
199,8119,Rems-Murr-Kreis,Baden-Württemberg,1.0576021665914377,10.801496928699638,53.991754513354756,34.149146391354165,3312115.0,14.170586274783476,9.0,mittleren Drittel
200,8121,Heilbronn,Baden-Württemberg,,2.6738229549719574,76.78718346555483,20.53899357947321,1778203.0,14.170586274783476,9.0,mittleren Drittel
201,8125,Heilbronn,Baden-Württemberg,2.0149314789366195,4.197576318503475,55.3675701535099,38.41992204905,7675596.0,14.170586274783476,9.0,mittleren Drittel
202,8126,Hohenlohekreis,Baden-Württemberg,,7.845052055239053,58.28853352067408,33.86641442408686,2317346.0,14.170586274783476,9.0,mittleren Drittel
203,8127,Schwäbisch Hall,Baden-Württemberg,,2.5909971515909276,37.75356227915153,59.65544056925754,5373877.0,14.170586274783476,9.0,mittleren Drittel
204,8128,Main-Tauber-Kreis,Baden-Württemberg,5.994818572583268,5.0976370102999775,47.51193979119376,41.39560462592299,2194762.0,14.170586274783476,9.0,mittleren Drittel
205,8135,Heidenheim,Baden-Württemberg,,1.2596978605759128,34.093211301698474,64.64709083772561,5615156.0,14.170586274783476,9.0,mittleren Drittel
206,8136,Ostalbkreis,Baden-Württemberg,8.028727614125353,2.4530380033531425,41.02909520876926,48.48913917375224,10247701.0,14.170586274783476,9.0,mittleren Drittel
207,8211,Baden-Baden,Baden-Württemberg,,,,100.0,,14.170586274783476,9.0,mittleren Drittel
208,8212,Karlsruhe,Baden-Württemberg,,,,100.0,,14.170586274783476,9.0,mittleren Drittel
209,8215,Karlsruhe,Baden-Württemberg,,2.701281716823181,37.11538510079732,60.1833331823795,6734951.0,14.170586274783476,9.0,mittleren Drittel
210,8216,Rastatt,Baden-Württemberg,0.170869148646497,0.9011772322076061,36.861017688549424,62.06693593059647,9728497.0,14.170586274783476,9.0,mittleren Drittel
211,8221,Heidelberg,Baden-Württemberg,,0.0,74.87697624205242,25.12302375794757,569199.0,14.170586274783476,9.0,mittleren Drittel
212,8222,Mannheim,Baden-Württemberg,,0.0,47.41323942719986,52.58676057280014,17404046.0,14.170586274783476,9.0,mittleren Drittel
213,8225,Neckar-Odenwald-Kreis,Baden-Württemberg,,9.627129836204588,46.298584731153554,44.07428543264186,1683991.0,14.170586274783476,9.0,mittleren Drittel
214,8226,Rhein-Neckar-Kreis,Baden-Württemberg,,2.140014186952873,31.610202918876276,66.24978289417085,9856944.0,14.170586274783476,9.0,mittleren Drittel
215,8231,Pforzheim,Baden-Württemberg,0.0,3.399510394317437,69.50804152125079,27.092448084431773,1071066.0,14.170586274783476,9.0,mittleren Drittel
216,8235,Calw,Baden-Württemberg,4.56517516622772,8.100995018921838,62.655445816161304,24.678383998689142,1086311.0,14.170586274783476,9.0,mittleren Drittel
217,8236,Enzkreis,Baden-Württemberg,0.11559231542287068,6.179565182506667,52.344314149995306,41.36052835207516,2941372.0,14.170586274783476,9.0,mittleren Drittel
218,8237,Freudenstadt,Baden-Württemberg,4.469744693308565,3.3915847039763594,51.557406070527,40.58126453218808,2609724.0,14.170586274783476,9.0,mittleren Drittel
219,8311,Freiburg im Breisgau,Baden-Württemberg,,0.381790746988435,19.248890871812353,80.36931838119921,4987025.0,14.170586274783476,9.0,mittleren Drittel
220,8315,Breisgau-Hochschwarzwald,Baden-Württemberg,,2.156238622240571,45.77104337955388,52.07271799820555,3732611.0,14.170586274783476,9.0,mittleren Drittel
221,8316,Emmendingen,Baden-Württemberg,2.510159823001239,2.9331849148635634,62.91642293097811,31.640232331157087,1232551.0,14.170586274783476,9.0,mittleren Drittel
222,8317,Ortenaukreis,Baden-Württemberg,5.714375347298492,1.5676382252117196,47.65116062115018,45.0668258063396,18201202.0,14.170586274783476,9.0,mittleren Drittel
223,8325,Rottweil,Baden-Württemberg,2.943409284552381,2.2693523914813465,55.82708700170234,38.96015132226393,2907173.0,14.170586274783476,9.0,mittleren Drittel
224,8326,Schwarzwald-Baar-Kreis,Baden-Württemberg,4.457832776279865,4.131216199558796,57.733101727550554,33.67784929661078,2823188.0,14.170586274783476,9.0,mittleren Drittel
225,8327,Tuttlingen,Baden-Württemberg,0.6682765865235413,3.7373484215818533,59.41038570217448,36.18398928972013,3315693.0,14.170586274783476,9.0,mittleren Drittel
226,8335,Konstanz,Baden-Württemberg,0.22390434581263893,1.14879772605347,42.336342424227446,56.290955503906446,5260282.0,14.170586274783476,9.0,mittleren Drittel
227,8336,Lörrach,Baden-Württemberg,0.6434139428404833,0.7513956216056842,42.23298400595655,56.37220642959728,7573507.0,14.170586274783476,9.0,mittleren Drittel
228,8337,Waldshut,Baden-Württemberg,0.8073968441117372,4.757325358898949,48.88047972487616,45.55479807211316,2732733.0,14.170586274783476,9.0,mittleren Drittel
229,8415,Reutlingen,Baden-Württemberg,,3.145852938984745,51.853973507763655,45.0001735532516,4119773.0,14.170586274783476,9.0,mittleren Drittel
230,8416,Tübingen,Baden-Württemberg,1.5463854426157264,8.482932531934559,56.41667329738464,33.55400872806508,1307048.0,14.170586274783476,9.0,mittleren Drittel
231,8417,Zollernalbkreis,Baden-Württemberg,,3.381210488681919,23.289380958158336,73.32940855315974,6198224.0,14.170586274783476,9.0,mittleren Drittel
232,8421,Ulm,Baden-Württemberg,,0.8927314503829437,65.03154298306845,34.075725566548606,2052913.0,14.170586274783476,9.0,mittleren Drittel
233,8425,Alb-Donau-Kreis,Baden-Württemberg,33.434197390133775,0.888241088881143,22.408848063173316,43.268713457811764,15709924.0,14.170586274783476,9.0,mittleren Drittel
234,8426,Biberach,Baden-Württemberg,,1.755930775360027,35.77543088260965,62.468638342030324,6209812.0,14.170586274783476,9.0,mittleren Drittel
235,8435,Bodenseekreis,Baden-Württemberg,0.23686954892082246,2.8046732245876425,51.20177009877218,45.75668712771935,3222871.0,14.170586274783476,9.0,mittleren Drittel
236,8436,Ravensburg,Baden-Württemberg,11.22102060756795,2.354159264523006,31.19934157932137,55.225478548587674,7205120.0,14.170586274783476,9.0,mittleren Drittel
237,8437,Sigmaringen,Baden-Württemberg,2.6460373936882338,6.575079808184832,62.16046298140084,28.618419816726092,1596954.0,14.170586274783476,9.0,mittleren Drittel
238,9161,Ingolstadt,Bayern,,,,100.0,,20.126032366825232,6.0,mittleren Drittel
239,9162,München,Bayern,,0.8355009204342868,54.59104228994043,44.57345678962528,6195445.0,20.126032366825232,6.0,mittleren Drittel
240,9163,Rosenheim,Bayern,,0.852505649576392,30.917068038825594,68.23042631159801,340291.0,20.126032366825232,6.0,mittleren Drittel
241,9171,Altötting,Bayern,,,,100.0,,20.126032366825232,6.0,mittleren Drittel
242,9172,Berchtesgadener Land,Bayern,,4.637030004223841,39.02126498435683,56.34170501141932,1337645.0,20.126032366825232,6.0,mittleren Drittel
243,9173,Bad Tölz-Wolfratshausen,Bayern,,12.067644843694548,41.1198879758737,46.812467180431746,622723.0,20.126032366825232,6.0,mittleren Drittel
244,9174,Dachau,Bayern,,9.807009273131614,50.37480038208165,39.818190344786736,405149.0,20.126032366825232,6.0,mittleren Drittel
245,9175,Ebersberg,Bayern,,4.902818461803228,45.95157595075131,49.14560558744546,557822.0,20.126032366825232,6.0,mittleren Drittel
246,9176,Eichstätt,Bayern,,,,100.0,,20.126032366825232,6.0,mittleren Drittel
247,9177,Erding,Bayern,,3.5551393868050725,21.43603189041682,75.0088287227781,934450.0,20.126032366825232,6.0,mittleren Drittel
248,9178,Freising,Bayern,,3.3860432198870525,40.73892577990073,55.87503100021222,2012083.0,20.126032366825232,6.0,mittleren Drittel
249,9179,Fürstenfeldbruck,Bayern,0.0,2.9204178437222237,35.75190749003353,61.32767466624425,454524.0,20.126032366825232,6.0,mittleren Drittel
250,9180,Garmisch-Partenkirchen,Bayern,,5.453354596195466,73.53514067661465,21.011504727189884,175580.0,20.126032366825232,6.0,mittleren Drittel
251,9181,Landsberg am Lech,Bayern,,4.007448004496909,55.63146430578977,40.36108768971332,1423200.0,20.126032366825232,6.0,mittleren Drittel
252,9182,Miesbach,Bayern,,4.415253549504874,47.434276378546414,48.15047007194871,850189.0,20.126032366825232,6.0,mittleren Drittel
253,9183,Mühldorf am Inn,Bayern,2.59134728269783,1.8402589184123037,34.870251717057144,60.69814208183272,2542577.0,20.126032366825232,6.0,mittleren Drittel
254,9184,München,Bayern,,2.633338462617788,51.13100722221339,46.235654315168816,2579957.0,20.126032366825232,6.0,mittleren Drittel
255,9185,Neuburg-Schrobenhausen,Bayern,0.19831521633463758,0.9115553020484053,22.43697025555749,76.45315922605947,4577561.0,20.126032366825232,6.0,mittleren Drittel
256,9186,Pfaffenhofen an der Ilm,Bayern,,,,100.0,,20.126032366825232,6.0,mittleren Drittel
257,9187,Rosenheim,Bayern,19.159567918859782,2.041275922152411,21.30817816139182,57.49097799759599,11487472.0,20.126032366825232,6.0,mittleren Drittel
258,9188,Starnberg,Bayern,,3.9950972336875723,45.52883565099882,50.476067115313604,517259.0,20.126032366825232,6.0,mittleren Drittel
259,9189,Traunstein,Bayern,,2.1313084615453985,54.566298346771774,43.30239319168283,5877047.0,20.126032366825232,6.0,mittleren Drittel
260,9190,Weilheim-Schongau,Bayern,,,,100.0,,20.126032366825232,6.0,mittleren Drittel
261,9261,Landshut,Bayern,,,,100.0,,20.126032366825232,6.0,mittleren Drittel
262,9262,Passau,Bayern,,,,100.0,,20.126032366825232,6.0,mittleren Drittel
263,9263,Straubing,Bayern,,3.4364694224954904,34.420793211209634,62.142737366294874,983975.0,20.126032366825232,6.0,mittleren Drittel
264,9271,Deggendorf,Bayern,,0.7500735181257673,43.687399142166086,55.56252733970815,10072346.0,20.126032366825232,6.0,mittleren Drittel
265,9272,Freyung-Grafenau,Bayern,3.803424502056717,1.9745702067710311,20.70703009290598,73.51497519826627,1964782.0,20.126032366825232,6.0,mittleren Drittel
266,9273,Kelheim,Bayern,,,,100.0,,20.126032366825232,6.0,mittleren Drittel
267,9274,Landshut,Bayern,3.9166937534447315,4.451163898017465,26.88765853918379,64.74448380935402,1839766.0,20.126032366825232,6.0,mittleren Drittel
268,9275,Passau,Bayern,,2.8649522135523067,52.14029253877698,44.99475524767071,5996470.0,20.126032366825232,6.0,mittleren Drittel
269,9276,Regen,Bayern,,0.6329911576379713,39.72052908977393,59.6464797525881,1721825.0,20.126032366825232,6.0,mittleren Drittel
270,9277,Rottal-Inn,Bayern,17.052193409782415,7.181290480308027,27.252095186102142,48.514420923807414,1386631.0,20.126032366825232,6.0,mittleren Drittel
271,9278,Straubing-Bogen,Bayern,,3.3028942196813436,44.281534055534806,52.41557172478385,1477704.0,20.126032366825232,6.0,mittleren Drittel
272,9279,Dingolfing-Landau,Bayern,,,,100.0,,20.126032366825232,6.0,mittleren Drittel
273,9361,Amberg,Bayern,,1.156512988536004,39.02628836364602,59.81719864781798,1394191.0,20.126032366825232,6.0,mittleren Drittel
274,9362,Regensburg,Bayern,,0.6322412012783543,48.663838765000925,50.70392003372072,4483890.0,20.126032366825232,6.0,mittleren Drittel
275,9363,Weiden in der Oberpfalz,Bayern,,,,100.0,,20.126032366825232,6.0,mittleren Drittel
276,9371,Amberg-Sulzbach,Bayern,,1.7635615950740178,32.141206703282634,66.09523170164334,2562088.0,20.126032366825232,6.0,mittleren Drittel
277,9372,Cham,Bayern,9.188927801011715,5.394968840618428,47.081725712170105,38.334377646199755,1852893.0,20.126032366825232,6.0,mittleren Drittel
278,9373,Neumarkt in der Oberpfalz,Bayern,,1.5803085638773178,21.424361296211917,76.99533013991076,5188164.0,20.126032366825232,6.0,mittleren Drittel
279,9374,Neustadt an der Waldnaab,Bayern,,,,100.0,,20.126032366825232,6.0,mittleren Drittel
280,9375,Regensburg,Bayern,,4.344673613023634,33.721107435271705,61.934218951704665,1463309.0,20.126032366825232,6.0,mittleren Drittel
281,9376,Schwandorf,Bayern,,0.996669918428368,30.9808498003339,68.02248028123773,8069472.0,20.126032366825232,6.0,mittleren Drittel
282,9377,Tirschenreuth,Bayern,,0.0,26.99696969471331,73.00303030528669,4028967.0,20.126032366825232,6.0,mittleren Drittel
283,9461,Bamberg,Bayern,,5.199185782306205,53.12249882724021,41.67831539045359,1690457.0,20.126032366825232,6.0,mittleren Drittel
284,9462,Bayreuth,Bayern,0.0,2.363940540901252,50.16197066849925,47.474088790599495,854167.0,20.126032366825232,6.0,mittleren Drittel
285,9463,Coburg,Bayern,,3.4889783750504466,41.9982384253054,54.51278319964415,678938.0,20.126032366825232,6.0,mittleren Drittel
286,9464,Hof,Bayern,0.0,10.578466483888135,50.65891448212396,38.7626190339879,471609.0,20.126032366825232,6.0,mittleren Drittel
287,9471,Bamberg,Bayern,0.91026861136698,4.169249608193236,36.77750396172299,58.142977818716794,1832536.0,20.126032366825232,6.0,mittleren Drittel
288,9472,Bayreuth,Bayern,,6.794011956662494,44.27728557862477,48.928702464712735,741344.0,20.126032366825232,6.0,mittleren Drittel
289,9473,Coburg,Bayern,10.921396131150969,4.681424174310375,41.81118220981326,42.5859974847254,1626065.0,20.126032366825232,6.0,mittleren Drittel
290,9474,Forchheim,Bayern,0.647050532059328,6.219044056672449,37.60782904295222,55.526076368316005,1638821.0,20.126032366825232,6.0,mittleren Drittel
291,9475,Hof,Bayern,0.4399965386416339,2.3358741754022248,37.39078102777619,59.833348258179946,3316617.0,20.126032366825232,6.0,mittleren Drittel
292,9476,Kronach,Bayern,1.6531530541740826,1.1390986530334215,31.04668849353129,66.16105979926121,4095870.0,20.126032366825232,6.0,mittleren Drittel
293,9477,Kulmbach,Bayern,2.2224834792879347,1.9818292672924078,29.03631685864504,66.75937039477462,1828765.0,20.126032366825232,6.0,mittleren Drittel
294,9478,Lichtenfels,Bayern,,4.850913717325931,55.99282905389776,39.15625722877631,864600.0,20.126032366825232,6.0,mittleren Drittel
295,9479,Wunsiedel im Fichtelgebirge,Bayern,,2.0611506976116325,31.94561811186856,65.99323119051981,2592775.0,20.126032366825232,6.0,mittleren Drittel
296,9561,Ansbach,Bayern,,0.46111901058826354,42.77482399579564,56.764056993616094,749698.0,20.126032366825232,6.0,mittleren Drittel
297,9562,Erlangen,Bayern,,2.0723000200087633,79.20397203500943,18.72372794498181,1184481.0,20.126032366825232,6.0,mittleren Drittel
298,9563,Fürth,Bayern,0.0,4.720001371701792,49.26809911525235,46.01189951304586,816504.0,20.126032366825232,6.0,mittleren Drittel
299,9564,Nürnberg,Bayern,,1.0174531089997745,54.97000299465336,44.01254389634686,5349534.0,20.126032366825232,6.0,mittleren Drittel
300,9565,Schwabach,Bayern,,13.23427442676958,51.13901958065138,35.62670599257904,295649.0,20.126032366825232,6.0,mittleren Drittel
301,9571,Ansbach,Bayern,19.686561350306054,2.6493603996419393,47.25573230071677,30.408345949335235,3393838.0,20.126032366825232,6.0,mittleren Drittel
302,9572,Erlangen-Höchstadt,Bayern,,2.834168425786402,52.34855069788671,44.81728087632689,1191884.0,20.126032366825232,6.0,mittleren Drittel
303,9573,Fürth,Bayern,,5.542507675389348,34.878649884887274,59.57884243972338,690193.0,20.126032366825232,6.0,mittleren Drittel
304,9574,Nürnberger Land,Bayern,,6.117987905260843,60.99595994523425,32.886052149504906,3146492.0,20.126032366825232,6.0,mittleren Drittel
305,9575,Neustadt an der Aisch-Bad Windsheim,Bayern,,4.249844186778399,35.396064630327494,60.3540911828941,2106689.0,20.126032366825232,6.0,mittleren Drittel
306,9576,Roth,Bayern,5.491924810683331,5.282208711054501,47.61442753889989,41.61143893936228,1205916.0,20.126032366825232,6.0,mittleren Drittel
307,9577,Weißenburg-Gunzenhausen,Bayern,,1.8825944989451098,30.513416484112568,67.60398901694232,2918313.0,20.126032366825232,6.0,mittleren Drittel
308,9661,Aschaffenburg,Bayern,,,,100.0,,20.126032366825232,6.0,mittleren Drittel
309,9662,Schweinfurt,Bayern,,0.17016776662636107,47.216284193475815,52.61354803989782,4885179.0,20.126032366825232,6.0,mittleren Drittel
310,9663,Würzburg,Bayern,,,,100.0,,20.126032366825232,6.0,mittleren Drittel
311,9671,Aschaffenburg,Bayern,,0.0,19.731246182474184,80.26875381752582,7391895.0,20.126032366825232,6.0,mittleren Drittel
312,9672,Bad Kissingen,Bayern,,6.632302405498282,51.968084366348066,41.399613228153655,718770.0,20.126032366825232,6.0,mittleren Drittel
313,9673,Röhn-Grabfeld,Bayern,1.4102655288826549,2.609636318224448,40.607244523766596,55.3728536291263,1209134.0,20.126032366825232,6.0,mittleren Drittel
314,9674,Haßberge,Bayern,,1.9237388292160047,54.34408612645395,43.73217504433005,3483529.0,20.126032366825232,6.0,mittleren Drittel
315,9675,Kitzingen,Bayern,1.8983611354788716,2.4677423897594495,21.006104954101215,74.62779152066047,2911406.0,20.126032366825232,6.0,mittleren Drittel
316,9676,Miltenberg,Bayern,2.6678266474585213,0.8847114079525209,24.941637659073507,71.50582428551544,6193206.0,20.126032366825232,6.0,mittleren Drittel
317,9677,Main-Spessart,Bayern,,2.1980398784584456,17.460891551528192,80.34106857001336,11156349.0,20.126032366825232,6.0,mittleren Drittel
318,9678,Schweinfurt,Bayern,,5.104319334566187,29.034000659908994,65.86168000552482,651605.0,20.126032366825232,6.0,mittleren Drittel
319,9679,Würzburg,Bayern,,0.0,20.2986859153783,79.7013140846217,2788481.0,20.126032366825232,6.0,mittleren Drittel
320,9761,Augsburg,Bayern,,0.9087100562902015,52.52773027839237,46.56355966531743,4616434.0,20.126032366825232,6.0,mittleren Drittel
321,9762,Kaufbeuren,Bayern,0.0,0.0,27.567018919345525,72.43298108065447,1000986.0,20.126032366825232,6.0,mittleren Drittel
322,9763,Kempten (Allgäu),Bayern,0.0,0.0,45.12949342025996,54.87050657974004,1054069.0,20.126032366825232,6.0,mittleren Drittel
323,9764,Memmingen,Bayern,,1.658795507879937,45.78400447885516,52.557200013264904,1025262.0,20.126032366825232,6.0,mittleren Drittel
324,9771,Aichach-Friedberg,Bayern,,1.5025436556908702,28.747229156363453,69.75022718794568,3061342.0,20.126032366825232,6.0,mittleren Drittel
325,9772,Augsburg,Bayern,,0.7984534696488783,56.60066200399922,42.6008845263519,9706890.0,20.126032366825232,6.0,mittleren Drittel
326,9773,Dillingen an der Donau,Bayern,,1.5450103979867886,36.983074417629666,61.47191518438354,2828913.0,20.126032366825232,6.0,mittleren Drittel
327,9774,Günzburg,Bayern,,3.293713180345714,38.17769794788263,58.52858887177165,2785367.0,20.126032366825232,6.0,mittleren Drittel
328,9775,Neu-Ulm,Bayern,,1.6810005375793327,41.906836876768224,56.412162585652446,5281081.0,20.126032366825232,6.0,mittleren Drittel
329,9776,Lindau (Bodensee),Bayern,,1.9507659262374974,54.60874188248432,43.44049219127819,936709.0,20.126032366825232,6.0,mittleren Drittel
330,9777,Ostallgäu,Bayern,,5.217720728873425,37.83045721290394,56.95182205822264,3191336.0,20.126032366825232,6.0,mittleren Drittel
331,9778,Unterallgäu,Bayern,4.623868151342717,1.3984291741627015,35.53436007569013,58.443342598804456,6179934.0,20.126032366825232,6.0,mittleren Drittel
332,9779,Donau-Ries,Bayern,2.0893047114851258,1.4146772192275883,22.11736666506201,74.37865140422528,9223164.0,20.126032366825232,6.0,mittleren Drittel
333,9780,Oberallgäu,Bayern,,2.43896754080768,45.68915995542294,51.87187250376938,2059355.0,20.126032366825232,6.0,mittleren Drittel
334,10041,Regionalverband Saarbrücken,Saarland,0.10306559231090191,0.42996801089240094,61.4535256644877,38.013440732309,8742976.0,4.069593898904002,16.0,schlechtesten Drittel
335,10042,Merzig-Wadern,Saarland,24.951463727792714,1.3116992254404491,28.367559681501508,45.369277365265326,2028895.0,4.069593898904002,16.0,schlechtesten Drittel
336,10043,Neunkirchen,Saarland,0.0,0.858709469603281,50.80467613070963,48.336614399687086,2781616.0,4.069593898904002,16.0,schlechtesten Drittel
337,10044,Saarlouis,Saarland,0.0,0.12112698328854962,6.837554002564306,93.04131901414715,85041332.0,4.069593898904002,16.0,schlechtesten Drittel
338,10045,Saarpfalz-Kreis,Saarland,0.27002920436632455,0.39191172473772895,47.63326036359683,51.70479870729911,4047340.0,4.069593898904002,16.0,schlechtesten Drittel
339,10046,Sankt Wendel,Saarland,1.0851366510544256,1.7391788951902472,28.584753136430532,68.59093131732479,3337552.0,4.069593898904002,16.0,schlechtesten Drittel
340,12051,Brandenburg an der Havel,Brandenburg,,,,100.0,,20.83669699016272,5.0,besten Drittel
341,12052,Cottbus,Brandenburg,0.0,1.6150075485061413,30.300262799843438,68.08472965165042,107306.0,20.83669699016272,5.0,besten Drittel
342,12053,Frankfurt (Oder),Brandenburg,,,,100.0,,20.83669699016272,5.0,besten Drittel
343,12054,Potsdam,Brandenburg,0.0,0.0,58.04770047997885,41.95229952002115,121047.0,20.83669699016272,5.0,besten Drittel
344,12060,Barnim,Brandenburg,,0.0,43.33068701566462,56.66931298433538,675152.0,20.83669699016272,5.0,besten Drittel
345,12061,Dahme-Spreewald,Brandenburg,,0.0,39.033676772748855,60.966323227251145,1278537.0,20.83669699016272,5.0,besten Drittel
346,12062,Elbe-Elster,Brandenburg,1.1694972914976578,14.731962944547668,38.65621647083453,45.44232329312014,1528520.0,20.83669699016272,5.0,besten Drittel
347,12063,Havelland,Brandenburg,,0.23906192048649122,0.0,99.76093807951351,2232476.0,20.83669699016272,5.0,besten Drittel
348,12064,Märkisch-Oderland,Brandenburg,,,,100.0,,20.83669699016272,5.0,besten Drittel
349,12065,Oberhavel,Brandenburg,,0.32008953801979295,0.031156210756332004,99.64875425122388,4503115.0,20.83669699016272,5.0,besten Drittel
350,12066,Oberspreewald-Lausitz,Brandenburg,,,,100.0,,20.83669699016272,5.0,besten Drittel
351,12067,Oder-Spree,Brandenburg,,0.08972395343394149,13.235327141263115,86.67494890530294,55842390.0,20.83669699016272,5.0,besten Drittel
352,12068,Ostprignitz-Ruppin,Brandenburg,,,,100.0,,20.83669699016272,5.0,besten Drittel
353,12069,Potsdam-Mittelmark,Brandenburg,,5.306964297547989,34.335539786177435,60.35749591627458,1463737.0,20.83669699016272,5.0,besten Drittel
354,12070,Prignitz,Brandenburg,,1.1599859767004892,35.02949313475454,63.81052088854497,2284769.0,20.83669699016272,5.0,besten Drittel
355,12071,Spree-Neiße,Brandenburg,,0.0,30.74850763199112,69.25149236800888,12284671.0,20.83669699016272,5.0,besten Drittel
356,12072,Teltow-Fläming,Brandenburg,,0.23727111447681765,20.508239686204284,79.2544891993189,10123019.0,20.83669699016272,5.0,besten Drittel
357,12073,Uckermark,Brandenburg,,,,100.0,,20.83669699016272,5.0,besten Drittel
358,13003,Rostock,Mecklenburg-Vorpommern,,0.0,26.64657269986755,73.35342730013245,2108759.0,41.47017072990391,1.0,besten Drittel
359,13004,Schwerin,Mecklenburg-Vorpommern,,0.0,70.3747991586782,29.6252008413218,700802.0,41.47017072990391,1.0,besten Drittel
360,13071,Mecklenburgische Seenplatte,Mecklenburg-Vorpommern,,2.9213941405430326,52.63125851536386,44.44734734409311,3383590.0,41.47017072990391,1.0,besten Drittel
361,13072,Rostock,Mecklenburg-Vorpommern,,8.174944266966975,49.938541106133286,41.88651462689974,1261819.0,41.47017072990391,1.0,besten Drittel
362,13073,Vorpommern-Rügen,Mecklenburg-Vorpommern,1.2035866422555,3.4323657234296476,27.48792441598389,67.87612321833096,1044877.0,41.47017072990391,1.0,besten Drittel
363,13074,Nordwestmecklenburg,Mecklenburg-Vorpommern,,0.22504282366215939,25.506799608102284,74.26815756823555,7004889.0,41.47017072990391,1.0,besten Drittel
364,13075,Vorpommern-Greifswald,Mecklenburg-Vorpommern,,0.8396535277600433,25.522018724528184,73.63832774771177,2789603.0,41.47017072990391,1.0,besten Drittel
365,13076,Ludwigslust-Parchim,Mecklenburg-Vorpommern,,4.762334318109679,26.348687311052178,68.88897837083815,4445341.0,41.47017072990391,1.0,besten Drittel
366,14511,Chemnitz,Sachsen,0.5501413489288728,1.3638510878577703,69.89366230276966,28.192345260443705,1625764.0,9.977344977620067,11.0,mittleren Drittel
367,14521,Erzgebirgskreis,Sachsen,1.8798426816955365,21.912928804530953,44.0774068791033,32.129821634670215,5024463.0,9.977344977620067,11.0,mittleren Drittel
368,14522,Mittelsachsen,Sachsen,1.6640132614424041,5.78394193572207,39.573305432979666,52.97873936985586,11700688.0,9.977344977620067,11.0,mittleren Drittel
369,14523,Vogtlandkreis,Sachsen,0.6635029280162452,3.954794715123909,52.582000034801936,42.79970232205791,2471127.0,9.977344977620067,11.0,mittleren Drittel
370,14524,Zwickau,Sachsen,0.5409881531554386,14.433408313210915,42.5307653845747,42.49483814905894,5577941.0,9.977344977620067,11.0,mittleren Drittel
371,14612,Dresden,Sachsen,1.2129019360978162,0.69335607027944,81.68589575303143,16.40784624059131,8223913.0,9.977344977620067,11.0,mittleren Drittel
372,14625,Bautzen,Sachsen,0.9777956150317115,1.9011094552227,42.29745228884127,54.82364264090432,8900224.0,9.977344977620067,11.0,mittleren Drittel
373,14626,Görlitz,Sachsen,11.577058919428042,1.227582115485336,46.204064065000196,40.99129490008642,5538937.0,9.977344977620067,11.0,mittleren Drittel
374,14627,Meißen,Sachsen,13.21389645855959,1.0359090846990953,54.35624216013808,31.393952296603235,15444309.0,9.977344977620067,11.0,mittleren Drittel
375,14628,Sächsische Schweiz-Osterzgebirge,Sachsen,2.2566587341891147,0.8796569246033166,39.94149244336998,56.92219189783759,4893385.0,9.977344977620067,11.0,mittleren Drittel
376,14713,Leipzig,Sachsen,0.0,6.521722391602098,58.207176210749566,35.27110139764834,3246811.0,9.977344977620067,11.0,mittleren Drittel
377,14729,Leipzig,Sachsen,,0.11318537488363523,87.83184959467758,12.05496503043878,76044277.0,9.977344977620067,11.0,mittleren Drittel
378,14730,Nordsachsen,Sachsen,,0.8805010633978584,24.832246699295876,74.28725223730626,10213957.0,9.977344977620067,11.0,mittleren Drittel
379,15001,Dessau-Rolau,Sachsen-Anhalt,,0.7864317851924366,29.02265066283449,70.19091755197307,1036835.0,19.124589145214323,7.0,mittleren Drittel
380,15002,Halle (Saale),Sachsen-Anhalt,,6.135916349251545,61.34949329981,32.514590350938455,558417.0,19.124589145214323,7.0,mittleren Drittel
381,15003,Magdeburg,Sachsen-Anhalt,22.205221671117535,0.9595785203270952,53.84399052763629,22.991209280919087,2122807.0,19.124589145214323,7.0,mittleren Drittel
382,15081,Altmarkkreis Salzwedel,Sachsen-Anhalt,31.104719736907736,0.6288157135297574,20.785590230573263,47.480874318989244,5332882.0,19.124589145214323,7.0,mittleren Drittel
383,15082,Anhalt-Bitterfeld,Sachsen-Anhalt,1.2688889607859621,1.1333782454085564,55.69676529376707,41.90096750003841,8005271.0,19.124589145214323,7.0,mittleren Drittel
384,15083,Börde,Sachsen-Anhalt,0.1528680060324662,2.166670838061788,20.04078869804302,77.63967245786273,15901954.0,19.124589145214323,7.0,mittleren Drittel
385,15084,Burgenlandkreis,Sachsen-Anhalt,5.100289601845556,59.98486060369053,26.019508600328138,8.895341194135781,25003639.0,19.124589145214323,7.0,mittleren Drittel
386,15085,Harz,Sachsen-Anhalt,0.2151481381667917,21.337200974072484,25.687192112246557,52.76045877551417,8237580.0,19.124589145214323,7.0,mittleren Drittel
387,15086,Jerichower Land,Sachsen-Anhalt,,1.2867467609645944,26.46777199569418,72.24548124334123,3800437.0,19.124589145214323,7.0,mittleren Drittel
388,15087,Mansfeld-Südharz,Sachsen-Anhalt,4.966055589335859,60.8087212841744,16.065951938822817,18.159271187666924,8168797.0,19.124589145214323,7.0,mittleren Drittel
389,15088,Saalekreis,Sachsen-Anhalt,,0.6262131493227329,23.547346634030134,75.82644021664713,80370877.0,19.124589145214323,7.0,mittleren Drittel
390,15089,Salzlandkreis,Sachsen-Anhalt,,12.008092892170474,45.72114739909057,42.27075970873896,33221745.0,19.124589145214323,7.0,mittleren Drittel
391,15090,Stendal,Sachsen-Anhalt,73.51391978577153,0.3831591391656065,11.647710279584977,14.45521079547788,19844235.0,19.124589145214323,7.0,mittleren Drittel
392,15091,Wittenberg,Sachsen-Anhalt,,0.06931569474642806,8.518839129426743,91.41184517582683,50205080.0,19.124589145214323,7.0,mittleren Drittel
393,16051,Erfurt,Thüringen,,0.8676642162137671,80.57794252574108,18.55439325804515,1412528.0,23.429498788794746,3.0,besten Drittel
394,16052,Gera,Thüringen,0.0,6.067718637043395,61.975272213541494,31.957009149415114,447351.0,23.429498788794746,3.0,besten Drittel
395,16053,Jena,Thüringen,,0.0,61.20014256099307,38.79985743900693,1285064.0,23.429498788794746,3.0,besten Drittel
396,16054,Suhl,Thüringen,,5.129609052503878,54.4422435866467,40.42814736084942,186291.0,23.429498788794746,3.0,besten Drittel
397,16055,Weimar,Thüringen,0.0,0.0,32.65919946603258,67.34080053396742,239715.0,23.429498788794746,3.0,besten Drittel
398,16056,Eisenach,Thüringen,0.0,0.0,40.67938117473015,59.32061882526985,955811.0,23.429498788794746,3.0,besten Drittel
399,16061,Eichsfeld,Thüringen,7.088552866002045,0.1348308210679257,19.51498583314076,73.26163047978928,7378135.0,23.429498788794746,3.0,besten Drittel
400,16062,Nordhausen,Thüringen,12.723106410680924,0.7507268654484087,29.344139558166095,57.182027165704575,2313358.0,23.429498788794746,3.0,besten Drittel
401,16063,Wartburgkreis,Thüringen,10.457889606323453,1.1014709839336265,31.05148753761778,57.38915187212514,5645269.0,23.429498788794746,3.0,besten Drittel
402,16064,Unstrut-Hainich-Kreis,Thüringen,2.3066912713735612,1.757129853829552,27.57904973208603,68.35712914271086,2249976.0,23.429498788794746,3.0,besten Drittel
403,16065,Kyffhäuserkreis,Thüringen,,1.508281648373506,66.64218035187965,31.84953799974685,442424.0,23.429498788794746,3.0,besten Drittel
404,16066,Schmalkalden-Meiningen,Thüringen,,2.0127764170634306,50.23570286651501,47.75152071642156,2292505.0,23.429498788794746,3.0,besten Drittel
405,16067,Gotha,Thüringen,,1.3304555799656177,42.8905617591416,55.77898266089279,3265047.0,23.429498788794746,3.0,besten Drittel
406,16068,Sömmerda,Thüringen,,1.9504516266375727,63.83485982194385,34.214688551418575,1202542.0,23.429498788794746,3.0,besten Drittel
407,16069,Hildburghausen,Thüringen,,6.0163420769285745,39.14270958460045,54.84094833847097,1734908.0,23.429498788794746,3.0,besten Drittel
408,16070,Ilm-Kreis,Thüringen,,0.9751437480848609,43.653056237076086,55.37180001483905,2385597.0,23.429498788794746,3.0,besten Drittel
409,16071,Weimarer Land,Thüringen,0.0,0.6951952853862993,51.42167561001655,47.883129104597145,1198656.0,23.429498788794746,3.0,besten Drittel
410,16072,Sonneberg,Thüringen,,0.23306168316677414,33.37645038254536,66.39048793428786,3658259.0,23.429498788794746,3.0,besten Drittel
411,16073,Saalfeld-Rudolstadt,Thüringen,,0.3758193795430945,69.22256295430945,30.401617666147455,6902784.0,23.429498788794746,3.0,besten Drittel
412,16074,Saale-Holzland-Kreis,Thüringen,,2.547900093299638,43.401248279718665,54.0508516269817,1353703.0,23.429498788794746,3.0,besten Drittel
413,16075,Saale-Orla-Kreis,Thüringen,,0.38104775538630437,15.394034118301443,84.22491812631225,12466154.0,23.429498788794746,3.0,besten Drittel
414,16076,Greiz,Thüringen,,1.1672920439411456,28.477054761399863,70.35565319465898,2254106.0,23.429498788794746,3.0,besten Drittel
415,16077,Altenburger Land,Thüringen,0.0,3.0767862240739436,58.8771271467995,38.04608662912655,966788.0,23.429498788794746,3.0,besten Drittel
