Land;Jahr;Anm;Insgesamt;"Kl�rgas, Deponiegas";Wasserkraft;Windkraft;Solarenergie;"Biomasse 1)";"Sonstige erneuerbare Energien 2)";Stand
Baden-W�rttemberg;1990;;28213;1932;14113;0;0;12168;0;
Baden-W�rttemberg;1991;;28554;2036;13428;0;0;13090;0;
Baden-W�rttemberg;1992;;29219;2238;15268;0;0;11713;0;
Baden-W�rttemberg;1993;;30326;3164;15197;0;0;11965;0;
Baden-W�rttemberg;1994;;32098;2995;16401;0;0;12702;0;
Baden-W�rttemberg;1995;;31473;3098;17041;0;0;11334;0;
Baden-W�rttemberg;1996;;30216;3734;14587;0;0;11895;0;
Baden-W�rttemberg;1997;;33641;3725;16136;0;0;13780;0;
Baden-W�rttemberg;1998;;32823;4253;13283;67;0;14183;1037;
Baden-W�rttemberg;1999;;35553;4007;15588;137;0;14784;1037;
Baden-W�rttemberg;2000;;43039;4424;21141;192;0;16048;1234;
Baden-W�rttemberg;2001;;48943;6662;18480;400;0;22167;1234;
Baden-W�rttemberg;2002;;42475;4504;18488;744;0;17505;1234;
Baden-W�rttemberg;2003;;71560;3462;14103;844;1610;50331;1210;31.03.2009
Baden-W�rttemberg;2004;;80391;3703;15935;1103;2006;56412;1232;31.03.2009
Baden-W�rttemberg;2005;;97860;3785;17677;1123;2462;71555;1258;31.03.2009
Baden-W�rttemberg;2006;;125943;3547;18671;1424;3393;97644;1264;20.08.2009
Baden-W�rttemberg;2007;;138862;3673;18941;2110;4382;108169;1587;31.08.2009
Baden-W�rttemberg;2008;;141628;3413;16887;2212;5757;110246;3113;15.04.2011
Baden-W�rttemberg;2009;;144194;3199;16093;1962;8231;111506;3203;18.04.2011
Baden-W�rttemberg;2010;;163147.17151567602;3255;18477;1949;10945;124914.171515676;3607;30.07.2013
Baden-W�rttemberg;2011;;149271;2888;15856;2121;16237;108078;4091;12.11.2013
Baden-W�rttemberg;2012;;168533.65689999997;2739.8425;17802.4073;2397.8998;19555.938;120430.6719;5606.8974;16.03.2015
Baden-W�rttemberg;2013;;171161.02999999997;2917.09;20217.25;2399.76;19650.32;119823.31;6153.3;18.03.2016
Baden-W�rttemberg;2014;;171959.90000000002;3013.41;17289.98;2443.45;22278.57;120164.17;6770.32;13.02.2017
Baden-W�rttemberg;2015;;174537.83200540952;3065.743725915283;15481.186554076;2992.674312;23453.820212;122229.93522286288;7314.47197855537;31.01.2018
Baden-W�rttemberg;2016;;183392.95095285316;2999.775704350319;17459.0945111961;4444.678872;22971.686682;127458.79164543233;8058.923537874371;01.02.2019
Baden-W�rttemberg;2017;;185475.95932592955;3031.529380684932;15824.3369144025;7133.693976;23968.030776;126462.78526815787;9055.58301068424;05.03.2020
Baden-W�rttemberg;2018;;195759.28693056054;3030.312711428571;15005.085084;9291.66864875948;25471.3806;133074.73831889167;9886.101567480851;09.03.2021
Baden-W�rttemberg;2019;p);199506.71286208538;2998.043562857143;16261.447506799;10471.9135135135;25564.3107474525;133406.5552588082;10804.442272655;11.03.2021
Baden-W�rttemberg;2020;;;;;;;;;
Bayern;1990;;61349.83756896769;2539;38707.2;0;0;20103.63756896769;0;04.02.2021
Bayern;1991;;56973.7689521922;2793;35349.3606138107;0;0;18831.4083383815;0;04.02.2021
Bayern;1992;;63259.38127513779;2888;41464.8;0;0;18906.58127513779;0;04.02.2021
Bayern;1993;;65039.9201371678;2831;43596;0;0;18612.9201371678;0;04.02.2021
Bayern;1994;;68275.4;2673;44114.4;0;0;21488;0;04.02.2021
Bayern;1995;;108068.6;3125;47205;0;0;55027.6;2711;04.02.2021
Bayern;1996;;105929.4;3487;42858;0;0;56243.4;3341;12.10.2016
Bayern;1997;;106513.57587164649;3646;41903;0;0;56762.8;4201.77587164649;12.10.2016
Bayern;1998;;110107.01117379172;3089.8293737917243;44372.3544;270;586.4;60628.42739999999;1160;12.10.2016
Bayern;1999;;120086.73153518279;2573.8098499933203;49907.56896;330;1001.4;65023.95272518948;1250;27.09.2001
Bayern;2000;;129444.86387730992;2874.74733330991;50917.81104;412;1255.3;72658.005504;1327;08.12.2002
Bayern;2001;;133220.66827140778;2882.09650340778;51034.463568;485;1387;75694.1082;1738;28.11.2003
Bayern;2002;;145946.97346059722;2854.96698059724;57166.72848;473.2704;2942.9304;80744.07720000001;1765;10.01.2005
Bayern;2003;;138729.98598372898;2946.69370372898;43074.44928;606.6432;2988.0502;87256.88960000001;1857.2599999999998;29.11.2006
Bayern;2004;;145225.3926586419;3955.81386023894;44981.950398403;835.4736;3652.0476;89192.6956;2607.4116000000004;28.09.2019
Bayern;2005;;161614.06838860028;3867.0902104394236;42404.59206;861.614028;5311.57101450624;107193.00130394779;1976.19977170683;26.10.2009
Bayern;2006;;190028.55811960038;3946.6348649901897;43310.65626;1273.340772;7837.50154286214;131463.7524485135;2196.67223123447;18.11.2009
Bayern;2007;;206331.15480136054;3997.24573570482;46213.184988;1885.364208;10017.2987079469;140318.0488740531;3900.01228765575;30.11.2009
Bayern;2008;;206977.89295662788;3598.438621358542;45278.2242;1969.606656;12705.6508359127;138931.38674915052;4494.5858942061295;29.04.2013
Bayern;2009;;214681.9753990594;3477.880270702225;43152.532704;2005.619544;15560.6705171435;145591.19790174539;4894.0744614683;04.02.2021
Bayern;2010;;269358.82179099997;3306.4140687999998;45110.372292;2162.243916;22917.3093682;190231.54432870002;5630.9378173;04.02.2021
Bayern;2011;;288426;3356;38688;2842;32366;204773;6401;07.03.2017
Bayern;2012;;307829.2296983504;3414.440167123288;47203.6149531953;4043.865996;38843.377272;206101.44998510132;8222.48132493047;30.12.2015
Bayern;2013;;319169.620085;3565.766467;47315.71423;4851.27792;40581.16423;213156.83857000002;9698.858667999999;21.21.2015
Bayern;2014;;314707.12540160003;3638.1912616;40534.57297;6491.179764;45978.75068;205260.830084;12803.600642000001;21.11.2018
Bayern;2015;;330370.79217470007;3630.1094107;40343.21545;10022.6336;48836.93321;213724.64012;13813.260384;21.11.2018
Bayern;2016;;346265.68420623004;3638.54919123;43703.09419;11645.47854;48328.98998;224618.53596;14331.036345;21.11.2018
Bayern;2017;;359518.41988499;3748.15797699;43775.34328;16647.94228;50243.75837;228395.14217999997;16708.075797999998;21.11.2019
Bayern;2018;;360560.92744056997;3902.5120465699997;38304.53709;16564.44244;53153.9248;233150.423114;15485.08795;04.02.2021
Bayern;2019;;375733.63185013994;3743.92787014;42931.00551;17981.04066;53786.78536;240306.16971000002;16984.70274;14.01.2022
Bayern;2020;;;;;;;;;
Berlin;1990;;2251.4;572;0;0;0;1679.4;0;10.03.2022
Berlin;1991;;2578;263;0;0;0;2315;0;10.03.2022
Berlin;1992;;2522.8;215;0;0;0;2307.8;0;10.03.2022
Berlin;1993;;2117.2;215;0;0;0;1902.2;0;10.03.2022
Berlin;1994;;2153.4;217;0;0;0;1936.4;0;10.03.2022
Berlin;1995;;1837.8;193;0;0;0;1644.8;0;10.03.2022
Berlin;1996;;1678.8;165;0;0;0;1513.8;0;10.03.2022
Berlin;1997;;1305;141;0;0;0;1164;0;10.03.2022
Berlin;1998;;1921.1598374;161.6724;0;0;0;1759.4874374;0;10.03.2022
Berlin;1999;;2140.8879712;141.0984;0;0;0;1999.7895712;0;10.03.2022
Berlin;2000;;2454.7493231999997;139.4028;0;0;0;2315.3465232;0;10.03.2022
Berlin;2001;;2242.332075400003;123.134246800003;0;0;0;2119.1978286;0;10.03.2022
Berlin;2002;;2242.5070266;124.2324;0;0;0;2118.2746266;0;10.03.2022
Berlin;2003;;2367.1286;1.6884;0;0;7.2;2296.2266;62.0136;10.03.2022
Berlin;2004;;3211.3866;0;0;0;44.1936;3104.0418;63.1512;10.03.2022
Berlin;2005;;3713.416052;0;0;0;65.6064;3419.985128;227.824524;10.03.2022
Berlin;2006;;5406.7002;0;0;0;69.0192;5267.881;69.8;10.03.2022
Berlin;2007;;6247.365735;144.308;0;0;73.3752;5927.082535;102.6;10.03.2022
Berlin;2008;;6398.7361123;146.548;0;8.2188;85.752;5914.6173123;243.6;10.03.2022
Berlin;2009;;8301.72238830359;136.172;0;18.8352;111.276;7784.83918830359;250.6;10.03.2022
Berlin;2010;;9676.81500800807;26.065;0;17.2279942868802;159.177492;7093.79259672119;2380.551925;10.03.2022
Berlin;2011;;9437.112724087858;27.327;0;20.972497468098;240.393528;6592.08014861976;2556.33955;10.03.2022
Berlin;2012;;10560.688892006809;26.101;0;19.2527853881279;280.302696;7789.47971061868;2445.5527;10.03.2022
Berlin;2013;;11330.955001529124;22.735;0;17.9688197621226;279.351216;8287.112545767;2723.78742;10.03.2022
Berlin;2014;;11237.840525495867;18.31;0;21.4707430309174;315.934992;8081.33537046495;2800.78942;10.03.2022
Berlin;2015;;11200.314084999789;24.298;0;43.8103919781222;329.9112;10278.8651223611;523.429370660568;10.03.2022
Berlin;2016;;11221.474028942535;18.669;0;69.8374298827129;328.734;10263.448334528997;540.785264530825;10.03.2022
Berlin;2017;;11569.63793924856;16.516;0;100.3464;328.1976;10522.153944259284;602.423994989276;10.03.2022
Berlin;2018;;13928.487093703756;13.437;0;102.286754191693;423.345;12744.499457679458;644.918881832606;10.03.2022
Berlin;2019;;14795.581513567968;271.253150684931;0;106.822549517522;389.9114;13346.1705876232;681.423825742315;10.03.2022
Berlin;2020;" p )";14517.497827680467;13.4;0;100.642762823768;465.9624;13207.892664856696;729.6;10.03.2022
Brandenburg;1990;;964;373;18;0;0;573;0;10.03.2022
Brandenburg;1991;;2268;439;18;0;0;1241;570;10.03.2022
Brandenburg;1992;;2554;401;18;0;0;1149;986;10.03.2022
Brandenburg;1993;;2784;464;14;0;0;1028;1278;10.03.2022
Brandenburg;1994;;8067.26399999997;464;14;1801.26399999997;0;913;4875;10.03.2022
Brandenburg;1995;;8408.3392;482;56.3472;133.992;0;2574;5162;10.03.2022
Brandenburg;1996;;2809.342;534;64.35;187.992;0;1659;364;10.03.2022
Brandenburg;1997;;3363.504;613;43.6644;541.8396;0;2077;88;10.03.2022
Brandenburg;1998;;7704.022;882;49.1904;639.8316;0;6024;109;10.03.2022
Brandenburg;1999;;9966.63335985276;983.743912;46.9152;884.7468;0;7942.22744785276;109;10.03.2022
Brandenburg;2000;;10941.234208599999;1183.7549136;54.2376;1758.2328;0;7836.008895000001;109;10.03.2022
Brandenburg;2001;;13666.9389185439;1313.4560539511;62.2764;2561.9832;2.7;6074.6517826087;3651.8714819841;10.03.2022
Brandenburg;2002;;18867.09258669006;739.685988429162;74.97;4792.0248;4.7268;12980.3381582609;275.34684;10.03.2022
Brandenburg;2003;;34873.66019545415;856.556428724695;47.7252;7374.79343449985;68.1468;26376.3943322296;150.044;10.03.2022
Brandenburg;2004;;41016.09993217455;1767.66652012735;42.2208;11401.0114989733;70.6776;27578.7515130739;155.772;10.03.2022
Brandenburg;2005;;48686.995080902525;2874.74233720103;55.1124;12778.0197044335;85.3512;32756.495439268;137.274;10.03.2022
Brandenburg;2006;;55780.107757865335;3038.98434506443;53.0316;15240.1909258879;115.9504;37031.679868913;300.270618;10.03.2022
Brandenburg;2007;;75582.59967610009;3263.27431374088;53.442;22416.4908701418;156.9468;49152.2090922174;540.2366;10.03.2022
Brandenburg;2008;;68437.14907492902;3016.99711226142;45.3744;22467.892984785;304.0672;41745.0373778826;857.78;10.03.2022
Brandenburg;2009;;74844.08942872306;3010.63322409645;39.8268;22405.0868761553;486.802;48017.2085284713;884.532;10.03.2022
Brandenburg;2010;;91442.41773369422;2900.59601072923;52.538508;23058.6128867361;1433.285892;63022.2116362289;975.1728;10.03.2022
Brandenburg;2011;;102603.953663015;2881.677185009;46.6812;28444.087831656;3210.1632;66937.30424635;1084.04;10.03.2022
Brandenburg;2012;;102195.15582729282;2012.57744657534;99.178992;27609.2190947175;6314.309856;64764.584438;1395.286;10.03.2022
Brandenburg;2013;;99137.31668949626;1878.41612328767;83.416104;27659.3608160755;8629.220412;59399.7032341331;1487.2;10.03.2022
Brandenburg;2014;;102814.33353225123;1814.92687671233;77.0148;29277.4431052094;10056.2292;60002.0387503295;1586.6808;10.03.2022
Brandenburg;2015;;106868.92545371501;1616.44770328767;65.916;34579.8009123163;10966.2876;57968.3932424926;1672.07999561844;10.03.2022
Brandenburg;2016;;106543.6354193709;1575.8076115068488;69.3396;32748.3116406966;10822.1688;59666.325381441035;1661.6823857263898;10.03.2022
Brandenburg;2017;;117324.13707001493;1561.764739726027;77.5008;42591.431542461;11026.548;60164.947425019076;1901.9445628088201;10.03.2022
Brandenburg;2018;;119083.22371846247;1500.374602739726;23.958;42616.2003692308;13593.4596;59326.646382422885;2022.58476406904;10.03.2022
Brandenburg;2019;;128501.06486421879;1536.979788082192;46.1052;48057.8817050785;13695.0804;63019.34209175968;2145.67567929843;10.03.2022
Brandenburg;2020;;;;;;;;;
Bremen;1990;;2451.4489428638;353.57888797429;0;0.169092;0;2097.7009628895103;0;18.11.2020
Bremen;1991;;2616.3740122355994;378.753936863263;0;0.828;0;2236.7920753723365;0;25.06.2019
Bremen;1992;;2444.2090505108863;384.565541420313;0;5.9252;0;2053.7183090905733;0;25.06.2019
Bremen;1993;;2688.204062919316;403.198482951066;0;10.821528;0.0828;2274.10125196825;0;25.06.2019
Bremen;1994;;2270.6582909513745;370.955929254705;0;20.377656;0.141192;1879.1835136966697;0;13.06.2019
Bremen;1995;;2781.451245997472;329.559188797992;0;20.826414;0.1601748;2430.90546839948;0;13.06.2019
Bremen;1996;;2740.64741887723;319.81287255207;0;18.4181724;0.1614348;2402.2549391251596;0;13.06.2019
Bremen;1997;;2759.613076200355;376.353538489335;0;23.202882;4.9322628;2355.12439291102;0;13.06.2019
Bremen;1998;;2821.955453470065;315.921928913425;0;39.976308;5.138874;2449.8702665566398;11.048076;13.06.2019
Bremen;1999;;3068.272307945935;323.700033766625;0;47.8361376;6.8426964;2678.8450401793098;11.0484;13.06.2019
Bremen;2000;;3147.491481030847;319.058549119197;0;60.1392816;8.1583236;2749.08692671165;11.0484;18.06.2019
Bremen;2001;;3090.753618932116;327.330260316186;0;45.9807156;10.003536;2694.2915110159297;13.147596;18.06.2019
Bremen;2002;;3257.226282917959;318.163825706399;0;71.5660992;12.028374;2842.32038801156;13.147596;18.06.2019
Bremen;2003;" LAK3)";4441.33846261562;299.096671796437;0;137.994878815053;15.664176;3975.70357469026;12.8791613138702;10.05.2022
Bremen;2004;" LAK3)";3755.319886272295;304.337221274538;0;187.56567714271;16.5674463207912;3233.73423198755;13.1153095467056;10.05.2022
Bremen;2005;" LAK3)";6152.447865887508;303.006925308406;0;256.187801545261;17.2070524675381;5562.90160844824;13.1444781180622;10.05.2022
Bremen;2006;" LAK3)";6184.376606311323;313.543274411756;0;307.164891184948;21.44979;5530.66245390982;11.5561968047983;10.05.2022
Bremen;2007;" LAK3)";6466.403156005996;311.307363398385;0;445.073724613004;13.3588302393118;5682.84288744492;13.8203503103751;10.05.2022
Bremen;2008;" LAK3)";7464.916271636369;329.92926597449;0;537.590259705315;16.6396463168882;6566.22191864315;14.5351809965258;10.05.2022
Bremen;2009;" LAK3)";8142.321475764844;317.923852307828;0;568.336335782104;21.2251831247609;7219.10547804196;15.730626508192;10.05.2022
Bremen;2010;" LAK3)";8905.043850029879;341.072492121466;0;605.757736654365;36.2133153536309;7902.49273076914;19.5075751312781;10.05.2022
Bremen;2011;" LAK3)";8450.150070571019;302.04;0;920.996306176078;81.4579092;7124.90127165407;20.7545835408708;10.05.2022
Bremen;2012;" LAK3)";8909.980962159032;310.273694496;85.1436;939.46306651952;108.113526;7421.5497518401;45.4373233034125;10.05.2022
Bremen;2013;" LAK3)";9887.398182632222;323.195376685904;151.2324;959.421544937402;127.6299648;8272.29482462029;53.6240715886255;10.05.2022
Bremen;2014;" LAK3)";11858.07992271708;300.18697562016;143.496;1060.84895943512;153.972610126662;10140.9747791492;58.6005983859373;10.05.2022
Bremen;2015;" LAK3)";10913.628637271995;322.514710038216;118.386;1249.89106633706;174.027816;8987.83707216862;60.9719727280993;10.05.2022
Bremen;2016;" LAK3)";10333.932928907403;319.502;133.3152;1043.50577021484;177.2711388;8589.58524266757;70.7535772249944;06.04.2022
Bremen;2017;" LAK3)";10332.969834401569;319.633;138.9744;1168.36827985465;179.9970192;8446.897499284498;79.0996360624193;03.02.2022
Bremen;2018;" LAK3)";9932.969268125793;324.7414383561644;110.2788;1234.1147990182;185.821416;7996.776828349957;81.2359864014709;14.12.2021
Bremen;2019;;9398.68880525406;310.82943835616436;106.6932;1503.46039165055;194.195255627569;7182.041913635566;101.468605984214;14.12.2021
Bremen;2020;" p)";9569.805690749628;324.704;104.94;1498.8808940788;205.800593106445;7314.983181808519;120.497021755864;22.06.2022
Hamburg;1990;" LAK3)";1958.3958768575699;586.16;0;0;0;1372.23587685757;0;30.06.2022
Hamburg;1991;;2033.9751999999999;644.776;0;0;0;1389.1992;0;30.06.2022
Hamburg;1992;;1957.4494817457798;586.16;0;0;0;1371.28948174578;0;30.06.2022
Hamburg;1993;;1959.3054709346998;586.16;0;0;0;1373.1454709347;0;30.06.2022
Hamburg;1994;;1957.5726623327;586.16;0;0;0;1371.4126623327;0;30.06.2022
Hamburg;1995;;2460.2;610;0;7;0;1843.2;0;30.06.2022
Hamburg;1996;;2486.6;635;0;36;0;1815.6;0;30.06.2022
Hamburg;1997;;2651.2;626;0;53;0;1972.2;0;30.06.2022
Hamburg;1998;;;;;;;;;
Hamburg;1999;;;;;;;;;
Hamburg;2000;;;;;;;;;
Hamburg;2001;;;;;;;;;
Hamburg;2002;;;;;;;;;
Hamburg;2003;" LAK3)";5426.154503819419;752.3239;1.5984;159.021609384647;44.49672;4366.405474434773;102.3084;30.06.2022
Hamburg;2004;" LAK3)";6923.086822530783;763.7449;2.52;174.612194621228;48.28626;5829.739467909556;104.184;30.06.2022
Hamburg;2005;" LAK3)";8534.596187169613;726.723;2.3652;164.7801578354;52.7859;7481.738329334212;106.2036;30.06.2022
Hamburg;2006;" LAK3)";12688.916588890579;769.1265794520548;2.124;161.29520295203;58.5135;11599.357306486496;98.5;30.06.2022
Hamburg;2007;" LAK3)";14366.141058117331;746.725444416012;2.7432;195.286764705882;69.15942;13243.726228995436;108.5;30.06.2022
Hamburg;2008;" LAK3)";12721.4296281453;721.5614468159705;2.1708;187.500306685749;83.40456042;11552.136914223582;174.6556;30.06.2022
Hamburg;2009;" LAK3)";13362.573170936543;702.3344597571182;1.692;178.992558897295;101.65044042;12198.24204934854;179.66166251359;30.06.2022
Hamburg;2010;" LAK3)";12785.888000963267;738.6892799681459;1.895472;222.730261606866;119.027556;11502.287574221398;201.257857166857;30.06.2022
Hamburg;2011;" LAK3)";12258.672659376518;747.8808602739726;1.799172;299.522545197455;140.232492;10841.091623305249;228.145966599841;30.06.2022
Hamburg;2012;" LAK3)";12664.745766494369;782.4564656164384;1.662336;299.871218616044;184.367664;11103.277296511711;293.110785750176;30.06.2022
Hamburg;2013;" LAK3)";11483.52181705226;740.4058690410959;1.830168;275.214357713583;197.84502;9953.671441766739;314.554960530843;30.06.2022
Hamburg;2014;" LAK3)";12515.024222467931;766.8631050684933;1.317348;307.594621266184;207.265068;10892.83846263867;339.145617494584;30.06.2022
Hamburg;2015;" LAK3)";12625.563692777458;790.9523550684931;1.657224;389.942134023343;225.569916;10857.617140087079;359.824923598544;30.06.2022
Hamburg;2016;" LAK3)";11834.95613669737;800.4512205479452;1.730484;329.523743096748;223.742664;10100.000882142085;379.507142910594;30.06.2022
Hamburg;2017;" LAK3)";12220.303439856925;798.3108806849315;2.386296;556.433208469055;221.37984;10239.558637983953;402.23457671898603;30.06.2022
Hamburg;2018;" LAK3)";13240.863372676913;816.1280821917808;1.2708;769.371112929624;245.2926;10982.274286703214;426.526490852294;30.06.2022
Hamburg;2019;" LAK3)";13247.113839327156;840.8664285714286;1.3212;869.150707235168;242.092;10841.634925862572;452.048577657988;30.06.2022
Hamburg;2020;" p)";13301.168115395396;865.5045714285714;1.1268;848.06044014545;253.5204;10844.971210963853;487.984692857523;30.06.2022
Hessen;1990;;8336;1188;643;0;0;6505;0;31.07.2007
Hessen;1991;;8834;1146;558;0;0;7130;0;08.03.2007
Hessen;1992;;9039;1674;774;0;0;6591;0;09.06.2009
Hessen;1993;;9024;1951;663;0;0;6410;0;21.09.2009
Hessen;1994;;9258;1879;848;0;0;6531;0;12.05.2003
Hessen;1995;;9532;0;1026;0;0;8506;0;06.03.2006
Hessen;1996;;7811;0;795;0;0;7016;0;06.03.2006
Hessen;1997;;8465;0;727;0;0;7738;0;03.12.2002
Hessen;1998;;8586;0;878;0;0;7708;0;03.12.2002
Hessen;1999;;7979;0;904;0;0;7075;0;03.12.2002
Hessen;2000;;20157;1886;1220;778;0;16273;0;01.10.2008
Hessen;2001;;24495;2226;1663.2;1000.8;0;19605;0;01.10.2008
Hessen;2002;;25163;3108;1397;1318;0;19340;0;01.10.2008
Hessen;2003;;31149;3005;1047;1323;482;24959;333;06.02.2014
Hessen;2004;;34076;3293;1227;1653;677;26886;340;02.03.2015
Hessen;2005;;38494;2582;1417;1821;791;31571;312;16.03.2009
Hessen;2006;;50600;3090;1415;2082;918;42752;343;16.03.2009
Hessen;2007;;50852;2692;1728;2526;1220;42226;460;30.11.2010
Hessen;2008;;52618;2418;1614;2457;1633;43507;989;19.05.2011
Hessen;2009;;54222;2358;1651;2389;2099;44702;1023;02.04.2012
Hessen;2010;;67986.07085192142;2093;1897;2412.45894184293;3123;57323.6119100785;1137;23.01.2013
Hessen;2011;;68966;2202;1261;3180;4837;56177;1309;16.12.2013
Hessen;2012;;71178.70199999999;1698.485;1148.18;3701.145;6161.684;56642.251;1826.957;18.03.2015
Hessen;2013;;73964.32993097164;1592.14043;1411.688664;4412.007144;6637.851216;57901.90542;2008.73705697165;01.12.2016
Hessen;2014;;73955.14393074915;1597.40375136986;1065.24;5143.9005;7201.049148;56722.206996901;2225.34353447829;25.01.2017
Hessen;2015;;79163.09162793146;1731.96207232877;1072.463256;7578.7092;7668.9972;58703.7497404544;2407.21015914829;04.04.2018
Hessen;2016;;82710.85933299112;1683.3171743835621;1136.0196;7934.8392;7508.9772;61843.56555176346;2604.1406068441197;13.11.2018
Hessen;2017;;86436.28845644627;1699.2644597260269;1055.2788;11644.6284;7575.5916;61548.53192293103;2912.9932737892;19.02.2020
Hessen;2018;;95443.90882533562;1730.643479452055;728.323096100434;13800.5010612;8364.4282;67636.72394818589;3183.28904039723;09.12.2020
Hessen;2019;" p)";96089.901706892;1890.126851506849;819.413887182085;15218.1948091603;8446.82772431928;66230.99528301535;3484.34315170812;28.01.2021
Hessen;2020;;;;;;;;;
Mecklenburg-Vorpommern;1990;;1574.2;23;7.2;0;0;1544;0;03.07.2018
Mecklenburg-Vorpommern;1991;;784.2;23;7.2;0;0;754;0;03.07.2018
Mecklenburg-Vorpommern;1992;;444.2;6;7.2;0;0;431;0;03.07.2018
Mecklenburg-Vorpommern;1993;;1300;13;22;0;0;1265;0;03.07.2018
Mecklenburg-Vorpommern;1994;;1587;29;18;629;0;826;85;03.07.2018
Mecklenburg-Vorpommern;1995;;2428;157;18;332;0;1776;145;03.07.2018
Mecklenburg-Vorpommern;1996;;2748;157;18;460;0;2012;101;03.07.2018
Mecklenburg-Vorpommern;1997;;2215.5286;270.2986;7.65;697.78;0;580;659.8;03.07.2018
Mecklenburg-Vorpommern;1998;;2966.2054;420.6422;18.1656;1041.3576;0;466;1020.04;03.07.2018
Mecklenburg-Vorpommern;1999;;7772.403751048;253.093696048;25.0164;2499.6528;0;4947.9092550000005;46.7316;03.07.2018
Mecklenburg-Vorpommern;2000;;7441.353644;1074.8456;14.832;2405.1312;0;3889.481244;57.0636;03.07.2018
Mecklenburg-Vorpommern;2001;;7772;253;25;2500;0;4947;47;03.07.2018
Mecklenburg-Vorpommern;2002;;11054.4;2126.3;35.2;4086.7;0;4734.3;71.9;03.07.2018
Mecklenburg-Vorpommern;2003;;12377.7;793.2;27.9;4657.7;59;6646.8;193.1;03.07.2018
Mecklenburg-Vorpommern;2004;;17527.1;828;20.5;6131;65.8;10285;196.8;03.07.2018
Mecklenburg-Vorpommern;2005;;21209.300000000003;1020.7;20.9;6387.1;90;13476.2;214.4;03.07.2018
Mecklenburg-Vorpommern;2006;;27817.6;1031.9;22.2;6109.3;121.1;20304.8;228.3;03.07.2018
Mecklenburg-Vorpommern;2007;;35128.7;995.6;29.5;9119.9;150.5;24570.1;263.1;03.07.2018
Mecklenburg-Vorpommern;2008;;46662.4;934.3;25.3;9289.8;185.5;35787.2;440.3;03.07.2018
Mecklenburg-Vorpommern;2009;;48528.700000000004;887.3;15;8713.8;293.2;38175.3;444.1;03.07.2018
Mecklenburg-Vorpommern;2010;;46780.5;807.4;24.4;9186.3;529.7;35738.7;494;03.07.2018
Mecklenburg-Vorpommern;2011;;54108.1;693.1;30.6;11045.2;1121.8;40720;497.4;03.07.2018
Mecklenburg-Vorpommern;2012;;63945.3;607;23.9;11520.8;1883.7;49238.9;671;03.07.2018
Mecklenburg-Vorpommern;2013;;67070.5;634.6;27.5;13277.9;3277.7;49154.8;698;07.01.2021
Mecklenburg-Vorpommern;2014;;74334.40000000001;595.6;18.9;15840.7;4124.1;53056;699.1;07.01.2021
Mecklenburg-Vorpommern;2015;;79306.82833364584;767.117785255577;24.06474;21993.727716;4568.42881259051;51186.97545458189;766.513825217865;07.01.2021
Mecklenburg-Vorpommern;2016;;80673.03214015362;802.10761159784;17.855496;21661.1748;4829.19554392701;52559.20664036866;803.492048260095;07.01.2021
Mecklenburg-Vorpommern;2017;;69045.59898384659;684.2691604486299;29.1276;27537.738642;4853.7144;35083.228613909465;857.520567488516;15.07.2021
Mecklenburg-Vorpommern;2018;;72842.98969494188;634.510405479452;28.8;30234.848795622;6164.0532;34865.91075919078;914.866534649643;15.07.2021
Mecklenburg-Vorpommern;2019;;;;;;;;;
Mecklenburg-Vorpommern;2020;;;;;;;;;
Niedersachsen;1990;;12020.770151160315;1104;626.570151160315;0;0;10290.2;0;
Niedersachsen;1991;;10669.0830445413;1104;608.483044541299;0;0;8956.6;0;
Niedersachsen;1992;;;;;;;;;
Niedersachsen;1993;;;;;;;;;
Niedersachsen;1994;;10162.069795744681;1199.55;835.276595744681;0;0;8127.2432;0;
Niedersachsen;1995;;;;;;;;;
Niedersachsen;1996;;6516.2528;1279.52;644;2008;0;2584.7328;0;
Niedersachsen;1997;;;;;;;;;
Niedersachsen;1998;;19300.9850200433;1820.2414460433;875.214;4560.1632;0;11451.69995;593.666424;
Niedersachsen;1999;;;;;;;;;
Niedersachsen;2000;;25335.17946701331;2050.39734301331;895.2618;9299.772;0;12677.3491;412.399224;
Niedersachsen;2001;;;;;;;;;
Niedersachsen;2002;;31811.9392157977;3793.4860159809;880.9462;12999.7116;0;13538.6127758168;599.182624;
Niedersachsen;2003;;;;;;;;;
Niedersachsen;2004;LAK3);76808.6943979;10388.72115;1110.634523;26329.03511;955.509979;37549.377;475.4166359;28.02.2022
Niedersachsen;2005;;;;;;;;;
Niedersachsen;2006;LAK3);118872.7052011;20988.12327;1036.974692;29602.89036;848.9930754;65894.80449;500.9193137;28.02.2022
Niedersachsen;2007;;;;;;;;;
Niedersachsen;2008;LAK3);158162.9347850621;2352.162780135831;1044.0409104;38813.7078473781;1596.000608;113141.82263914817;1215.2;28.02.2022
Niedersachsen;2009;LAK3);166337.58861094463;2335.4614864707573;1145.595798;36337.1282877344;2111.79529959975;123162.3520823325;1245.25565680721;28.02.2022
Niedersachsen;2010;LAK3);187777.57163235755;2283.430187489749;1316.0589192;35671.5704309301;4046.3408182554;143100.3517374231;1359.81953905918;28.02.2022
Niedersachsen;2011;LAK3);177564.23003779305;2185.913578695652;847.2212028;43296.0480482628;7384.327524;122328.56688913022;1522.15279490439;28.02.2022
Niedersachsen;2012;LAK3);206398.07904924676;2003.848566849315;966.412206;46369.3978189846;11099.622888;144091.90662420547;1866.89094520737;28.02.2022
Niedersachsen;2013;LAK3);205464.6751473458;1878.4831232876709;1042.6390092;47554.5557936827;11336.935572;141644.2580694841;2007.80357969134;28.02.2022
Niedersachsen;2014;LAK3);206777.05623764367;1954.468;854.0712;51364.9205159968;12314.8548;138080.64297282128;2208.09874882558;28.02.2022
Niedersachsen;2015;LAK3);230767.70499637103;1971.3980000000001;867.0996;70170.9869057117;12994.0705;142360.3673012402;2403.78268941914;28.02.2022
Niedersachsen;2016;LAK3);235512.87415559246;1865.009;962.0784;70940.8899059689;12879.792;146258.43645997957;2606.66838964395;28.02.2022
Niedersachsen;2017;LAK3);257366.93184710437;1861.038;839.2068;98693.828140089;12302.3448;140820.10760708887;2850.40649992646;28.02.2022
Niedersachsen;2018;LAK3);279742.20583889994;1832.6433699000002;848.7504;108327.7919;14564.304;151043.66044500002;3125.055724;28.02.2022
Niedersachsen;2019;;298385.86555570003;1868.3762877;899.7192;123963.9593;14942.6828;153309.291255;3401.836713;30.11.2021
Niedersachsen;2020;p);;1845.5974286;;134589.0816;15731.9492;141200.26426;3718.285685;04.07.2022
Nordrhein-Westfalen;1990;;16686.07071535018;3150.818;1264.25377900788;0;0;12270.9989363423;0;12.03.2021
Nordrhein-Westfalen;1991;;17043.26744977143;3310.758;1138.89656638673;0;0;12593.6128833847;0;18.03.2021
Nordrhein-Westfalen;1992;;17451.302468302052;3246.782;1505.06530742275;0;0;12699.4551608793;0;12.03.2021
Nordrhein-Westfalen;1993;;17462.42509603073;3007;1528.42509603073;0;0;12927;0;12.03.2021
Nordrhein-Westfalen;1994;;19602.082852772466;2974.884;2031.73996175908;520.458891013384;0;14075;0;12.03.2021
Nordrhein-Westfalen;1995;;20396;3887;1804;245;0;14113;347;12.03.2021
Nordrhein-Westfalen;1996;;21894;7266;1146;301;0;12961;220;12.03.2021
Nordrhein-Westfalen;1997;;25286;9128;1410;715;0;12963;1070;12.03.2021
Nordrhein-Westfalen;1998;;27290;8184;1951;1307;0;14720;1128;12.03.2021
Nordrhein-Westfalen;1999;;36900;7117;1868;1899;0;24898;1118;12.03.2021
Nordrhein-Westfalen;2000;;37303;7291;1995;2684;0;24668;665;18.03.2021
Nordrhein-Westfalen;2001;;48128;10907;3105;5637;0;25662;2817;18.03.2021
Nordrhein-Westfalen;2002;;49676;7353;3026;8609;144;27430;3114;12.03.2021
Nordrhein-Westfalen;2003;;50068;7585;1478;10797;924;27173;2111;12.03.2021
Nordrhein-Westfalen;2004;;81732;10187;2039;10762;1247;54653;2844;12.03.2021
Nordrhein-Westfalen;2005;;107652;8831;2308;11048;1593;77972;5900;12.03.2021
Nordrhein-Westfalen;2006;;139633;8145;2226;13093;1702;110081;4386;12.03.2021
Nordrhein-Westfalen;2007;;151615;8224;2843;14960;2057;122231;1300;12.03.2021
Nordrhein-Westfalen;2008;;150302;8577;2896;14118;3531;118897;2283;12.03.2021
Nordrhein-Westfalen;2009;;155217.144;7644.144;2143;14882;3998;124190;2360;12.03.2021
Nordrhein-Westfalen;2010;;161995.248;7931.248;2210;13865;6229;129060;2700;12.03.2021
Nordrhein-Westfalen;2011;;162463.592;7500.592;1813;17545;9877;122635;3093;12.03.2021
Nordrhein-Westfalen;2012;;179276.928;7392.928;2457;16508;12335;136335;4249;12.03.2021
Nordrhein-Westfalen;2013;;178791.712;7141.712;1682;17745;13682;133814;4727;12.03.2021
Nordrhein-Westfalen;2014;;177528.91999999998;7715.92;1748;19121;15179;128379;5386;12.03.2021
Nordrhein-Westfalen;2015;;191336.55845306112;6329.3745303939995;1242.4536;24482.538;16241.9572;137200.8571251522;5839.37799751491;12.03.2021
Nordrhein-Westfalen;2016;;194957.39474178915;6278.917622976;1257.1164;23444.5428;15833.7028;141669.00210855124;6474.11301026194;11.07.2019
Nordrhein-Westfalen;2017;;202190.84587847197;6317.672060374;1343.7108;31879.3644;15541.83919;139962.87516677965;7145.38426131832;14.02.2020
Nordrhein-Westfalen;2018;;200760.5424236215;6498.66499626969;1518.4008;34627.2103242;17742.797;132541.59947586159;7831.86982729019;01.03.2021
Nordrhein-Westfalen;2019;;210199.36073876615;6578.088500116561;1813.09372243617;41052.9102054926;17704.6716;135221.66948343063;7828.92722729019;10.01.2022
Nordrhein-Westfalen;2020;;;;;;;;;
Rheinland-Pfalz;1990;;5063;0;3143;0;0;1920;0;30.06.2022
Rheinland-Pfalz;1991;;5174;0;2786;0;0;2388;0;30.06.2022
Rheinland-Pfalz;1992;;4987;0;3492;0;0;1495;0;30.06.2022
Rheinland-Pfalz;1993;;4587;0;2945;0;0;1642;0;30.06.2022
Rheinland-Pfalz;1994;;7189;0;3856;0;0;3333;0;30.06.2022
Rheinland-Pfalz;1995;;5875;0;3751;0;0;1123.2;1000.8;30.06.2022
Rheinland-Pfalz;1996;;7932.4;921;2840;54;0;4117.4;0;30.06.2022
Rheinland-Pfalz;1997;;8495.2;1193;3291;198;0;3813.2;0;30.06.2022
Rheinland-Pfalz;1998;;10516;1204;3631;366;0;5315;0;30.06.2022
Rheinland-Pfalz;1999;;10360.670985552126;1172.31998931313;3458.34396847374;527.543995190909;0;5173.15503284152;29.3079997328283;30.06.2022
Rheinland-Pfalz;2000;;12178.213679999999;1275.59784;4453.596;692.7372;0;5542.92864;213.354;30.06.2022
Rheinland-Pfalz;2001;;12501.47037;1247.89815;3936.8109;1414.422;0;5656.61572;245.7236;30.06.2022
Rheinland-Pfalz;2002;;14168.337099999999;1239.1827;3490.975;2180.142;0;6939.05;318.9874;30.06.2022
Rheinland-Pfalz;2003;LAK3);22314.87560643644;1218.1567;2870.982;2701.93677163614;0;15169.8747348003;353.9254;30.06.2022
Rheinland-Pfalz;2004;LAK3);30844.08785873695;2087.04885929867;3227.25961338593;3573.41721326205;271.669925008298;21478.752387202447;205.939860579552;30.06.2022
Rheinland-Pfalz;2005;LAK3);33302.17498562527;1196.997481515684;3500.41323940799;3695.00603453483;399.224891693853;24300.600184197916;209.933154275;30.06.2022
Rheinland-Pfalz;2006;LAK3);45705.55401013084;1240.7848131978012;3892.90642674983;4811.0833867973;762.739685097477;34699.74153609419;298.298162194246;30.06.2022
Rheinland-Pfalz;2007;LAK3);55525.69163387607;1186.457988901941;3914.31467071583;5881.15477948883;1060.3760777;43032.58649714902;450.801619920449;30.06.2022
Rheinland-Pfalz;2008;LAK3);56209.56462256623;1230.82621332869;4076.078616;6089.87613677639;1413.69678498226;42310.46699592204;1088.61987555685;30.06.2022
Rheinland-Pfalz;2009;LAK3);58771.35256784844;1332.769460396525;3433.440096;6173.04528682719;2041.03411472036;44660.870121348875;1130.19348855549;30.06.2022
Rheinland-Pfalz;2010;LAK3);65846.26994817932;1354.5038207785728;4011.52392;6423.04099829009;3027.21021365326;49783.13281300868;1246.85818244874;30.06.2022
Rheinland-Pfalz;2011;LAK3);63432.112895328006;1297.170513043478;2717.965224;8227.52291066435;4574.879172;44847.95621366942;1766.6188619507598;30.06.2022
Rheinland-Pfalz;2012;LAK3);71293.32993955123;1377.578130434783;3325.8440988;9790.85268539938;5637.434076;48879.495193065966;2282.1257558510997;30.06.2022
Rheinland-Pfalz;2013;LAK3);77029.46909773909;1262.750982608696;4521.806568;11218.2914286466;6401.07198;50587.646745101985;3037.9013933818;30.06.2022
Rheinland-Pfalz;2014;LAK3);74828.40697534234;1148.369676956522;3837.0096;12927.2356317006;7182.756;46710.85177965176;3022.1842870334704;30.06.2022
Rheinland-Pfalz;2015;LAK3);81928.59198888161;1154.483287671233;3318.2496;18472.9135114613;7744.3992;48013.8062294208;3224.74016032826;30.06.2022
Rheinland-Pfalz;2016;LAK3);83375.83526652395;1129.433818082192;3826.566;17665.1066741096;7614.3996;49708.91624620842;3431.41292812373;30.06.2022
Rheinland-Pfalz;2017;LAK3);86758.67869703152;1100.896350273973;2994.9876;21323.2778792895;8094.654;49541.083936699506;3703.77893076854;30.06.2022
Rheinland-Pfalz;2018;LAK3);85057.38397599952;837.0202191780822;2956.482;22289.7891014372;8884.7028;46895.4822561047;3193.90759927954;30.06.2022
Rheinland-Pfalz;2019;;87536.42469597721;835.4112857142857;3293.154;24713.1215679659;8912.1708;46259.819266884595;3522.74777541244;30.06.2022
Rheinland-Pfalz;2020;p);91906.09460896665;838.7825714285714;2694.4632;27378.3142963189;9491.0796;47681.519500297865;3821.93544092132;30.06.2022
Saarland;1990;;;;;;;;;
Saarland;1991;;;;;;;;;
Saarland;1992;;;;;;;;;
Saarland;1993;;;;;;;;;
Saarland;1994;;;;;;;;;
Saarland;1995;;;;;;;;;
Saarland;1996;;;;;;;;;
Saarland;1997;;;;;;;;;
Saarland;1998;;;;;;;;;
Saarland;1999;;;;;;;;;
Saarland;2000;;3092;151;320;50;0;2571;0;
Saarland;2001;;;;;;;;;
Saarland;2002;;;;;;;;;
Saarland;2003;;3172.35675747738;293.32143587738;291.6281268;156.1968;8.0028;2383.0995948;40.108;
Saarland;2004;;4842.545959668758;152.539559668758;231.6312;211.6116;67.7636;4179;0;
Saarland;2005;;6361.476;151;300.1284;278.6652;166.6824;5465;0;
Saarland;2006;;6344.5008;138;274.0716;372.1896;195.2396;5365;0;
Saarland;2007;;7526.6252;121;299.3976;487.35;196.8776;6422;0;
Saarland;2008;;8154.752496772829;145.055736059789;439.0884;720.6516;283.2308;6566.72596071304;0;
Saarland;2009;;6760.4127;129.4671;199.9864;653.6232;403.336;5374;0;
Saarland;2010;;8121.289999999999;136.03;298.239;651.222;581.89;6453.909;0;
Saarland;2011;;8274.754;133.545;315.335;809.737;864.137;6152;0;
Saarland;2012;;8033.257;117.224;343.483;967.061;1133.489;5472;0;
Saarland;2013;;9003.133;127.812;444.193;1015.324;1316.804;6099;0;
Saarland;2014;;10117.887999999999;111;376.2;1322.888;1498;6809.8;0;
Saarland;2015;;10094.163;130.108;334.663;1764.914;1683.478;6181;0;
Saarland;2016;;;;;;;;;
Saarland;2017;;;;;;;;;
Saarland;2018;;;;;;;;;
Saarland;2019;;;;;;;;;
Saarland;2020;;;;;;;;;
Sachsen;1990;;1109;23;84;0;0;1002;0;
Sachsen;1991;;2041;23;151;0;0;1867;0;
Sachsen;1992;;1703;352;223;0;0;1128;0;
Sachsen;1993;;980;29;174;0;0;777;0;
Sachsen;1994;;1529;16;264;0;0;1249;0;
Sachsen;1995;;2038.552746;21.799822;375.6168;76.8312;0;1564.304924;0;
Sachsen;1996;;1895.8373980000001;21.607894;673.8192;238.5504;0;961.859904;0;
Sachsen;1997;;2254.2316;58;669.2652;434.9664;0;1092;0;
Sachsen;1998;;3074;272;906;737;0;1103;56;
Sachsen;1999;;3470.9356;461;885.096;1045.8396;0;1023;56;
Sachsen;2000;;3626.47;613;770.2848;1622.1852;0;565;56;
Sachsen;2001;;4650.782800000001;424;864.6516;1907.7552;2.376;1396;56;
Sachsen;2002;;6408.454;565;997.8624;2664.9108;5.6808;2080;95;
Sachsen;2003;;8699;894;616;2937;9;4146;97;
Sachsen;2004;;15561.315999999999;1062;965.9088;4079.8368;137.5704;9249;67;
Sachsen;2005;;19571.0916;1102;1078.0452;4159.656;263.3904;12900;68;
Sachsen;2006;;31459.887888;1347.630288;853.1208;4540.5108;409.626;24156;153;
Sachsen;2007;;37565.157984000005;1301.585984;1166.1228;5572.8;474.6492;28791;259;
Sachsen;2008;;39412.08;1247.431;939.701;5245.942;673.006;30571;735;
Sachsen;2009;;42632.967;1105.243;988.315;4905.99;1079.719;33794;759.7;
Sachsen;2010;;47502.099;933.088;1168.639;4808.596;1657.876;38094;839.9;
Sachsen;2011;;47854.958;853.776;967.583;5952.114;3080.923;36040.562;960;
Sachsen;2012;;49794.468;896.698;861.217;6178.086;4518.526;36082.941;1257;
Sachsen;2013;;53528.941;909.94;1133.42;5612.429;5293.073;39222.079;1358;
Sachsen;2014;;53449.515;991.585;701.06;5676.635;6255.806;38236.229;1588.2;01.12.2016
Sachsen;2015;;57832.00600000001;974.4309999999999;851.389;6981.26;6882.534;40469.992000000006;1672.4;25.01.2017
Sachsen;2016;;57581.407848;996.6456479999999;958.014;6104.5236;6527.9556;41196.94;1797.329;13.11.2018
Sachsen;2017;;59464.433664;956.522864;1020.8844;7922.4516;6693.6528;40950.95799999999;1919.964;30.01.2019
Sachsen;2018;;58787.095581817135;962.750095890411;693.6228;7196.68630066701;7855.6968;40047.777707176974;2030.56187808274;08.03.2021
Sachsen;2019;;60408.248068819885;970.879506849315;820.7604;8097.59607923218;8139.6;40201.37407991826;2178.03800282013;09.03.2022
Sachsen;2020;;;;;;;;;
Sachsen-Anhalt;1990;;742;139;0;0;0;603;0;
Sachsen-Anhalt;1991;;347;0;0;0;0;347;0;
Sachsen-Anhalt;1992;;748;0;30;0;0;718;0;
Sachsen-Anhalt;1993;;426;10;40;10;0;366;0;
Sachsen-Anhalt;1994;;511;55;64;14;0;378;0;
Sachsen-Anhalt;1995;;541;0;91;29;0;421;0;
Sachsen-Anhalt;1996;;725;0;92;88;0;545;0;
Sachsen-Anhalt;1997;;1340;31;138;224;0;947;0;
Sachsen-Anhalt;1998;;1694.849;133.687;152.039;474.844;0;883.809;50.47;
Sachsen-Anhalt;1999;;2375.766;326.996;173.509;864.893;0;987.209;23.159;
Sachsen-Anhalt;2000;;4984.714;415.738;221.047;2288.102;0.292;1675.814;383.721;
Sachsen-Anhalt;2001;;6700.935;576.723;222.872;3170.498;0.529;2304.827;425.486;
Sachsen-Anhalt;2002;;9876.461;759.487;288.277;5247.889;7.221;2859.868;713.719;
Sachsen-Anhalt;2003;;;605.389;219.256;7605.805;42.335;5732.25;;
Sachsen-Anhalt;2004;;20246.332999999995;722.498;240.421;8227.758;58.148;10969.693;27.815;
Sachsen-Anhalt;2005;;30414.507;1019.876;249.242;8537.887;90.857;20488.281;28.364;
Sachsen-Anhalt;2006;;50700.04524;1118.406;244.164;9756.58824;153.126;39362.229;65.532;
Sachsen-Anhalt;2007;;65359.254199999996;1083.391;431.2476;15928.6896;230.593;47574.806;110.527;
Sachsen-Anhalt;2008;;71123.225;1049.316;286.787;18225.752;352.662;50899.855;308.853;
Sachsen-Anhalt;2009;;73826.996;1222.057;277.351;17344.775;600.937;54057.41;324.466;
Sachsen-Anhalt;2010;;76105.749;972.237;337.147;17445.388;1200.503;55784.705;365.769;
Sachsen-Anhalt;2011;;84370.555;1432.468;305.316;21003.8;2302.945;58920.606;405.42;
Sachsen-Anhalt;2012;;87192.897;897.987;313.409;22456.609;3851.744;59118.868;554.28;
Sachsen-Anhalt;2013;;93126.189;842.435;349.978;21570.142;5152.615;64617.979;593.04;
Sachsen-Anhalt;2014;;94212.659;763.504;376.88;22012.52;6255.13;64157.781;646.844;01.12.2016
Sachsen-Anhalt;2015;;;;365.648;28023.847;7043.418;66208.89;;25.01.2017
Sachsen-Anhalt;2016;;;;376.063;25090.924;7252.495;;;13.11.2018
Sachsen-Anhalt;2017;;107627.479;647.2090000000001;387.968;32270.632;7594.268;65911.935;815.467;19.11.2020
Sachsen-Anhalt;2018;;103849.824629;712.5889999999999;324.014;30059.662;9266.116;62605.30762899999;882.136;13.01.2021
Sachsen-Anhalt;2019;;;634.693;315.95;33761.042;9516.186;;948.743;10.12.2021
Sachsen-Anhalt;2020;;;;;;;;;
Schleswig-Holstein;1990;" LAK3)";1848;176;30;0;0;1642;0;30.06.2022
Schleswig-Holstein;1991;;1821;154;26;0;0;1641;0;30.06.2022
Schleswig-Holstein;1992;;1821;154;26;0;0;1641;0;30.06.2022
Schleswig-Holstein;1993;;2653;154;26;832;0;1641;0;30.06.2022
Schleswig-Holstein;1994;;3481;154;44;1642;0;1641;0;30.06.2022
Schleswig-Holstein;1995;;5126;154;511;2646;0;1815;0;30.06.2022
Schleswig-Holstein;1996;;5565;401;8;3324;2;1830;0;30.06.2022
Schleswig-Holstein;1997;;6506;401;11;4285;6;1647;156;30.06.2022
Schleswig-Holstein;1998;;8581.38114;929;36;5642.62;7.38;1812;154.38114;30.06.2022
Schleswig-Holstein;1999;;8930.38114;942;29;6001.68;4.32;1799;154.38114;30.06.2022
Schleswig-Holstein;2000;;10801.871702763066;956;29;7822.548;7.452;1805;181.871702763068;30.06.2022
Schleswig-Holstein;2001;;11375.192001527193;1254.615064264;26.4816;8100.0468;5.4;1805;183.648537263195;30.06.2022
Schleswig-Holstein;2002;;14352.392005480913;1368.84486521739;48;10937.3296;5;1805;188.217540263524;30.06.2022
Schleswig-Holstein;2003;" LAK3)";23157.469310496806;1166.33262173913;18.1152;11144.0609432395;134.5896;10514.403345518178;179.9676;30.06.2022
Schleswig-Holstein;2004;" LAK3)";25717.67002506794;1279.212669565218;18.9864;14542.6562470465;166.1904;9527.35550845622;183.2688;30.06.2022
Schleswig-Holstein;2005;" LAK3)";28548.326159233296;1175.2519521739132;19.7136;14970.3265884689;247.7664;11948.445618590482;186.822;30.06.2022
Schleswig-Holstein;2006;" LAK3)";34691.64293198846;1145.8817347826089;19.8504;14824.9129589221;382.5684;18123.82943828375;194.6;30.06.2022
Schleswig-Holstein;2007;" LAK3)";43661.48554592328;1031.580971603513;35.8092;18682.9251229925;536.832;23119.012251327273;255.326;30.06.2022
Schleswig-Holstein;2008;" LAK3)";46638.325372660314;1246.802828829414;27.7632;19260.7144744867;752.2848;24795.8405693442;554.9195;30.06.2022
Schleswig-Holstein;2009;" LAK3)";49421.53528603945;1234.9706648081292;15.69978;18327.3166649648;1081.060272;28187.33576550505;575.152138761463;30.06.2022
Schleswig-Holstein;2010;" LAK3)";62701.13709893507;1120.05112354973;31.58262;18099.2996947379;2054.293884;40752.61353325472;643.296243392722;30.06.2022
Schleswig-Holstein;2011;" LAK3)";70051.052923153;1075.49953806592;40.300848;19975.20472624;3171.042684;45059.81201006418;729.193116782906;30.06.2022
Schleswig-Holstein;2012;" LAK3)";78067.97847767161;876.532381791407;24.217308;24209.9741790073;4298.733864;47674.2588499761;984.261894896809;30.06.2022
Schleswig-Holstein;2013;" LAK3)";79473.95007618336;848.3314587158919;23.326164;24519.901914178;5031.452124;47996.80432985191;1054.13408543756;30.06.2022
Schleswig-Holstein;2014;" LAK3)";83850.63075826969;842.4998238297927;19.217484;29897.1900835706;5403.782484;46493.963538875316;1193.97734399399;30.06.2022
Schleswig-Holstein;2015;" LAK3)";103119.97173107072;830.0075654798223;29.0041308;50029.9471999113;5254.973552;45706.617131531966;1269.42215134765;30.06.2022
Schleswig-Holstein;2016;" LAK3)";110673.20945992674;830.9786408579915;26.2775376;54678.4580638443;5229.297504;48540.729462088275;1367.4682515361699;30.06.2022
Schleswig-Holstein;2017;" LAK3)";121756.81839619877;857.9854852528065;31.89015;66792.0246495315;5046.913368;47537.80232243422;1490.20242098026;30.06.2022
Schleswig-Holstein;2018;" LAK3)";123706.49867907797;836.3842046394296;24.084;66681.8866441457;5557.651408;49007.697925036366;1598.79449725645;30.06.2022
Schleswig-Holstein;2019;" LAK3)";124752.23465153226;841.2383400000001;15.5196;71061.3833547461;5394.349692;45707.08684028451;1732.65682450164;30.06.2022
Schleswig-Holstein;2020;" p)";128266.0359330385;849.2570000000001;20.0274984;72840.1205492117;6089.3388;46593.03608872634;1874.25599670048;30.06.2022
Th�ringen;1990;;2118.182934250095;163;369.182934250095;0;0;609;977;
Th�ringen;1991;;1750.879996390869;202;309.879996390869;0;0;614;625;
Th�ringen;1992;;2248;45;943;0;0;615;645;
Th�ringen;1993;;1446.217870932157;64;385.217870932157;0;0;475;522;
Th�ringen;1994;;2148.042958535674;78;905.042958535674;0;0;900;265;
Th�ringen;1995;;2400.4895546499374;94.6579546499373;767.412;25.0236;0;1497.952;15.444;
Th�ringen;1996;;2508.51422846675;99.8598684667503;607.4064;37.9764;0;1763.27156;0;
Th�ringen;1997;;3551.0957256411543;272.414325641154;550.2024;116.982;0;2567.597;43.9;
Th�ringen;1998;;4157.698332918444;310.342132918444;582.4728;289.5984;0;2924;51.285;
Th�ringen;1999;;4657.067865217391;370.335065217391;717.1344;438.8184;0;3059.495;71.285;
Th�ringen;2000;;7783.810881599999;660.9026416;708.2172;883.7964;0;5446.60964;84.285;
Th�ringen;2001;;9068.935692249413;269.717580249414;698.7636;1052.5428;14.285;5224.026712;1809.6;
Th�ringen;2002;;17194.61459629611;362.37339629611;947.5452;1272.33;120.681;14491.685000000001;0;
Th�ringen;2003;;27857.98969058971;420.674690589711;613.332;1237.824;151.342;25434.817;0;
Th�ringen;2004;;32701.168456411542;473.600256411543;496.3032;2629.944;154.8;28946.521;0;
Th�ringen;2005;;34686.77533555834;472.243535558344;655.722;2805.2028;199.231;30537.089;17.287;
Th�ringen;2006;;38721.440158133;472.371558132999;587.4768;2979.4608;64.964;34356.167;261;
Th�ringen;2007;;46682.02356937617;480.704718976161;1160.8956504;4592.5272;137.3;39971.332;339.264;
Th�ringen;2008;;47148.09077297617;472.361718976161;892.254654;4499.3124;537.9;40284.082;462.18;
Th�ringen;2009;;45710.633805471014;542.971816271016;722.9861892;3970.5588;643.541;39288.276;542.3;
Th�ringen;2010;;51018.523848100005;581.6836731;1246.030175;3720.7116;999.295;43878.9034;591.9;
Th�ringen;2011;;51007.5915768;502.4272;883.8483768;5175.648;1645;42089.554;711.114;
Th�ringen;2012;;52351.310000000005;393.001;699.5196;5101.6104;2573.593;42792.336;791.25;
Th�ringen;2013;;56855.89748;355.2918;983.5884;5387.18508;3358.562;45928.3702;842.9;
Th�ringen;2014;;53613.968506000005;354.5675;594.398376;5835.3696;4155.386;41771.98103;902.266;
Th�ringen;2015;" LAK3)";53698.42228215977;340.4383424657534;680.0832;8004.33041799081;4601.1708;38958.534125545615;1113.86539615759;15.06.2022
Th�ringen;2016;" LAK3)";55317.99025843274;448.8193698630137;684.7092;7646.7421562245;4599.7452;40744.11366761592;1193.86066472929;20.06.2022
Th�ringen;2017;" LAK3)";60059.56156734753;450.2214734246575;728.3376;10233.5942241055;4826.322;42571.48344828143;1249.60282153595;21.06.2022
Th�ringen;2018;" LAK3)";55589.94238591872;416.4913521917808;658.6128;9792.26940030753;5515.3188;37890.02556585899;1317.22446756043;24.06.2022
Th�ringen;2019;" LAK3)";54544.81888971219;403.7797808219178;509.7348;11312.4282655246;5730.354;35291.78457580524;1296.73746756043;27.06.2022
Th�ringen;2020;;;;;;;;;
