,landkreis_id,landkreis,biomasse,geoSolarthermieGrubenKlaerschlammDruckentspannung,kernkraft,solar,verbrennung,wasser,wind,renewable_total,not_renewable_total,percRenewableinRegion
0,7131,Ahrweiler,2909.0,0.0,0.0,9877.252,847.18,0.0,15690.0,28476.252,847.18,97.11091116483227
1,9771,Aichach-Friedberg,48984.6,0.0,0.0,40123.255,1329.97,169.5,21612.0,110889.355,1329.97,98.81484762094229
2,8425,Alb-Donau-Kreis,58418.65,110.0,0.0,19729.603,3410.57,1356.8,34691.0,114306.053,3410.57,97.10272864351536
3,16077,Altenburger Land,17285.0,0.0,0.0,17145.392,2324.15,136.0,116525.0,151091.392,2324.15,98.48506222400857
4,7132,Altenkirchen (Westerwald),1292.0,140.0,0.0,8268.887,542.2,698.0,19300.0,29698.887000000002,542.2,98.20707503007415
5,15081,Altmarkkreis Salzwedel,46908.0,0.0,0.0,21435.916,1644.8,15.0,409831.4,478190.31600000005,1644.8,99.65721558402991
6,9171,Altötting,26025.5,6841.0,0.0,36007.504,1523.6,154891.5,1.0,223766.50400000002,1523.6,99.32371641144077
7,7331,Alzey-Worms,1256.0,0.0,0.0,11247.378,1850.3,7.0,396610.0,409120.378,1850.3,99.54977323224018
8,9361,Amberg,2882.0,0.0,0.0,3620.755,1509.2,0.0,0.0,6502.755,1509.2,81.16314931873681
9,9371,Amberg-Sulzbach,23814.56,0.0,0.0,36475.778,55.45,667.5,66049.9,127007.73799999998,55.45,99.95636029532015
10,3451,Ammerland,23893.0,100.0,0.0,7408.318,2099.6,0.0,84345.0,115746.318,2099.6,98.21835152576095
11,15082,Anhalt-Bitterfeld,19567.0,0.0,0.0,49580.702,7534.05,3360.0,472235.35,544743.052,7534.05,98.63582068263985
12,9561,Ansbach,6099.0,0.0,0.0,4423.339,2501.05,0.0,8430.0,18952.339,2501.05,88.34193515998801
13,9661,Aschaffenburg,3868.0,0.0,0.0,1015.077,608.95,0.0,0.0,4883.077,608.95,88.91210840733304
14,9761,Augsburg,11955.0,0.0,0.0,4686.937,60555.200000000004,615.0,0.0,17256.936999999998,60555.200000000004,22.177693179150186
15,3452,Aurich,37356.0,1.1,0.0,9565.836,685.7,0.0,1050088.1,1097011.036,685.7,99.9375328378493
16,7332,Bad Dürkheim,1319.0,5940.0,0.0,6970.575,1051.46,222.0,27010.0,41461.575,1051.46,97.52673503550146
17,9672,Bad Kissingen,4509.8,203.96,0.0,14486.93,858.55,788.7,118842.0,138831.38999999998,858.55,99.38538881182139
18,7133,Bad Kreuznach,338.0,50.0,0.0,7444.439,341.27,280.0,138480.0,146592.439,341.27,99.7677387970925
19,9173,Bad Tölz-Wolfratshausen,6864.0,0.0,0.0,8261.69,379.05,2013.5,9.9,17149.09,379.05,97.837477336443
20,8211,Baden-Baden,2295.0,430.0,0.0,1819.578,5612.45,50.31,0.0,4594.888,5612.45,45.01553686181451
21,9461,Bamberg,1914.0,0.0,0.0,3301.621,2556.09,1295.0,6000.0,12510.621,2556.09,83.03485080453193
22,12060,Barnim,28800.0,1878.0,0.0,20485.943,5125.64,0.0,347294.6,398458.54299999995,5125.64,98.72997004939612
23,14625,Bautzen,16957.0,320.0,0.0,21900.918,17755.12,607.5,139940.7,179726.11800000002,17755.12,91.00921172065976
24,9462,Bayreuth,877.0,20.5,0.0,1926.013,5207.25,89.0,0.0,2912.513,5207.25,35.869433627557854
25,9172,Berchtesgadener Land,4811.0,0.0,0.0,6395.244,2355.3,14651.2,0.0,25857.444,2355.3,91.65164508634821
26,6431,Bergstraße,5537.0,50.0,0.0,14302.518,9970.81,103.0,48750.0,68742.518,9970.81,87.3327551339209
27,11000,Berlin,39825.0,124.18,0.0,13246.944,392941.804,0.0,20775.2,73971.324,392941.804,15.842631008653068
28,7231,Bernkastel-Wittlich,8673.0,0.0,0.0,15854.247,1917.5,52092.6,208854.0,285473.847,1917.5,99.33279132443748
29,8426,Biberach,78366.3,150.0,0.0,31968.957,13637.31,36280.11,3747.5,150512.867,13637.31,91.69217466028076
30,5711,Bielefeld,55761.0,0.0,0.0,7589.247,6388.2,11.0,15300.0,78661.247,6388.2,92.48884005089415
31,7134,Birkenfeld,9649.3,0.0,0.0,6215.906,1242.045,55.9,153270.6,169191.706,1242.045,99.27124469612828
32,5911,Bochum,6844.0,1370.5,0.0,4672.035,63959.64,830.0,1500.0,15216.535,63959.64,19.218578063413645
33,8435,Bodenseekreis,6381.2,178.0,0.0,14849.743,19778.85,73.7,0.0,21482.643,19778.85,52.06462839335455
34,5314,Bonn,246.0,0.0,0.0,1684.57,749.65,0.0,0.0,1930.57,749.65,72.03028109632793
35,5512,Bottrop,6525.0,4500.0,0.0,2930.72,1628.7,0.0,16120.0,30075.72,1628.7,94.86286139282788
36,12051,Brandenburg an der Havel,1937.0,0.0,0.0,6941.785,184652.25,0.0,0.0,8878.785,184652.25,4.587783556265277
37,3101,Braunschweig,5177.0,65.0,0.0,5837.582,11158.135,0.0,7100.0,18179.582000000002,11158.135,61.966587243308666
38,8315,Breisgau-Hochschwarzwald,8876.1,0.6,0.0,14886.384,6816.01,3543.3,17891.8,45198.183999999994,6816.01,86.89586538628282
39,4011,Bremen,4221.7,0.0,0.0,1693.833,10232.95,0.0,134159.0,140074.53300000002,10232.95,93.19198898434084
40,4012,Bremerhaven,8338.0,0.0,0.0,457.567,491.505,0.0,67140.0,75935.567,491.505,99.35689672894965
41,15084,Burgenlandkreis,24305.85,0.0,0.0,22437.213,13706.23,3425.0,505124.0,555292.063,13706.23,97.59116500548096
42,8115,Böblingen,5735.6,1415.0,0.0,24426.166,133895.76,72.4,0.0,31649.166000000005,133895.76,19.11817339542017
43,15083,Börde,35910.0,0.0,0.0,22871.21,10615.041000000001,0.0,726885.0,785666.21,10615.041000000001,98.66692315225693
44,8235,Calw,5108.3,65.0,0.0,10356.781,3533.7000000000003,2617.0,61110.0,79257.081,3533.7000000000003,95.73177114973707
45,3351,Celle,66801.58,0.0,0.0,13731.679,1422.0,37.0,166300.0,246870.25900000002,1422.0,99.42728782374162
46,9372,Cham,47773.5,29.9,0.0,21203.723,749.43,2131.53,796.1,71934.753,749.43,98.96892285354573
47,14511,Chemnitz,2109.0,0.0,0.0,4905.28,171290.85499999998,400.0,13400.9,20815.18,171290.85499999998,10.83525564410301
48,3453,Cloppenburg,124580.0,0.0,0.0,24159.173,11133.48,28.369999999999997,497896.3,646663.843,11133.48,98.30746042729031
49,9463,Coburg,0.0,700.0,0.0,2283.043,3957.06,0.0,0.0,2983.043,3957.06,42.98269060271872
50,7135,Cochem-Zell,9375.0,0.0,0.0,17180.465,232.26,49200.0,140290.0,216045.465,232.26,99.8926103000205
51,5558,Coesfeld,29510.7,0.0,0.0,33772.321,1164.61,234.0,266230.0,329747.021,1164.61,99.64806011910775
52,12052,Cottbus,635.0,0.0,0.0,3442.691,81897.0,280.0,64000.0,68357.691,81897.0,45.494546988885695
53,3352,Cuxhaven,52670.0,0.0,0.0,15155.604,1352.8799999999999,0.0,794078.9,861904.5040000001,1352.8799999999999,99.8432819660654
54,9174,Dachau,20860.0,0.0,0.0,29084.912,1008.75,235.0,20528.0,70707.912,1008.75,98.59342310159388
55,12061,Dahme-Spreewald,39848.2,4.68,0.0,39894.426999999996,11768.210000000001,5.5,627450.0,707202.807,11768.210000000001,98.36318714916989
56,6411,Darmstadt,1937.1,0.0,0.0,1836.986,127947.29,0.0,0.0,3774.0860000000002,127947.29,2.8652038982647743
57,6432,Darmstadt-Dieburg,5427.0,0.0,0.0,7547.131,1839.04,0.0,25360.0,38334.131,1839.04,95.42221847511117
58,9271,Deggendorf,6920.0,0.0,0.0,47073.108,1295.65,7906.0,6.5,61905.608,1295.65,97.94996169221821
59,3401,Delmenhorst,252.0,0.0,0.0,1273.29,83.0,0.0,17850.0,19375.29,83.0,99.57344658754701
60,15001,Dessau-Roßlau,2395.0,0.0,0.0,6873.082,41722.799999999996,0.0,17200.0,26468.082000000002,41722.799999999996,38.81469372987433
61,3251,Diepholz,115829.5,65.0,0.0,28654.763,1243.5,11.0,780886.0,925446.263,1243.5,99.86581269701584
62,9773,Dillingen a.d. Donau,53808.3,231.18,0.0,21155.779,2778.3,433.0,24803.6,100431.859,2778.3,97.30811382627557
63,9279,Dingolfing-Landau,38958.0,80.0,0.0,35124.939,33239.5,679.2,1520.0,76362.139,33239.5,69.67244258089973
64,1051,Dithmarschen,47552.0,190.0,0.0,34191.015999999996,48407.572,0.0,1868263.14,1950196.156,48407.572,97.57793046606386
65,9779,Donau-Ries,95491.4,9.0,0.0,36669.82,7199.45,265.8,16147.7,148583.72,7199.45,95.37854442171127
66,7333,Donnersbergkreis,2966.0,0.0,0.0,7770.256,1496.255,0.0,291145.0,301881.256,1496.255,99.50680095071385
67,5913,Dortmund,5537.5599999999995,7005.45,0.0,5179.494,5465.815,2100.0,13800.0,33622.50399999999,5465.815,86.01675605441102
68,14612,Dresden,15350.0,582.0,0.0,9089.919,22142.61,0.0,600.0,25621.919,22142.61,53.64214729302576
69,5112,Duisburg,9413.8,62153.0,0.0,2048.1730000000002,292373.65,0.0,2300.0,75914.973,292373.65,20.612902017339806
70,5358,Düren,13662.0,0.0,0.0,17768.846,2874.28,31680.0,411820.5,474931.346,2874.28,99.39844157464985
71,5111,Düsseldorf,109611.4,0.0,0.0,2946.0950000000003,18883.95,0.0,0.0,112557.495,18883.95,85.63318441911528
72,9175,Ebersberg,15246.0,50.0,0.0,12409.364,2128.52,204.4,2313.9,30223.663999999997,2128.52,93.42078420424413
73,16061,Eichsfeld,25660.0,0.0,0.0,7885.111,2393.5,25.0,84000.0,117570.111,2393.5,98.0048116424238
74,9176,Eichstätt,25701.2,0.0,0.0,49764.659,20334.3,212.0,110303.47,185981.32900000003,20334.3,90.14408161972062
75,7232,Eifelkreis Bitburg-Prüm,28992.6,675.0,0.0,31441.688,1062.63,932.5,451768.1,513809.888,1062.63,99.79361298907004
76,16056,Eisenach,170.0,0.0,0.0,537.035,22800.6,50.0,66200.0,66957.035,22800.6,74.59759272846259
77,12062,Elbe-Elster,29203.0,0.0,0.0,35081.369,501.8,0.0,632321.0,696605.369,501.8,99.92801680683905
78,3402,Emden,22075.0,0.0,0.0,1827.0149999999999,179.25,0.0,195060.0,218962.015,179.25,99.9182034474429
79,8316,Emmendingen,6387.5,119.0,0.0,10569.402,4604.25,1782.3,32668.5,51526.702,4604.25,91.79730641304641
80,3454,Emsland,172111.3,50.0,1406000.0,65005.86,6376.74,0.0,1197078.7,1434245.86,1412376.74,50.38412397906207
81,5954,Ennepe-Ruhr-Kreis,4045.0,0.0,0.0,4885.476,442006.7,10340.0,5562.5,24832.976,442006.7,5.319379923483623
82,8236,Enzkreis,3027.62,220.0,0.0,13540.241,1660.9,3439.8,4.0,20231.661,1660.9,92.41340471770296
83,9177,Erding,55396.6,0.0,0.0,15968.881,3225.03,354.9,96.48,71816.861,3225.03,95.70236043225509
84,16051,Erfurt,2096.5,808.0,0.0,2305.66,120104.0,32.0,47400.0,52642.16,120104.0,30.473707780248198
85,9562,Erlangen,464.5,0.0,0.0,3768.706,1691.07,0.0,0.0,4233.206,1691.07,71.4552461769168
86,9572,Erlangen-Höchstadt,10196.5,120.0,0.0,8976.834,12226.45,438.5,35651.5,55383.334,12226.45,81.9161528455704
87,14521,Erzgebirgskreis,12500.0,340.0,0.0,17067.868,5901.466,10405.0,75603.6,115916.46800000001,5901.466,95.15550312977726
88,5113,Essen,6524.0,0.0,0.0,3638.493,4569.05,14632.0,0.0,24794.493,4569.05,84.43971832690626
89,8116,Esslingen,4025.3,264.0,0.0,25091.024,7710.0,7273.86,2251.5,38905.68400000001,7710.0,83.46050226357292
90,5366,Euskirchen,17882.0,2727.18,0.0,13721.987,984.3199999999999,1522.4,223074.0,258927.56699999998,984.3199999999999,99.62128704024991
91,1001,Flensburg,0.0,0.0,0.0,955.786,51876.0,3.5,39710.0,40669.286,51876.0,43.945281016258356
92,9474,Forchheim,13309.0,0.0,0.0,13222.574,542.35,1918.5,1504.6,29954.674,542.35,98.22162975639853
93,7311,Frankenthal (Pfalz),0.0,0.0,0.0,5442.615,49.05,0.0,0.0,5442.615,49.05,99.10682825700403
94,12053,Frankfurt (Oder),2211.9,0.0,0.0,1805.3600000000001,25.685,0.0,21600.0,25617.260000000002,25.685,99.89983599777638
95,6412,Frankfurt am Main,20898.0,5105.5,0.0,6347.6449999999995,519857.23,30.0,0.0,32381.145,519857.23,5.863617319241894
96,8311,Freiburg im Breisgau,7545.0,5.5,0.0,4404.386,4506.5,162.0,9000.0,21116.886,4506.5,82.4125507846621
97,9178,Freising,49702.1,0.0,0.0,31000.886,292.0,337.1,5330.0,86370.086,292.0,99.6630591144552
98,8237,Freudenstadt,16515.0,0.0,0.0,10583.516,6740.0,2573.7,20900.0,50572.216,6740.0,88.23985448407718
99,9272,Freyung-Grafenau,7185.01,83.6,0.0,13226.679,531.3,13283.8,234.75,34013.839,531.3,98.46201226748573
100,3455,Friesland,18143.0,0.0,0.0,3522.9,2346.7,0.0,333295.4,354961.30000000005,2346.7,99.34322769151545
101,6631,Fulda,12555.5,145.0,0.0,20078.343,18208.0,809.35,56192.0,89780.193,18208.0,83.1388974163129
102,9179,Fürstenfeldbruck,10573.5,0.0,0.0,29413.304,1251.28,1948.0,6106.0,48040.804000000004,1251.28,97.46149909182172
103,9563,Fürth,6690.9,0.0,0.0,6272.4839999999995,1617.7,400.0,0.0,13363.383999999998,1617.7,89.2017159772951
104,9180,Garmisch-Partenkirchen,8521.0,55.0,0.0,4465.769,3148.05,2039.0,0.0,15080.769,3148.05,82.73036777643138
105,5513,Gelsenkirchen,2361.0,24135.0,0.0,3326.8559999999998,3960.0,0.0,4600.0,34422.856,3960.0,89.68289384197988
106,16052,Gera,2921.0,0.0,0.0,1283.2199999999998,40808.462,400.0,10650.0,15254.22,40808.462,27.209222705399643
107,7334,Germersheim,4134.0,100.0,0.0,9047.5,67468.2,55.0,75200.0,88536.5,67468.2,56.75245681700615
108,6531,Gießen,1000.1,0.0,0.0,13222.955,51136.9,229.5,43420.0,57872.555,51136.9,53.08948200869364
109,3151,Gifhorn,47108.4,0.0,0.0,6662.314,918.45,99.9,173100.0,226970.614,918.45,99.59697495620061
110,3153,Goslar,14305.0,95.0,0.0,2513.995,8461.558,809.0,24381.5,42104.494999999995,8461.558,83.2663269169931
111,16067,Gotha,8025.0,0.0,0.0,12796.37,5870.65,507.2,171241.75,192570.32,5870.65,97.04161393688008
112,3456,Grafschaft Bentheim,81322.4,0.0,0.0,14794.285,8305.179999999998,0.0,194619.8,290736.485,8305.179999999998,97.2227348319506
113,16076,Greiz,16242.5,1.1,0.0,7161.773,1075.95,896.0,49102.0,73403.373,1075.95,98.5553708644747
114,6433,Groß-Gerau,2515.0,65.0,0.0,9005.315,129763.5,0.0,0.0,11585.315,129763.5,8.196259020636289
115,8117,Göppingen,12375.0,928.0,0.0,11095.959,7172.9800000000005,416.65,108970.0,133785.609,7172.9800000000005,94.91128561169124
116,14626,Görlitz,42399.2,591.0,0.0,17845.572,2645261.65,1533.0,202342.6,264711.37200000003,2645261.65,9.096695055202474
117,9774,Günzburg,27335.4,98.0,0.0,46983.486,6244.15,281.0,7213.8,81911.686,6244.15,92.91691817204253
118,5754,Gütersloh,57450.46,200.0,0.0,22396.03,38224.783,37.5,87176.0,167259.99,38224.783,81.39775398345454
119,5914,Hagen,21349.0,0.0,0.0,762.045,3001.75,3920.0,19000.0,45031.045,3001.75,93.75062392267617
120,15002,Halle (Saale),1316.0,1914.0,0.0,7528.07,2184.84,625.0,63602.7,74985.76999999999,2184.84,97.16881854374354
121,2000,Hamburg,45973.7,5200.0,0.0,6994.34,69381.494,0.0,118699.8,176867.84,69381.494,71.82469780811671
122,3252,Hameln-Pyrmont,53503.0,0.0,0.0,3695.705,3034.8,3178.5,157704.6,218081.805,3034.8,98.62751148879117
123,5915,Hamm,3619.0,10840.0,0.0,6233.499,842076.25,443.0,40858.5,61993.998999999996,842076.25,6.857210384765134
124,3353,Harburg,27677.0,306.0,0.0,5891.057,2550.048,15.0,207604.5,241493.557,2550.048,98.95508509637038
125,15085,Harz,29520.0,0.0,0.0,46798.695,7460.53,175.0,246680.0,323173.695,7460.53,97.74356995256616
126,12063,Havelland,20196.0,0.0,0.0,25498.446,1585.13,0.0,319400.0,365094.446,1585.13,99.56770703803802
127,9674,Haßberge,17031.3,0.0,0.0,27025.979,65398.16,231.36,37151.98,81440.619,65398.16,55.46260977830659
128,3358,Heidekreis,69390.0,0.0,0.0,8890.5,22270.68,98.5,358625.0,437004.0,22270.68,95.15090185246005
129,8221,Heidelberg,6992.0,794.0,0.0,1857.58,56.2,6160.0,0.0,15803.58,56.2,99.64564451713706
130,8135,Heidenheim,30544.0,0.0,0.0,27935.815000000002,23158.21,479.0,139702.043,198660.858,23158.21,89.55986506985053
131,8121,Heilbronn,3884.0,2310.0,0.0,4487.639999999999,2583.2400000000002,4350.0,0.0,15031.64,2583.2400000000002,85.33489867657343
132,5370,Heinsberg,17670.4,15.0,0.0,21657.525,2106.89,0.0,238590.0,277932.925,2106.89,99.24764626772803
133,3154,Helmstedt,16602.0,0.0,0.0,2811.637,3923.38,0.0,150700.0,170113.637,3923.38,97.7456634987027
134,5758,Herford,9599.0,155.0,0.0,17049.223,5748.75,9.5,36024.5,62837.223,5748.75,91.61818408554181
135,5916,Herne,0.0,1350.0,0.0,1195.387,80.5,0.0,0.0,2545.3869999999997,80.5,96.93436922457059
136,6632,Hersfeld-Rotenburg,7580.5,0.0,0.0,12390.964,932.2,650.5,155940.0,176561.964,932.2,99.47479963341218
137,1053,Herzogtum Lauenburg,27898.0,0.0,0.0,19279.051000000003,1743.4,0.0,96686.0,143863.051,1743.4,98.80266293970725
138,16069,Hildburghausen,12228.0,60.0,0.0,10276.295,92.93,62.6,17904.199,40531.094,92.93,99.77124373498795
139,3254,Hildesheim,54190.0,150.0,0.0,21021.38,4675.1,1519.7,125700.0,202581.08000000002,4675.1,97.7442892173348
140,5958,Hochsauerlandkreis,44227.0,96.0,0.0,38132.277,12142.015,3204.61,98699.5,184359.387,12142.015,93.82090159336369
141,6434,Hochtaunuskreis,3360.0,9.9,0.0,3449.413,5170.65,67.0,50280.0,57166.313,5170.65,91.70532257081565
142,9464,Hof,5450.7,0.0,0.0,1184.097,4179.5,144.0,0.0,6778.797,4179.5,61.85994958888229
143,8126,Hohenlohekreis,13649.0,0.0,0.0,17335.016,3723.16,4302.0,42800.0,78086.016,3723.16,95.44897017420149
144,3255,Holzminden,7076.0,0.0,0.0,3360.658,2068.5,49.0,53250.0,63735.658,2068.5,96.85658161601279
145,5762,Höxter,37829.0,207.0,0.0,22572.917,654.01,833.3,597701.0,659143.217,654.01,99.90087712205556
146,16070,Ilm-Kreis,8805.0,324.0,0.0,3316.7580000000003,4547.2,299.0,7005.0,19749.758,4547.2,81.28489994508777
147,9161,Ingolstadt,1540.0,0.0,0.0,5495.872,2999.1,30.0,0.0,7065.872,2999.1,70.2025996694278
148,16053,Jena,3038.0,0.0,0.0,542.54,4813.364,0.0,0.0,3580.54,4813.364,42.65643257297201
149,15086,Jerichower Land,17000.0,0.0,0.0,15290.668,2278.46,0.0,294485.0,326775.668,2278.46,99.3075728866103
150,7312,Kaiserslautern,0.0,800.0,0.0,3531.764,1251.85,0.0,9225.0,13556.764,1251.85,91.54647423452322
151,8212,Karlsruhe,0.0,1442.0,0.0,3120.643,104467.41,1895.0,3110.0,9567.643,104467.41,8.390089492921094
152,6611,Kassel,16024.0,0.0,0.0,3503.466,6753.61,0.0,8150.0,27677.466,6753.61,80.38513231477286
153,9762,Kaufbeuren,3009.0,0.0,0.0,6447.253,874.96,507.0,0.4,9963.652999999998,874.96,91.92738037606843
154,9273,Kelheim,24963.15,0.0,0.0,52943.159,1327.35,270.2,4959.7,83136.209,1327.35,98.42849387864415
155,9763,Kempten (Allgäu),1850.0,0.0,0.0,6214.068,1046.88,3890.0,0.0,11954.068,1046.88,91.94766412418541
156,1002,Kiel,563.0,0.0,0.0,1982.615,221904.9,0.0,75.0,2620.615,221904.9,1.1671791511089509
157,9675,Kitzingen,10353.0,0.0,0.0,29977.575,3646.8,31.0,27752.0,68113.575,3646.8,94.91808675748976
158,5154,Kleve,55547.0,4190.0,0.0,19778.298,11512.476,0.0,372746.3,452261.598,11512.476,97.51765425335095
159,7111,Koblenz,1487.0,0.0,0.0,3087.461,3866.25,16171.0,101.0,20846.461,3866.25,84.3552170379041
160,8335,Konstanz,28597.48,160.0,0.0,22029.316,5912.5,956.0,9902.8,61645.59599999999,5912.5,91.24827318993715
161,5114,Krefeld,609.0,0.0,0.0,4779.793,5636.55,0.0,20150.0,25538.792999999998,5636.55,81.91984607835751
162,9571,Kreis Ansbach,139335.75,5.25,0.0,89901.759,5118.82,171.0,158356.625,387770.384,5118.82,98.69713396349776
163,9671,Kreis Aschaffenburg,23653.0,85.0,0.0,10873.152,379.28,9735.0,4.0,44350.152,379.28,99.1520571958079
164,9772,Kreis Augsburg,32565.0,4.7,0.0,34247.058,2654.25,584.0,16700.53,84101.28799999999,2654.25,96.94054113294762
165,9471,Kreis Bamberg,25510.5,0.0,0.0,21051.392,1172.81,369.7,78675.0,125606.592,1172.81,99.07492070360136
166,9472,Kreis Bayreuth,18964.0,52.0,0.0,10742.331,241.3,792.25,111502.0,142052.581,241.3,99.83042137982027
167,5554,Kreis Borken,91370.2,204.7,0.0,56625.519,15687.58,116.0,587134.5,735450.9189999999,15687.58,97.91149301748146
168,9473,Kreis Coburg,15131.0,69.625,0.0,20945.453,2481.6,205.5,26355.4,62706.978,2481.6,96.19319813971092
169,9573,Kreis Fürth,9734.0,0.0,0.0,9348.422,1428.15,75.0,54940.0,74097.42199999999,1428.15,98.10905106418791
170,8125,Kreis Heilbronn,12470.0,834.0,1400000.0,37752.73,13041.85,19128.78,72205.5,142391.01,1413041.85,9.154429847907418
171,9475,Kreis Hof,19940.0,5.94,0.0,27951.66,2255.4,215.0,243666.5,291779.1,2255.4,99.23294715416048
172,7335,Kreis Kaiserslautern,11467.0,0.0,0.0,7154.367,14514.5,0.0,78050.0,96671.367,14514.5,86.94573295003401
173,8215,Kreis Karlsruhe,5796.7,1343.0,0.0,23127.016,5114.67,207.2,2000.0,32473.916,5114.67,86.39302366947243
174,6633,Kreis Kassel,18370.24,5.5,0.0,18767.806,1484.22,410.2,198894.0,236447.74599999998,1484.22,99.3761998335272
175,9274,Kreis Landshut,36609.0,0.0,1485000.0,42977.234,1952.16,287.44,14497.4,94371.074,1486952.16,5.967854766876839
176,14729,Kreis Leipzig,30084.0,160.0,0.0,40698.568,946447.4400000001,900.0,94867.5,166710.068,946447.4400000001,14.976323368606339
177,9184,Kreis München,13565.0,24112.0,0.0,12813.24,430191.21,0.0,9.0,50499.24,430191.21,10.505563403641574
178,3458,Kreis Oldenburg,68617.0,2720.0,0.0,9885.112,32657.3,0.0,251503.45,332725.56200000003,32657.3,91.06216974128361
179,3459,Kreis Osnabrück,84908.3,1327.0,0.0,27939.582,22587.86,56.0,461873.899,576104.781,22587.86,96.22713585350384
180,9275,Kreis Passau,28640.0,56.0,0.0,76956.308,3425.46,215522.5,623.54,321798.348,3425.46,98.94673762629334
181,9375,Kreis Regensburg,7571.9,0.0,0.0,31502.149,3953.2000000000003,2727.7,29656.3,71458.049,3953.2000000000003,94.75781126500107
182,9187,Kreis Rosenheim,45561.1,80.0,0.0,26352.576,3721.81,142954.3,635.5,215583.476,3721.81,98.30290912367703
183,13072,Kreis Rostock,49955.316,0.0,0.0,33537.097,2018.06,84.2,724728.3,808304.9130000001,2018.06,99.7509560919236
184,9678,Kreis Schweinfurt,13710.1,30.0,0.0,33411.362,156.15,24.0,111813.25,158988.712,156.15,99.90188184649028
185,9679,Kreis Würzburg,26628.0,39.89,0.0,39421.873,562.1,113.0,126594.0,192796.763,562.1,99.70929700801975
186,9476,Kronach,2534.5,0.0,0.0,6249.508,612.25,430.5,27402.0,36616.508,612.25,98.3554380191786
187,9477,Kulmbach,4105.0,0.0,0.0,26052.328,4797.3,507.5,81704.38,112369.20800000001,4797.3,95.905570557757
188,7336,Kusel,2169.0,0.0,0.0,6668.554,85.0,89.0,157515.0,166441.554,85.0,99.94895708945013
189,16065,Kyffhäuserkreis,5043.0,0.0,0.0,9368.221,2394.79,389.0,215800.0,230600.221,2394.79,98.97217112515769
190,5315,Köln,7316.0,0.0,0.0,6020.224,99378.9,0.0,16550.0,29886.224000000002,99378.9,23.120098503908913
191,6532,Lahn-Dill-Kreis,2500.6,810.0,0.0,14027.386,3215.922,63.0,136637.25,154038.236,3215.922,97.95495264424106
192,7313,Landau in der Pfalz,0.0,7050.0,0.0,3451.3630000000003,1494.35,0.0,0.0,10501.363000000001,1494.35,87.54263293895077
193,9181,Landsberg am Lech,16407.5,372.0,0.0,32260.152,275.38,37331.0,16007.3,102377.952,275.38,99.73173788455303
194,9261,Landshut,7674.0,0.0,0.0,5345.011,1208.478,0.0,2000.0,15019.011,1208.478,92.55289589165643
195,3457,Leer,5663.0,0.0,0.0,9230.655,7909.85,0.0,227004.0,241897.655,7909.85,96.83362195223077
196,14713,Leipzig,15904.0,0.0,0.0,11022.989,11481.45,5.0,27000.0,53931.989,11481.45,82.44787282931266
197,5316,Leverkusen,6.0,0.0,0.0,1664.97,25467.01,0.0,0.0,1670.97,25467.01,6.157311634837965
198,9478,Lichtenfels,8320.0,0.0,0.0,8470.97,348.2,211.55,12506.0,29508.519999999997,348.2,98.83376338727093
199,6533,Limburg-Weilburg,5630.0,548.0,0.0,10326.038,1273.49,615.0,99810.3,116929.338,1273.49,98.92262306955972
200,9776,Lindau (Bodensee),1026.0,210.0,0.0,4311.79,53.54,333.5,0.0,5881.29,53.54,99.09786800969867
201,5766,Lippe,67540.0,195.0,0.0,17813.265,7579.06,258.5,148477.5,234284.265,7579.06,96.86638724577196
202,8118,Ludwigsburg,20637.0,76.0,0.0,25383.981,11886.12,19427.5,3004.5,68528.981,11886.12,85.21904486571496
203,7314,Ludwigshafen am Rhein,649.74,5395.0,0.0,1062.696,36872.228,0.0,0.0,7107.436,36872.228,16.160732833247653
204,13076,Ludwigslust-Parchim,99682.9,0.0,0.0,74832.957,13240.71,220.0,659350.0,834085.857,13240.71,98.43735455541311
205,8336,Lörrach,1379.3,207.0,0.0,14788.259,3113.1,33844.7,26901.8,77121.059,3113.1,96.11998176487397
206,1003,Lübeck,11136.0,0.0,0.0,2395.77,4152.8,75.0,14650.0,28256.77,4152.8,87.18650077739383
207,3354,Lüchow-Dannenberg,28476.0,0.0,0.0,3250.162,780.3,0.0,102200.0,133926.162,780.3,99.42074048385297
208,3355,Lüneburg,39870.1,1200.0,0.0,8494.404,2797.62,155.0,241140.0,290859.504,2797.62,99.04731751033563
209,15003,Magdeburg,9762.0,0.0,0.0,4453.22,1721.5,0.0,15780.0,29995.22,1721.5,94.57226346230001
210,6435,Main-Kinzig-Kreis,20092.0,1014.72,0.0,17375.152000000002,4054.046,623.413,262435.0,301540.285,4054.046,98.67338965787295
211,9677,Main-Spessart,6446.02,29.9,0.0,45872.748,833.25,660.0699999999999,94026.0,147034.73799999998,833.25,99.43649060809565
212,8128,Main-Tauber-Kreis,10610.5,0.0,0.0,16886.474,5007.4,20293.0,279673.5,327463.474,5007.4,98.49388310628376
213,6436,Main-Taunus-Kreis,29516.5,210.0,0.0,6397.815,2677.268,39.0,0.0,36163.315,2677.268,93.1070344644415
214,7315,Mainz,2079.0,1940.75,0.0,2356.782,15371.733,0.0,10600.0,16976.532,15371.733,52.480502431892404
215,7339,Mainz-Bingen,15281.0,0.0,0.0,16620.238,3989.5,98.0,122360.5,154359.738,3989.5,97.48056886765694
216,8222,Mannheim,51751.0,1021.0,0.0,7126.54,2745.18,6300.0,9.8,66208.34,2745.18,96.01879642982695
217,15087,Mansfeld-Südharz,36525.0,0.0,0.0,101837.123,7913.05,11.0,423096.0,561469.123,7913.05,98.61023924259742
218,6534,Marburg-Biedenkopf,16694.0,16.5,0.0,38999.232,9684.8,551.3,199160.0,255421.032,9684.8,96.34681744760711
219,7137,Mayen-Koblenz,9915.0,0.0,0.0,16183.693,884.3,20030.0,58280.0,104408.693,884.3,99.16015304076312
220,13071,Mecklenburgische Seenplatte,93381.0,2814.0,0.0,84869.511,1263.7,112.0,699362.7,880539.2109999999,1263.7,99.85669133269623
221,14627,Meißen,15510.6,0.0,0.0,40813.628,8922.05,110.5,162401.0,218835.728,8922.05,96.08265848115185
222,9764,Memmingen,1365.0,0.0,0.0,1637.073,72.05,128.4,0.0,3130.473,72.05,97.75021131776414
223,10042,Merzig-Wadern,4767.0,0.0,0.0,7506.325,170.85,11030.0,170803.5,194106.825,170.85,99.91205886111206
224,5158,Mettmann,3454.0,0.0,0.0,7001.218,23779.1,12.0,2835.0,13302.218,23779.1,35.87309922479023
225,9182,Miesbach,1134.1,5500.0,0.0,4985.3,95569.92,63337.5,7.5,74964.40000000001,95569.92,43.95854160030662
226,9676,Miltenberg,3386.0,0.0,0.0,8643.734,1536.75,82.0,16800.0,28911.734,1536.75,94.95295069534497
227,5770,Minden-Lübbecke,36980.5,442.0,0.0,27643.984,928814.65,1135.0,46943.6,113145.084,928814.65,10.858872978291116
228,14522,Mittelsachsen,38358.0,0.0,0.0,29139.69,2521.4,14438.64,248906.8,330843.13,2521.4,99.24365078672285
229,12064,Märkisch-Oderland,33767.0,0.0,0.0,27020.482,2055.33,0.0,532856.0,593643.482,2055.33,99.65497161340654
230,5962,Märkischer Kreis,5639.0,4240.0,0.0,8852.187,20634.11,5481.9,34910.0,59123.087,20634.11,74.12884256702252
231,5116,Mönchengladbach,0.0,0.0,0.0,5364.995,4069.0,0.0,28909.9,34274.895000000004,4069.0,89.38814118909933
232,9183,Mühldorf a. Inn,28663.0,0.0,0.0,16747.02,2266.25,35484.8,4.5,80899.32,2266.25,97.27501416752149
233,5117,Mülheim an der Ruhr,6638.0,0.0,0.0,1962.34,4810.65,0.0,0.0,8600.34,4810.65,64.1290464014961
234,9162,München,4382.0,1685.0,0.0,13912.942000000001,740029.91,695.0,5001.0,25675.942000000003,740029.91,3.3532383137643826
235,5515,Münster,15606.5,1.0,0.0,12370.422,120990.45,0.0,90653.2,118631.122,120990.45,49.507697078291436
236,8225,Neckar-Odenwald-Kreis,25404.0,281.0,0.0,28316.73,279.12,10427.5,105680.0,170109.22999999998,279.12,99.8361859833727
237,9775,Neu-Ulm,22301.9,105.0,0.0,23276.342,19766.7,757.0,10.0,46450.242,19766.7,70.14857617556547
238,9185,Neuburg-Schrobenhausen,10875.0,0.0,0.0,18285.158,1007.95,100.0,13080.0,42340.157999999996,1007.95,97.67475433991261
239,9373,Neumarkt i.d. OPf.,50848.4,30.0,0.0,50943.541,3727.998,504.0,159969.5,262295.441,3727.998,98.59862047719787
240,1004,Neumünster,510.0,0.0,0.0,1315.905,1643.75,0.0,0.0,1825.905,1643.75,52.62497279988933
241,10043,Neunkirchen,415.0,5200.0,0.0,8081.635,135.95,0.0,77460.0,91156.635,135.95,99.85108319585868
242,9575,Neustadt a.d. Aisch-Bad Windsheim,41538.8,90.0,0.0,51448.835,870.85,31.8,150501.2,243610.635,870.85,99.64379715707305
243,9374,Neustadt a.d. Waldnaab,27106.21,200.0,0.0,31242.125,114.00999999999999,34092.6,10810.0,103450.935,114.00999999999999,99.8899144879573
244,7316,Neustadt an der Weinstraße,520.5,0.0,0.0,1738.44,2226.35,0.0,3000.0,5258.9400000000005,2226.35,70.25699739088265
245,7138,Neuwied,9472.5,160.0,0.0,6396.979,4157.19,71.0,6.0,16106.479,4157.19,79.48451487240538
246,3256,Nienburg (Weser),59813.0,220.0,0.0,12406.153,213.1,5135.0,373049.5,450623.653,213.1,99.95273233635413
247,1054,Nordfriesland,113481.0,223.0,0.0,30243.576,2060.62,0.0,2254508.1,2398455.676,2060.62,99.91415929967093
248,16062,Nordhausen,14573.7,0.0,0.0,6960.375,6537.55,145.0,83670.0,105349.075,6537.55,94.15698703933558
249,14730,Nordsachsen,66566.0,135.0,0.0,45303.37,5660.98,95.0,136374.73,248474.1,5660.98,97.77245235093085
250,13074,Nordwestmecklenburg,43775.0,0.0,0.0,18455.624,4895.85,0.0,262425.0,324655.624,4895.85,98.51438989467243
251,3155,Northeim,20713.14,123.0,0.0,7277.56,9254.15,220777.0,52550.0,301440.7,9254.15,97.0214665611612
252,9564,Nürnberg,8957.0,0.0,0.0,7918.719,13959.130000000001,558.0,10.0,17443.719,13959.130000000001,55.548205196286496
253,9574,Nürnberger Land,2917.5,13.0,0.0,19437.518,3070.09,490.0,28063.0,50921.018,3070.09,94.31371180602555
254,9780,Oberallgäu,7805.3,0.0,0.0,15837.079,3729.7599999999998,9073.58,29222.57,61938.529,3729.7599999999998,94.32030275678417
255,5374,Oberbergischer Kreis,2518.0,0.0,0.0,9674.848,3540.08,2468.0,19900.0,34560.848,3540.08,90.70867775189097
256,5119,Oberhausen,3145.0,14280.0,0.0,2129.837,63823.55,0.0,0.0,19554.837,63823.55,23.453124608898946
257,12065,Oberhavel,17886.0,0.0,0.0,11720.882,1296.7,157.5,159258.6,189022.98200000002,1296.7,99.3186726741168
258,12066,Oberspreewald-Lausitz,18847.0,0.0,0.0,64184.244,4256.75,14.0,492175.0,575220.244,4256.75,99.26541518574938
259,6437,Odenwaldkreis,3420.0,0.0,0.0,10562.416,12060.75,75.0,43475.0,57532.416,12060.75,82.66963454428844
260,12067,Oder-Spree,65917.0,0.0,0.0,33703.056000000004,67722.48,780.0,473370.0,573770.056,67722.48,89.44298238880835
261,6438,Offenbach,2551.0,556.0,0.0,7801.145,3136.95,0.0,0.0,10908.145,3136.95,77.66515641225638
262,6413,Offenbach am Main,784.0,0.0,0.0,2198.23,1079.85,0.0,0.0,2982.23,1079.85,73.4163285804317
263,3403,Oldenburg (Oldb),2867.5,0.0,0.0,2084.0570000000002,1545.35,700.0,15800.0,21451.557,1545.35,93.28018328725686
264,5966,Olpe,2228.0,0.0,0.0,7210.833,1121.15,6159.0,25600.0,41197.833,1121.15,97.35071610770987
265,8317,Ortenaukreis,25435.0,391.0,0.0,24206.039,9872.854,5737.6,115283.7,171053.339,9872.854,94.54315937549187
266,3404,Osnabrück,1065.0,10.0,0.0,3629.545,4609.61,4.0,6750.0,11458.545,4609.61,71.3121388236546
267,8136,Ostalbkreis,30317.0,0.0,0.0,37588.803,17679.76,396.68,191366.0,259668.483,17679.76,93.62542924059555
268,9777,Ostallgäu,32132.3,0.0,0.0,57255.649,8998.34,2199.7,55374.0,146961.64899999998,8998.34,94.23035352996851
269,3356,Osterholz,8678.2,50.0,0.0,7846.312999999999,181.6,0.0,138575.0,155149.513,181.6,99.88308845762278
270,1055,Ostholstein,17265.0,230.0,0.0,7764.654,10213.025,18.0,553752.0,579029.654,10213.025,98.26675402784258
271,12068,Ostprignitz-Ruppin,43623.0,160.0,0.0,31647.239999999998,6773.0,0.0,449327.0,524757.24,6773.0,98.72575453091812
272,5774,Paderborn,31421.99,435.08000000000004,0.0,40850.28,9359.050000000001,843.0,991276.4,1064826.7500000002,9359.050000000001,99.12873080243659
273,9262,Passau,7306.5,0.0,0.0,3986.647,2690.25,86413.5,0.0,97706.647,2690.25,97.32038531031492
274,3157,Peine,17259.0,0.0,0.0,4900.25,751310.5499999999,0.0,187980.0,210139.25,751310.5499999999,21.856497343907087
275,9186,Pfaffenhofen a.d. Ilm,15425.8,0.0,0.0,18725.174,4614.75,759.0,21153.8,56063.774000000005,4614.75,92.3947556799503
276,8231,Pforzheim,16561.0,0.0,0.0,5660.784,72378.1,2020.0,5.0,24246.784,72378.1,25.09372637383968
277,1056,Pinneberg,14639.0,0.0,0.0,5136.983,6171.983,0.0,16518.0,36293.983,6171.983,85.46604827027838
278,7317,Pirmasens,550.0,0.0,0.0,3681.994,8656.75,0.0,6600.0,10831.994,8656.75,55.58077011017232
279,1057,Plön,28800.0,0.0,0.0,4921.3550000000005,596.9300000000001,0.0,43670.0,77391.35500000001,596.9300000000001,99.23459016953638
280,12054,Potsdam,5546.0,0.0,0.0,1472.531,47550.385,0.0,71750.0,78768.531,47550.385,62.356876938367655
281,12069,Potsdam-Mittelmark,28260.0,0.0,0.0,46488.754,3464.5,47.5,427980.0,502776.254,3464.5,99.31564182207266
282,12070,Prignitz,38309.0,0.0,0.0,22873.81,421.8,0.0,1016430.0,1077612.81,421.8,99.96087324135168
283,8216,Rastatt,8860.0,5.535,0.0,11773.403,8787.9,193313.5,0.0,213952.438,8787.9,96.05464368110998
284,8436,Ravensburg,56266.8,39.0,0.0,29944.804,19128.0,12005.1,8.0,98263.704,19128.0,83.70583325036324
285,5562,Recklinghausen,31967.0,20619.0,0.0,11329.706,62909.95,0.0,138631.0,202546.706,62909.95,76.30123465429324
286,9276,Regen,4360.0,147.0,0.0,16746.048,1454.03,2932.1,46.5,24231.647999999997,1454.03,94.33914105751852
287,9362,Regensburg,7108.8,0.0,0.0,4102.494,7631.65,2400.0,500.0,14111.294,7631.65,64.90056728288496
288,3241,Region Hannover,56564.849,3320.0,0.0,25639.506,14310.684,15.0,402826.9,488366.255,14310.684,97.15310512782446
289,10041,Regionalverband Saarbrücken,1820.0,32901.0,0.0,15401.346,107454.15,2200.0,18000.0,70322.34599999999,107454.15,39.556604828120804
290,8119,Rems-Murr-Kreis,14630.0,253.0,0.0,16912.221,8117.26,326.5,21711.0,53832.721000000005,8117.26,86.89707427028912
291,5120,Remscheid,0.0,0.0,0.0,1981.33,133.1,0.0,1505.5,3486.83,133.1,96.32313332025758
292,1058,Rendsburg-Eckernförde,84890.0,1966.0,0.0,17361.502,1261.4,15.0,428606.4,532838.902,1261.4,99.7638271322303
293,8415,Reutlingen,30143.8,0.0,0.0,21262.239,14309.75,1212.1,7550.0,60168.138999999996,14309.75,80.78657949072642
294,5362,Rhein-Erft-Kreis,8205.0,0.0,0.0,23688.093,192305.16,0.0,78352.0,110245.093,192305.16,36.43860545705774
295,7140,Rhein-Hunsrück-Kreis,7227.65,0.0,0.0,16607.963,479.15,25.0,715355.0,739215.613,479.15,99.93522328074127
296,5162,Rhein-Kreis Neuss,11026.1,382.0,0.0,11823.64,7622.06,100.2,197570.5,220902.44,7622.06,96.66466396382008
297,7141,Rhein-Lahn-Kreis,375.0,0.0,0.0,7043.924,843.05,40.0,10979.8,18438.724,843.05,95.62773632758065
298,8226,Rhein-Neckar-Kreis,12461.0,2216.5,0.0,33222.354,6360.08,13657.0,10.0,61566.854,6360.08,90.63688050457276
299,7338,Rhein-Pfalz-Kreis,1873.0,0.0,0.0,8993.435,392.25,0.0,40100.0,50966.435,392.25,99.23625380984736
300,5382,Rhein-Sieg-Kreis,5768.0,130.0,0.0,24235.846,3804.32,1102.0,3209.5,34445.346000000005,3804.32,90.05397851055746
301,6439,Rheingau-Taunus-Kreis,3045.0,220.0,0.0,6773.808,1579.26,0.0,62250.0,72288.808,1579.26,97.86205319462262
302,5378,Rheinisch-Bergischer Kreis,3221.5,0.0,0.0,6678.799,22479.079999999998,314.0,275.0,10489.298999999999,22479.079999999998,31.81624125347503
303,9673,Rhön-Grabfeld,16835.3,9.375,0.0,11689.395,2121.6,244.5,47200.0,75978.57,2121.6,97.28348862748953
304,9163,Rosenheim,8878.0,0.0,0.0,2204.892,114.75,0.0,20.0,11102.892,114.75,98.97705774529085
305,13003,Rostock,3715.0,0.0,0.0,3861.27,573.45,0.0,8801.12,16377.390000000001,573.45,96.61698181329066
306,3357,Rotenburg (Wümme),158070.2,0.0,0.0,16928.476,891.496,25.0,315906.8,490930.476,891.496,99.81873603646159
307,9576,Roth,5887.0,180.0,0.0,21626.344,3182.6,349.5,21541.0,49583.844,3182.6,93.96851529354528
308,9277,Rottal-Inn,56358.9,0.0,0.0,59784.407999999996,1749.25,176384.5,2150.8,294678.608,1749.25,99.40989014601995
309,8325,Rottweil,25473.0,805.0,0.0,9539.058,4131.394,4040.6,41381.5,81239.158,4131.394,95.160633376249
310,16074,Saale-Holzland-Kreis,24093.75,0.0,0.0,8447.784,1315.38,1469.5,111643.0,145654.03399999999,1315.38,99.10499745205489
311,16075,Saale-Orla-Kreis,97423.5,0.0,0.0,6147.803,2262.05,6751.5,57329.0,167651.803,2262.05,98.66870772449614
312,15088,Saalekreis,31387.0,0.0,0.0,44851.521,10596.43,960.0,306104.6,383303.121,10596.43,97.30986492035885
313,16073,Saalfeld-Rudolstadt,8382.5,350.0,0.0,5761.385,1516.05,8406.0,5200.6,28100.485,1516.05,94.88106897042479
314,10044,Saarlouis,3450.0,19040.0,0.0,26636.116,23463.7,1692.0,51560.0,102378.11600000001,23463.7,81.35460791506696
315,10045,Saarpfalz-Kreis,220.0,0.0,0.0,6804.059,11404.95,0.0,36000.0,43024.059,11404.95,79.04619207746369
316,3102,Salzgitter,0.0,22222.0,0.0,1842.394,372534.35,0.0,128780.0,152844.394,372534.35,29.09223027112037
317,15089,Salzlandkreis,26859.0,0.0,0.0,38897.989,141961.2,712.0,692285.0,758753.9890000001,141961.2,84.23905783607253
318,3257,Schaumburg,14246.8,1804.56,0.0,10408.754,1295.71,45.0,43250.0,69755.114,1295.71,98.17636175479119
319,1059,Schleswig-Flensburg,154453.4,600.0,0.0,33578.767,2800.16,80.0,1004477.2,1193189.3669999999,2800.16,99.76587085950295
320,16066,Schmalkalden-Meiningen,9540.5,0.0,0.0,16409.734,20355.15,441.5,601.0,26992.734,20355.15,57.00937765244165
321,9565,Schwabach,1061.0,0.0,0.0,1194.8,559.7,151.0,1.0,2407.8,559.7,81.13900589721989
322,6634,Schwalm-Eder-Kreis,22705.5,50.0,0.0,23798.32,1429.8,1008.0,75100.6,122662.42000000001,1429.8,98.84779239181957
323,9376,Schwandorf,29436.55,60.0,0.0,41742.65,2317.9700000000003,88584.0,30001.55,189824.74999999997,2317.9700000000003,98.79362070027946
324,8326,Schwarzwald-Baar-Kreis,27524.6,556.2,0.0,16469.49,6575.75,1487.0,9845.0,55882.28999999999,6575.75,89.4717317418222
325,9662,Schweinfurt,5.5,0.0,0.0,852.51,22711.5,0.0,0.0,858.01,22711.5,3.640338725752042
326,13004,Schwerin,3202.0,440.0,0.0,3397.96,62487.25,0.0,30000.0,37039.96,62487.25,37.21591311561934
327,8127,Schwäbisch Hall,68144.0,240.0,0.0,42372.454,2086.523,2671.0,298254.6,411682.054,2086.523,99.49572705227445
328,1060,Segeberg,38075.5,200.0,0.0,8593.972,32280.0,0.0,157700.8,204570.272,32280.0,86.37113661410531
329,5970,Siegen-Wittgenstein,6436.0,0.0,0.0,15133.13,2771.55,21.0,75358.6,96948.73000000001,2771.55,97.22067567399529
330,8437,Sigmaringen,44496.9,230.0,0.0,16015.323,1194.95,203.5,23650.0,84595.723,1194.95,98.60713296887181
331,5974,Soest,43511.0,5.5,0.0,47556.781,4582.2,2925.0,213476.1,307474.381,4582.2,98.53161244498799
332,5122,Solingen,740.0,0.0,0.0,1550.379,2669.504,250.0,4600.0,7140.379,2669.504,72.78760613149005
333,16072,Sonneberg,1622.0,0.0,0.0,1788.71,2092.0,787.59,10.0,4208.3,2092.0,66.79523197308065
334,7318,Speyer,174.1,0.0,0.0,1858.571,887.0,0.0,0.0,2032.6709999999998,887.0,69.61986470393411
335,12071,Spree-Neiße,11560.0,0.0,0.0,29123.668999999998,4839448.63,3.3,166208.75,206895.71899999998,4839448.63,4.099912821862803
336,10046,St. Wendel,1275.3,0.0,0.0,19893.308,722.4,317.0,185900.6,207386.20799999998,722.4,99.6528735610975
337,3359,Stade,29616.4,0.0,0.0,9710.538,856.85,0.0,446554.5,485881.438,856.85,99.82396083868382
338,9188,Starnberg,1015.0,17.4,0.0,7116.255,1307.605,109.0,12040.0,20297.655000000002,1307.605,93.94774698383634
339,1061,Steinburg,20435.0,0.0,0.0,31983.083,478.75,0.0,604991.5,657409.583,478.75,99.92722929166156
340,5566,Steinfurt,68887.0,530.0,0.0,44424.302,26355.13,0.0,562710.5,676551.802,26355.13,96.25055198630477
341,15090,Stendal,188026.0,231.0,0.0,28062.871,20894.9,0.0,838458.0,1054777.871,20894.9,98.05750405110888
342,1062,Stormarn,16193.2,24.0,0.0,6435.711,13271.825,30.0,53307.5,75990.41100000001,13271.825,85.13164626528066
343,9263,Straubing,1355.0,0.0,0.0,9143.924,612.75,0.0,0.0,10498.924,612.75,94.48552936308246
344,9278,Straubing-Bogen,13684.0,10.0,0.0,37386.225,755.66,764.45,7207.2,59051.87499999999,755.66,98.73651371854734
345,8111,Stuttgart,815.3,1253.0,0.0,10552.716,56745.5,650280.5,0.6,662902.116,56745.5,92.11482137390976
346,5334,Städteregion Aachen,14271.0,810.0,0.0,12717.267,20270.98,55.0,229213.0,257066.267,20270.98,92.6908555488762
347,16054,Suhl,0.0,0.0,0.0,495.105,77.45,0.0,0.0,495.105,77.45,86.47291526578232
348,14628,Sächsische Schweiz-Osterzgebirge,9300.0,0.0,0.0,9653.714,6522.9,1698.1,41858.6,62510.414,6522.9,90.55108378543147
349,16068,Sömmerda,13141.5,0.0,0.0,5450.312,4233.75,7.5,236355.95,254955.26200000002,4233.75,98.36653955068127
350,7337,Südliche Weinstraße,0.0,4939.3,0.0,11551.314,426.78,59.5,46530.0,63080.114,426.78,99.32797847112472
351,7340,Südwestpfalz,4911.0,0.0,0.0,10526.749,523.75,40.0,118510.0,133987.749,523.75,99.61062808466657
352,12072,Teltow-Fläming,67898.0,5.28,0.0,15485.688,191973.4,0.0,788320.0,871708.968,191973.4,81.95199941492308
353,9377,Tirschenreuth,43213.3,0.0,0.0,21733.446,2056.65,358.4,30692.6,95997.746,2056.65,97.90254176875457
354,9189,Traunstein,50549.3,5500.0,0.0,24207.578,526.5,4892.1,4762.3,89911.278,526.5,99.41783178264288
355,7211,Trier,4137.0,0.0,0.0,1739.375,5873.55,19503.5,0.0,25379.875,5873.55,81.20669974570788
356,7235,Trier-Saarburg,9437.8,0.0,0.0,24011.515,3626.6,48035.0,163926.703,245411.01799999998,3626.6,98.54375414079009
357,8327,Tuttlingen,16308.0,5.5,0.0,17263.167,3510.6,2351.0,19800.0,55727.667,3510.6,94.07376316393591
358,8416,Tübingen,8545.4,1.0,0.0,13187.9,3999.88,3847.5,1.0,25582.800000000003,3999.88,86.47898026818395
359,12073,Uckermark,33939.0,0.0,0.0,15374.207,234660.57,11.0,1412152.4,1461476.6069999998,234660.57,86.16500049748039
360,3360,Uelzen,40269.0,0.0,0.0,5377.327,664.0,0.0,257619.0,303265.327,664.0,99.78152815769569
361,8421,Ulm,23248.0,0.0,0.0,5744.741,3204.2,48.5,31400.0,60441.241,3204.2,94.96554670742245
362,5978,Unna,54678.0,21570.0,0.0,16287.309,824849.68,0.0,44600.0,137135.309,824849.68,14.255452067142391
363,16064,Unstrut-Hainich-Kreis,10302.0,99.0,0.0,17551.546000000002,6207.93,192.5,222256.56,250401.606,6207.93,97.58078748873932
364,9778,Unterallgäu,41923.26,35.0,0.0,57495.337,6255.75,619.2,7207.4,107280.197,6255.75,94.49007106093016
365,3460,Vechta,37134.0,0.0,0.0,23321.596,3538.76,0.0,164660.0,225115.596,3538.76,98.45235399757702
366,3361,Verden,15444.2,0.0,0.0,5549.205,1210.2,20516.32,188753.5,230263.225,1210.2,99.47717540361273
367,5166,Viersen,23264.0,0.0,0.0,17339.021,15536.9,0.0,55282.5,95885.52100000001,15536.9,86.05585854215106
368,6535,Vogelsbergkreis,16034.0,0.0,0.0,7692.887,392.55,726.95,460759.8,485213.637,392.55,99.91916289155517
369,14523,Vogtlandkreis,14917.0,502.0,0.0,15269.969,8533.31,250.5,30807.799,61747.268,8533.31,87.85822450122707
370,13075,Vorpommern-Greifswald,76072.0,0.0,0.0,43402.273,60924.204999999994,0.0,691953.2,811427.473,60924.204999999994,93.01609585486463
371,13073,Vorpommern-Rügen,33122.35,699.0,0.0,50789.35,4645.41,0.0,461274.8,545885.5,4645.41,99.15619451776104
372,7233,Vulkaneifel,4418.0,6.3,0.0,8894.2,152.5,81.8,186950.0,200350.3,152.5,99.92394121179356
373,6635,Waldeck-Frankenberg,29006.0,99.5,0.0,16871.412,2127.875,4324.3,223511.18,273812.392,2127.875,99.22886390481024
374,8337,Waldshut,22057.0,0.0,0.0,20174.2,3431.85,204269.5,20.3,246521.0,3431.85,98.62700105239848
375,5570,Warendorf,34956.0,85.0,0.0,24837.427,2082.908,62.4,267155.0,327095.827,2082.908,99.36724102181145
376,16063,Wartburgkreis,5465.0,0.0,0.0,9416.444,23700.95,260.0,89620.0,104761.444,23700.95,81.55028155555003
377,9363,Weiden i.d. OPf.,1064.0,0.0,0.0,1993.4650000000001,780.3,0.0,0.0,3057.465,780.3,79.66785355538966
378,9190,Weilheim-Schongau,20485.3,0.0,0.0,16306.457,18339.2,21241.2,619.4,58652.357,18339.2,76.18024532222411
379,16055,Weimar,265.0,0.0,0.0,1283.465,4654.8,68.0,0.0,1616.465,4654.8,25.775740620114124
380,16071,Weimarer Land,6825.0,0.0,0.0,14662.801,1649.2,346.2,126210.0,148044.001,1649.2,98.89827995594803
381,9577,Weißenburg-Gunzenhausen,51001.8,0.0,0.0,34672.951,1517.95,392.0,111922.8,197989.55099999998,1517.95,99.23915141416161
382,6636,Werra-Meißner-Kreis,10049.15,0.0,0.0,7969.698,1095.45,702.4,109457.5,128178.74799999999,1095.45,99.15261512587377
383,5170,Wesel,29037.5,12127.0,0.0,16748.034,157975.44,0.0,110606.0,168518.53399999999,157975.44,51.614592433488525
384,3461,Wesermarsch,16634.0,0.0,0.0,6363.718,633.0,0.0,422310.0,445307.718,633.0,99.85805288136976
385,7143,Westerwaldkreis,22482.0,0.0,0.0,12860.744,2077.8,414.84000000000003,165450.0,201207.584,2077.8,98.97789011727475
386,6440,Wetteraukreis,10173.5,0.0,0.0,8287.655,3273.4,46.0,45800.0,64307.155,3273.4,95.1562990271388
387,6414,Wiesbaden,12952.0,1787.0,0.0,3564.07,4938.55,0.0,0.0,18303.07,4938.55,78.75126604771957
388,3405,Wilhelmshaven,2125.0,0.0,0.0,376.774,2796.45,0.0,101359.6,103861.37400000001,2796.45,97.37811077038286
389,15091,Wittenberg,39731.0,263.0,0.0,30121.694,8913.55,7.5,280631.5,350754.694,8913.55,97.5217300529874
390,3462,Wittmund,15729.0,0.0,0.0,3869.264,228.7,0.0,366414.8,386013.064,228.7,99.94078838144495
391,3158,Wolfenbüttel,9742.0,0.0,0.0,5224.578,2734.91,171.0,121690.0,136827.57799999998,2734.91,98.04036884180512
392,3103,Wolfsburg,4977.0,0.0,0.0,1318.948,453398.35,0.0,6666.0,12961.948,453398.35,2.7793849638547066
393,7319,Worms,760.0,0.0,0.0,4353.183,16697.05,0.0,27000.0,32113.183,16697.05,65.79190679134844
394,9479,Wunsiedel i. Fichtelgebirge,14769.0,0.0,0.0,12616.275,14552.55,1950.2,61295.3,90630.77500000001,14552.55,86.16458454797849
395,5124,Wuppertal,4843.0,2008.0,0.0,3179.863,207539.6,521.5,9401.0,19953.362999999998,207539.6,8.770980313795464
396,9663,Würzburg,0.0,1578.0,0.0,2735.4719999999998,44730.85,0.0,2000.0,6313.472,44730.85,12.368607814988707
397,8417,Zollernalbkreis,9518.0,0.0,0.0,14468.164999999999,2696.59,329.6,1815.4,26131.165,2696.59,90.64585501021499
398,7320,Zweibrücken,2695.0,0.0,0.0,1260.671,910.75,200.0,0.0,4155.671,910.75,82.02379944343355
399,14524,Zwickau,20443.3,80.0,0.0,17625.14,7411.0,2828.0,92475.2,133451.63999999998,7411.0,94.73884629735748
400,0,offshoreNordsee,0.0,0.0,0.0,0.0,0.0,0.0,6696818.0,6696818.0,0.0,100.0
401,0,offshoreOstsee,0.0,0.0,0.0,0.0,0.0,0.0,1093000.0,1093000.0,0.0,100.0
