,Schlüssel-nummer,Kreis/Landkreis,area,Bevölkerunginsgesamt,index,landkreis_id,landkreis,biomasse,geoSolarthermieGrubenKlaerschlammDruckentspannung,kernkraft,solar,verbrennung,wasser,wind,renewable_total,not_renewable_total,percRenewableinRegion,renewable_pro_qkm,solar_pro_qkm,wind_pro_qkm
0,1001.0,"Flensburg,Stadt",56.73,89934.0,91.0,1001.0,Flensburg,0.0,0.0,0.0,955.786,51876.0,3.5,39710.0,40669.286,51876.0,43.945281016258356,716.8920500616958,16.847981667548034,699.9823726423409
1,1002.0,"Kiel,Landeshauptstadt",118.65,246601.0,156.0,1002.0,Kiel,563.0,0.0,0.0,1982.615,221904.9,0.0,75.0,2620.615,221904.9,1.1671791511089509,22.086936367467338,16.70977665402444,0.6321112515802781
2,1003.0,"Lübeck,Hansestadt",214.19,215846.0,206.0,1003.0,Lübeck,11136.0,0.0,0.0,2395.77,4152.8,75.0,14650.0,28256.77,4152.8,87.18650077739383,131.92385265418554,11.185256081049536,68.39721742378262
3,1004.0,"Neumünster,Stadt",71.66,79905.0,240.0,1004.0,Neumünster,510.0,0.0,0.0,1315.905,1643.75,0.0,0.0,1825.905,1643.75,52.62497279988933,25.480114429249234,18.36317331844823,0.0
4,1051.0,Dithmarschen,1428.17,133251.0,64.0,1051.0,Dithmarschen,47552.0,190.0,0.0,34191.015999999996,48407.572,0.0,1868263.14,1950196.156,48407.572,97.57793046606386,1365.5210206067904,23.940438463208157,1308.1517886526112
5,1053.0,HerzogtumLauenburg,1263.07,199152.0,137.0,1053.0,Herzogtum Lauenburg,27898.0,0.0,0.0,19279.051000000003,1743.4,0.0,96686.0,143863.051,1743.4,98.80266293970725,113.89950754906697,15.26364413690453,76.54840982685046
6,1054.0,Nordfriesland,2083.56,167147.0,247.0,1054.0,Nordfriesland,113481.0,223.0,0.0,30243.576,2060.62,0.0,2254508.1,2398455.676,2060.62,99.91415929967093,1151.1334811572501,14.51533721131141,1082.0461613776422
7,1055.0,Ostholstein,1393.02,201487.0,270.0,1055.0,Ostholstein,17265.0,230.0,0.0,7764.654,10213.025,18.0,553752.0,579029.654,10213.025,98.26675402784258,415.6649969131814,5.573971658698368,397.5190593099884
8,1056.0,Pinneberg,664.25,317085.0,277.0,1056.0,Pinneberg,14639.0,0.0,0.0,5136.983,6171.983,0.0,16518.0,36293.983,6171.983,85.46604827027838,54.63904102371095,7.733508468197215,24.867143394806174
9,1057.0,Plön,1083.56,129353.0,279.0,1057.0,Plön,28800.0,0.0,0.0,4921.3550000000005,596.9300000000001,0.0,43670.0,77391.35500000001,596.9300000000001,99.23459016953638,71.4232299088191,4.541838938314446,40.30233674185094
10,1058.0,Rendsburg-Eckernförde,2189.79,274765.0,292.0,1058.0,Rendsburg-Eckernförde,84890.0,1966.0,0.0,17361.502,1261.4,15.0,428606.4,532838.902,1261.4,99.7638271322303,243.3287675987195,7.928386740281032,195.7294535092406
11,1059.0,Schleswig-Flensburg,2071.28,202647.0,319.0,1059.0,Schleswig-Flensburg,154453.4,600.0,0.0,33578.767,2800.16,80.0,1004477.2,1193189.3669999999,2800.16,99.76587085950295,576.0637707118302,16.211602004557566,484.9548105519292
12,1060.0,Segeberg,1344.47,278007.0,328.0,1060.0,Segeberg,38075.5,200.0,0.0,8593.972,32280.0,0.0,157700.8,204570.272,32280.0,86.37113661410531,152.15681420931668,6.39208907599277,117.29588611125573
13,1061.0,Steinburg,1055.7,130706.0,339.0,1061.0,Steinburg,20435.0,0.0,0.0,31983.083,478.75,0.0,604991.5,657409.583,478.75,99.92722929166156,622.7238637870606,30.29561712607748,573.0714218054371
14,1062.0,Stormarn,766.22,244989.0,342.0,1062.0,Stormarn,16193.2,24.0,0.0,6435.711,13271.825,30.0,53307.5,75990.41100000001,13271.825,85.13164626528066,99.17570802119496,8.399299156900106,69.57205502336143
15,2000.0,"Hamburg,FreieundHansestadt",755.09,1852478.0,121.0,2000.0,Hamburg,45973.7,5200.0,0.0,6994.34,69381.494,0.0,118699.8,176867.84,69381.494,71.82469780811671,234.23411778728362,9.262922300652901,157.1995391277861
16,3101.0,"Braunschweig,Stadt",192.7,248561.0,37.0,3101.0,Braunschweig,5177.0,65.0,0.0,5837.582,11158.135,0.0,7100.0,18179.582000000002,11158.135,61.966587243308666,94.34137000518943,30.29362740010379,36.84483653347172
17,3102.0,"Salzgitter,Stadt",224.49,103866.0,316.0,3102.0,Salzgitter,0.0,22222.0,0.0,1842.394,372534.35,0.0,128780.0,152844.394,372534.35,29.09223027112037,680.8516815893803,8.20702035725422,573.6558421310526
18,3103.0,"Wolfsburg,Stadt",204.61,123840.0,392.0,3103.0,Wolfsburg,4977.0,0.0,0.0,1318.948,453398.35,0.0,6666.0,12961.948,453398.35,2.7793849638547066,63.34953325839402,6.446156101852305,32.579052832217386
19,3151.0,Gifhorn,1567.57,177227.0,109.0,3151.0,Gifhorn,47108.4,0.0,0.0,6662.314,918.45,99.9,173100.0,226970.614,918.45,99.59697495620061,144.79137390993705,4.25009026710131,110.42569071875579
20,3153.0,Goslar,966.72,134688.0,110.0,3153.0,Goslar,14305.0,95.0,0.0,2513.995,8461.558,809.0,24381.5,42104.494999999995,8461.558,83.2663269169931,43.553971160211844,2.600541004634227,25.22084988414432
21,3154.0,Helmstedt,676.13,91518.0,133.0,3154.0,Helmstedt,16602.0,0.0,0.0,2811.637,3923.38,0.0,150700.0,170113.637,3923.38,97.7456634987027,251.59900758729827,4.158426633931345,222.88613136527
22,3155.0,Northeim,1268.76,131772.0,251.0,3155.0,Northeim,20713.14,123.0,0.0,7277.56,9254.15,220777.0,52550.0,301440.7,9254.15,97.0214665611612,237.58685645827424,5.735962672215392,41.418392761436365
23,3157.0,Peine,536.5,135844.0,274.0,3157.0,Peine,17259.0,0.0,0.0,4900.25,751310.5499999999,0.0,187980.0,210139.25,751310.5499999999,21.856497343907087,391.68546132339236,9.133737185461323,350.3821062441752
24,3158.0,Wolfenbüttel,724.32,119361.0,391.0,3158.0,Wolfenbüttel,9742.0,0.0,0.0,5224.578,2734.91,171.0,121690.0,136827.57799999998,2734.91,98.04036884180512,188.9048735365584,7.213079854208085,168.00585376629112
25,3159.0,Göttingen,1755.41,323900.0,,,,,,,,,,,,,,,,
26,3241.0,RegionHannover,2297.12,1155330.0,288.0,3241.0,Region Hannover,56564.849,3320.0,0.0,25639.506,14310.684,15.0,402826.9,488366.255,14310.684,97.15310512782446,212.59936572751968,11.161587553109982,175.36171379814726
27,3251.0,Diepholz,1991.0,218072.0,61.0,3251.0,Diepholz,115829.5,65.0,0.0,28654.763,1243.5,11.0,780886.0,925446.263,1243.5,99.86581269701584,464.8147980914114,14.392146157709693,392.20793571069817
28,3252.0,Hameln-Pyrmont,797.54,148580.0,122.0,3252.0,Hameln-Pyrmont,53503.0,0.0,0.0,3695.705,3034.8,3178.5,157704.6,218081.805,3034.8,98.62751148879117,273.4430937633222,4.633880432329413,197.73879680016051
29,3254.0,Hildesheim,1208.34,275464.0,139.0,3254.0,Hildesheim,54190.0,150.0,0.0,21021.38,4675.1,1519.7,125700.0,202581.08000000002,4675.1,97.7442892173348,167.65238260754427,17.396908154989493,104.02701226475993
30,3255.0,Holzminden,694.27,70207.0,144.0,3255.0,Holzminden,7076.0,0.0,0.0,3360.658,2068.5,49.0,53250.0,63735.658,2068.5,96.85658161601279,91.80240828496119,4.840563469543549,76.69926685583418
31,3256.0,Nienburg(Weser),1400.82,121645.0,246.0,3256.0,Nienburg (Weser),59813.0,220.0,0.0,12406.153,213.1,5135.0,373049.5,450623.653,213.1,99.95273233635413,321.68562199283275,8.856350566097001,266.30794820176754
32,3257.0,Schaumburg,675.68,158406.0,318.0,3257.0,Schaumburg,14246.8,1804.56,0.0,10408.754,1295.71,45.0,43250.0,69755.114,1295.71,98.17636175479119,103.23690800378878,15.404857328913097,64.00959033862183
33,3351.0,Celle,1550.83,179386.0,45.0,3351.0,Celle,66801.58,0.0,0.0,13731.679,1422.0,37.0,166300.0,246870.25900000002,1422.0,99.42728782374162,159.18589336032966,8.854406350147986,107.2329010916735
34,3352.0,Cuxhaven,2058.96,198826.0,53.0,3352.0,Cuxhaven,52670.0,0.0,0.0,15155.604,1352.8799999999999,0.0,794078.9,861904.5040000001,1352.8799999999999,99.8432819660654,418.6115825465284,7.360805455181256,385.66990130939894
35,3353.0,Harburg,1248.45,256016.0,124.0,3353.0,Harburg,27677.0,306.0,0.0,5891.057,2550.048,15.0,207604.5,241493.557,2550.048,98.95508509637038,193.43470463374584,4.718696784012175,166.28979935119548
36,3354.0,Lüchow-Dannenberg,1227.33,48503.0,207.0,3354.0,Lüchow-Dannenberg,28476.0,0.0,0.0,3250.162,780.3,0.0,102200.0,133926.162,780.3,99.42074048385297,109.11992862555304,2.648156567508331,83.27018813196125
37,3355.0,Lüneburg,1327.8,184235.0,208.0,3355.0,Lüneburg,39870.1,1200.0,0.0,8494.404,2797.62,155.0,241140.0,290859.504,2797.62,99.04731751033563,219.05370085856305,6.397352010845007,181.60867600542252
38,3356.0,Osterholz,652.67,114640.0,269.0,3356.0,Osterholz,8678.2,50.0,0.0,7846.312999999999,181.6,0.0,138575.0,155149.513,181.6,99.88308845762278,237.71509798213495,12.021868631927314,212.3201617969265
39,3357.0,Rotenburg(Wümme),2074.78,164486.0,306.0,3357.0,Rotenburg (Wümme),158070.2,0.0,0.0,16928.476,891.496,25.0,315906.8,490930.476,891.496,99.81873603646159,236.61808770086466,8.159166755029448,152.2603842335091
40,3358.0,Heidekreis,1881.46,140885.0,128.0,3358.0,Heidekreis,69390.0,0.0,0.0,8890.5,22270.68,98.5,358625.0,437004.0,22270.68,95.15090185246005,232.26855739691516,4.725319698531991,190.6099518459069
41,3359.0,Stade,1267.38,205357.0,337.0,3359.0,Stade,29616.4,0.0,0.0,9710.538,856.85,0.0,446554.5,485881.438,856.85,99.82396083868382,383.3747084536603,7.661899351417885,352.34460067225297
42,3360.0,Uelzen,1462.59,92566.0,360.0,3360.0,Uelzen,40269.0,0.0,0.0,5377.327,664.0,0.0,257619.0,303265.327,664.0,99.78152815769569,207.34814746442953,3.6765785353379967,176.1389042725576
43,3361.0,Verden,789.33,137574.0,366.0,3361.0,Verden,15444.2,0.0,0.0,5549.205,1210.2,20516.32,188753.5,230263.225,1210.2,99.47717540361273,291.71984467839815,7.030272509596746,239.1312885611848
44,3401.0,"Delmenhorst,Stadt",62.45,77503.0,59.0,3401.0,Delmenhorst,252.0,0.0,0.0,1273.29,83.0,0.0,17850.0,19375.29,83.0,99.57344658754701,310.25284227381906,20.38895116092874,285.82866293034425
45,3402.0,"Emden,Stadt",112.34,49874.0,78.0,3402.0,Emden,22075.0,0.0,0.0,1827.0149999999999,179.25,0.0,195060.0,218962.015,179.25,99.9182034474429,1949.1010770874134,16.26326330781556,1736.3361224853124
46,3403.0,"Oldenburg(Oldenburg),Stadt",103.09,169605.0,263.0,3403.0,Oldenburg (Oldb),2867.5,0.0,0.0,2084.0570000000002,1545.35,700.0,15800.0,21451.557,1545.35,93.28018328725686,208.08572121447278,20.215898729265692,153.26413813172954
47,3404.0,"Osnabrück,Stadt",119.8,164223.0,266.0,3404.0,Osnabrück,1065.0,10.0,0.0,3629.545,4609.61,4.0,6750.0,11458.545,4609.61,71.3121388236546,95.64728714524207,30.29670283806344,56.34390651085142
48,3405.0,"Wilhelmshaven,Stadt",107.07,75189.0,388.0,3405.0,Wilhelmshaven,2125.0,0.0,0.0,376.774,2796.45,0.0,101359.6,103861.37400000001,2796.45,97.37811077038286,970.0324460633233,3.5189502194825817,946.6666666666667
49,3451.0,Ammerland,730.64,125643.0,10.0,3451.0,Ammerland,23893.0,100.0,0.0,7408.318,2099.6,0.0,84345.0,115746.318,2099.6,98.21835152576095,158.41771323770942,10.139491404795796,115.43988831709187
50,3452.0,Aurich,1287.36,190178.0,15.0,3452.0,Aurich,37356.0,1.1,0.0,9565.836,685.7,0.0,1050088.1,1097011.036,685.7,99.9375328378493,852.1400664926673,7.430583519761372,815.6911042754165
51,3453.0,Cloppenburg,1420.34,172632.0,48.0,3453.0,Cloppenburg,124580.0,0.0,0.0,24159.173,11133.48,28.369999999999997,497896.3,646663.843,11133.48,98.30746042729031,455.28805990115046,17.009429432389428,350.54726333131504
52,3454.0,Emsland,2883.66,328930.0,80.0,3454.0,Emsland,172111.3,50.0,1406000.0,65005.86,6376.74,0.0,1197078.7,1434245.86,1412376.74,50.38412397906207,497.3699603975504,22.54283098562244,415.1247719911501
53,3455.0,Friesland,609.53,98971.0,100.0,3455.0,Friesland,18143.0,0.0,0.0,3522.9,2346.7,0.0,333295.4,354961.30000000005,2346.7,99.34322769151545,582.352468295244,5.779699112430889,546.807212114252
54,3456.0,GrafschaftBentheim,981.79,137891.0,112.0,3456.0,Grafschaft Bentheim,81322.4,0.0,0.0,14794.285,8305.179999999998,0.0,194619.8,290736.485,8305.179999999998,97.2227348319506,296.12899398038275,15.068685767832225,198.22956029293434
55,3457.0,Leer,1085.72,171483.0,195.0,3457.0,Leer,5663.0,0.0,0.0,9230.655,7909.85,0.0,227004.0,241897.655,7909.85,96.83362195223077,222.7992990826364,8.501874332240357,209.08153114983605
56,3458.0,Oldenburg,1064.83,131467.0,178.0,3458.0,Kreis Oldenburg,68617.0,2720.0,0.0,9885.112,32657.3,0.0,251503.45,332725.56200000003,32657.3,91.06216974128361,312.4682456354536,9.283277142830311,236.19117605627193
57,3459.0,Osnabrück,2121.81,359471.0,179.0,3459.0,Kreis Osnabrück,84908.3,1327.0,0.0,27939.582,22587.86,56.0,461873.899,576104.781,22587.86,96.22713585350384,271.51572525343926,13.167805788454197,217.67919794892097
58,3460.0,Vechta,814.21,143698.0,365.0,3460.0,Vechta,37134.0,0.0,0.0,23321.596,3538.76,0.0,164660.0,225115.596,3538.76,98.45235399757702,276.48345758465257,28.6432198081576,202.23283919381976
59,3461.0,Wesermarsch,824.78,88524.0,384.0,3461.0,Wesermarsch,16634.0,0.0,0.0,6363.718,633.0,0.0,422310.0,445307.718,633.0,99.85805288136976,539.9109071509979,7.715655083779917,512.0274497441742
60,3462.0,Wittmund,656.86,57384.0,390.0,3462.0,Wittmund,15729.0,0.0,0.0,3869.264,228.7,0.0,366414.8,386013.064,228.7,99.94078838144495,587.6641354322078,5.8905459306397105,557.8278476387662
61,4011.0,"Bremen,Stadt",318.21,566573.0,39.0,4011.0,Bremen,4221.7,0.0,0.0,1693.833,10232.95,0.0,134159.0,140074.53300000002,10232.95,93.19198898434084,440.19525784859064,5.323003676817197,421.6052292511235
62,4012.0,"Bremerhaven,Stadt",101.41,113557.0,40.0,4012.0,Bremerhaven,8338.0,0.0,0.0,457.567,491.505,0.0,67140.0,75935.567,491.505,99.35689672894965,748.7976235085297,4.512050093679124,662.0648851198107
63,5111.0,"Düsseldorf,Stadt",217.41,620523.0,71.0,5111.0,Düsseldorf,109611.4,0.0,0.0,2946.0950000000003,18883.95,0.0,0.0,112557.495,18883.95,85.63318441911528,517.7199530840347,13.550871625040248,0.0
64,5112.0,"Duisburg,Stadt",232.8,495885.0,69.0,5112.0,Duisburg,9413.8,62153.0,0.0,2048.1730000000002,292373.65,0.0,2300.0,75914.973,292373.65,20.612902017339806,326.0952448453608,8.797993986254296,9.879725085910652
65,5113.0,"Essen,Stadt",210.34,582415.0,88.0,5113.0,Essen,6524.0,0.0,0.0,3638.493,4569.05,14632.0,0.0,24794.493,4569.05,84.43971832690626,117.87816392507368,17.298150613292762,0.0
66,5114.0,"Krefeld,Stadt",137.78,226844.0,161.0,5114.0,Krefeld,609.0,0.0,0.0,4779.793,5636.55,0.0,20150.0,25538.792999999998,5636.55,81.91984607835751,185.35921759326462,34.69148642763826,146.24764116707794
67,5116.0,"Mönchengladbach,Stadt",170.47,259665.0,231.0,5116.0,Mönchengladbach,0.0,0.0,0.0,5364.995,4069.0,0.0,28909.9,34274.895000000004,4069.0,89.38814118909933,201.06115445532942,31.47178389159383,169.58937056373557
68,5117.0,"MülheimanderRuhr,Stadt",91.28,170921.0,233.0,5117.0,Mülheim an der Ruhr,6638.0,0.0,0.0,1962.34,4810.65,0.0,0.0,8600.34,4810.65,64.1290464014961,94.21932515337423,21.498028045574056,0.0
69,5119.0,"Oberhausen,Stadt",77.09,209566.0,256.0,5119.0,Oberhausen,3145.0,14280.0,0.0,2129.837,63823.55,0.0,0.0,19554.837,63823.55,23.453124608898946,253.66243351926317,27.62792839538202,0.0
70,5120.0,"Remscheid,Stadt",74.52,111516.0,291.0,5120.0,Remscheid,0.0,0.0,0.0,1981.33,133.1,0.0,1505.5,3486.83,133.1,96.32313332025758,46.79052603327966,26.587895866881375,20.202630166398283
71,5122.0,"Solingen,Klingenstadt",89.54,159193.0,332.0,5122.0,Solingen,740.0,0.0,0.0,1550.379,2669.504,250.0,4600.0,7140.379,2669.504,72.78760613149005,79.74513066785794,17.31493187402278,51.3736877373241
72,5124.0,"Wuppertal,Stadt",168.39,355004.0,395.0,5124.0,Wuppertal,4843.0,2008.0,0.0,3179.863,207539.6,521.5,9401.0,19953.362999999998,207539.6,8.770980313795464,118.49494031712096,18.883918284933785,55.828730922263794
73,5154.0,Kleve,1232.99,313586.0,158.0,5154.0,Kleve,55547.0,4190.0,0.0,19778.298,11512.476,0.0,372746.3,452261.598,11512.476,97.51765425335095,366.80070235768335,16.04092328404934,302.310886544092
74,5158.0,Mettmann,407.22,484322.0,224.0,5158.0,Mettmann,3454.0,0.0,0.0,7001.218,23779.1,12.0,2835.0,13302.218,23779.1,35.87309922479023,32.665925052797014,17.192716467756984,6.961838809488728
75,5162.0,Rhein-KreisNeuss,576.44,452001.0,296.0,5162.0,Rhein-Kreis Neuss,11026.1,382.0,0.0,11823.64,7622.06,100.2,197570.5,220902.44,7622.06,96.66466396382008,383.2184442439803,20.511484282839493,342.74252307265283
76,5166.0,Viersen,563.28,298536.0,367.0,5166.0,Viersen,23264.0,0.0,0.0,17339.021,15536.9,0.0,55282.5,95885.52100000001,15536.9,86.05585854215106,170.22710019883542,30.782241513989494,98.14390711546656
77,5170.0,Wesel,1042.8,460113.0,383.0,5170.0,Wesel,29037.5,12127.0,0.0,16748.034,157975.44,0.0,110606.0,168518.53399999999,157975.44,51.614592433488525,161.6019696969697,16.060638665132338,106.06635980053701
78,5314.0,"Bonn,Stadt",141.06,330579.0,34.0,5314.0,Bonn,246.0,0.0,0.0,1684.57,749.65,0.0,0.0,1930.57,749.65,72.03028109632793,13.686161916914788,11.942223167446476,0.0
79,5315.0,"Köln,Stadt",405.01,1083498.0,190.0,5315.0,Köln,7316.0,0.0,0.0,6020.224,99378.9,0.0,16550.0,29886.224000000002,99378.9,23.120098503908913,73.79132367102048,14.86438359546678,40.86318856324535
80,5316.0,"Leverkusen,Stadt",78.87,163905.0,197.0,5316.0,Leverkusen,6.0,0.0,0.0,1664.97,25467.01,0.0,0.0,1670.97,25467.01,6.157311634837965,21.1863826550019,21.1103081019399,0.0
81,5334.0,StädteregionAachen,706.91,556631.0,346.0,5334.0,Städteregion Aachen,14271.0,810.0,0.0,12717.267,20270.98,55.0,229213.0,257066.267,20270.98,92.6908555488762,363.64780099305426,17.989937898742415,324.24636799592594
82,5358.0,Düren,941.49,265140.0,70.0,5358.0,Düren,13662.0,0.0,0.0,17768.846,2874.28,31680.0,411820.5,474931.346,2874.28,99.39844157464985,504.44651138089625,18.87311176964174,437.4135678552082
83,5362.0,Rhein-Erft-Kreis,704.71,469611.0,294.0,5362.0,Rhein-Erft-Kreis,8205.0,0.0,0.0,23688.093,192305.16,0.0,78352.0,110245.093,192305.16,36.43860545705774,156.44036979750533,33.613958933461994,111.18332363667324
84,5366.0,Euskirchen,1248.73,194359.0,90.0,5366.0,Euskirchen,17882.0,2727.18,0.0,13721.987,984.3199999999999,1522.4,223074.0,258927.56699999998,984.3199999999999,99.62128704024991,207.35272396755101,10.988754174241029,178.64069895013333
85,5370.0,Heinsberg,627.91,256458.0,132.0,5370.0,Heinsberg,17670.4,15.0,0.0,21657.525,2106.89,0.0,238590.0,277932.925,2106.89,99.24764626772803,442.63178640250993,34.49144781895495,379.97483715819146
86,5374.0,OberbergischerKreis,918.85,271699.0,255.0,5374.0,Oberbergischer Kreis,2518.0,0.0,0.0,9674.848,3540.08,2468.0,19900.0,34560.848,3540.08,90.70867775189097,37.61315557490341,10.529300756380257,21.65750666594112
87,5378.0,Rheinisch-BergischerKreis,437.32,283275.0,302.0,5378.0,Rheinisch-Bergischer Kreis,3221.5,0.0,0.0,6678.799,22479.079999999998,314.0,275.0,10489.298999999999,22479.079999999998,31.81624125347503,23.985408853928472,15.272109667977682,0.6288301472605872
88,5382.0,Rhein-Sieg-Kreis,1153.21,600375.0,300.0,5382.0,Rhein-Sieg-Kreis,5768.0,130.0,0.0,24235.846,3804.32,1102.0,3209.5,34445.346000000005,3804.32,90.05397851055746,29.869101031035115,21.015986680656603,2.7831010830637957
89,5512.0,"Bottrop,Stadt",100.62,117388.0,35.0,5512.0,Bottrop,6525.0,4500.0,0.0,2930.72,1628.7,0.0,16120.0,30075.72,1628.7,94.86286139282788,298.90399522957665,29.1266149870801,160.2067183462532
90,5513.0,"Gelsenkirchen,Stadt",104.94,259105.0,105.0,5513.0,Gelsenkirchen,2361.0,24135.0,0.0,3326.8559999999998,3960.0,0.0,4600.0,34422.856,3960.0,89.68289384197988,328.0241661902039,31.702458547741564,43.83457213645893
91,5515.0,"Münster,Stadt",303.28,316403.0,235.0,5515.0,Münster,15606.5,1.0,0.0,12370.422,120990.45,0.0,90653.2,118631.122,120990.45,49.507697078291436,391.1603864415722,40.78878264310209,298.9092587707729
92,5554.0,Borken,1420.98,371898.0,167.0,5554.0,Kreis Borken,91370.2,204.7,0.0,56625.519,15687.58,116.0,587134.5,735450.9189999999,15687.58,97.91149301748146,517.5659889653618,39.84962420301482,413.18984081408604
93,5558.0,Coesfeld,1112.04,220712.0,51.0,5558.0,Coesfeld,29510.7,0.0,0.0,33772.321,1164.61,234.0,266230.0,329747.021,1164.61,99.64806011910775,296.5244244811338,30.369699830941336,239.40685586849395
94,5562.0,Recklinghausen,761.31,613599.0,285.0,5562.0,Recklinghausen,31967.0,20619.0,0.0,11329.706,62909.95,0.0,138631.0,202546.706,62909.95,76.30123465429324,266.05023709132945,14.881856274053934,182.09533567140852
95,5566.0,Steinfurt,1795.75,448197.0,340.0,5566.0,Steinfurt,68887.0,530.0,0.0,44424.302,26355.13,0.0,562710.5,676551.802,26355.13,96.25055198630477,376.7516647640262,24.738578309898372,313.35681470137825
96,5570.0,Warendorf,1319.42,277417.0,375.0,5570.0,Warendorf,34956.0,85.0,0.0,24837.427,2082.908,62.4,267155.0,327095.827,2082.908,99.36724102181145,247.90879856300492,18.824503948704734,202.47911961316336
97,5711.0,"Bielefeld,Stadt",258.83,333509.0,30.0,5711.0,Bielefeld,55761.0,0.0,0.0,7589.247,6388.2,11.0,15300.0,78661.247,6388.2,92.48884005089415,303.9108565467682,29.321357647876987,59.11215855967237
98,5754.0,Gütersloh,969.21,364818.0,118.0,5754.0,Gütersloh,57450.46,200.0,0.0,22396.03,38224.783,37.5,87176.0,167259.99,38224.783,81.39775398345454,172.57352895657286,23.107510240298797,89.94541946533775
99,5758.0,Herford,450.4,250547.0,134.0,5758.0,Herford,9599.0,155.0,0.0,17049.223,5748.75,9.5,36024.5,62837.223,5748.75,91.61818408554181,139.5142606571936,37.85351465364121,79.98334813499112
100,5762.0,Höxter,1201.42,139729.0,145.0,5762.0,Höxter,37829.0,207.0,0.0,22572.917,654.01,833.3,597701.0,659143.217,654.01,99.90087712205556,548.6367939604801,18.788531071565313,497.4954637012868
101,5766.0,Lippe,1246.21,346970.0,201.0,5766.0,Lippe,67540.0,195.0,0.0,17813.265,7579.06,258.5,148477.5,234284.265,7579.06,96.86638724577196,187.99742017797965,14.29395126022099,119.14324231068599
102,5770.0,Minden-Lübbecke,1152.41,310270.0,227.0,5770.0,Minden-Lübbecke,36980.5,442.0,0.0,27643.984,928814.65,1135.0,46943.6,113145.084,928814.65,10.858872978291116,98.18127576123081,23.987976501418764,40.73515502295189
103,5774.0,Paderborn,1246.8,308335.0,272.0,5774.0,Paderborn,31421.99,435.08000000000004,0.0,40850.28,9359.050000000001,843.0,991276.4,1064826.7500000002,9359.050000000001,99.12873080243659,854.0477622714151,32.76410009624639,795.0564645492461
104,5911.0,"Bochum,Stadt",145.66,364454.0,32.0,5911.0,Bochum,6844.0,1370.5,0.0,4672.035,63959.64,830.0,1500.0,15216.535,63959.64,19.218578063413645,104.46611973088014,32.07493477962378,10.297954139777564
105,5913.0,"Dortmund,Stadt",280.71,587696.0,67.0,5913.0,Dortmund,5537.5599999999995,7005.45,0.0,5179.494,5465.815,2100.0,13800.0,33622.50399999999,5465.815,86.01675605441102,119.77665206084569,18.451405364967403,49.16105589398312
106,5914.0,"Hagen,StadtderFernUniversität",160.45,188687.0,119.0,5914.0,Hagen,21349.0,0.0,0.0,762.045,3001.75,3920.0,19000.0,45031.045,3001.75,93.75062392267617,280.6546899345591,4.7494234964163295,118.41695232159552
107,5915.0,"Hamm,Stadt",226.43,178967.0,123.0,5915.0,Hamm,3619.0,10840.0,0.0,6233.499,842076.25,443.0,40858.5,61993.998999999996,842076.25,6.857210384765134,273.7888044870379,27.529474892902883,180.44649560570596
108,5916.0,"Herne,Stadt",51.42,156940.0,135.0,5916.0,Herne,0.0,1350.0,0.0,1195.387,80.5,0.0,0.0,2545.3869999999997,80.5,96.93436922457059,49.50188642551536,23.247510696227145,0.0
109,5954.0,Ennepe-Ruhr-Kreis,409.64,323130.0,81.0,5954.0,Ennepe-Ruhr-Kreis,4045.0,0.0,0.0,4885.476,442006.7,10340.0,5562.5,24832.976,442006.7,5.319379923483623,60.62146274777854,11.92626696611659,13.578996191778147
110,5958.0,Hochsauerlandkreis,1960.17,259030.0,140.0,5958.0,Hochsauerlandkreis,44227.0,96.0,0.0,38132.277,12142.015,3204.61,98699.5,184359.387,12142.015,93.82090159336369,94.05275409785885,19.453556069116456,50.35252044465531
111,5962.0,MärkischerKreis,1061.09,408662.0,230.0,5962.0,Märkischer Kreis,5639.0,4240.0,0.0,8852.187,20634.11,5481.9,34910.0,59123.087,20634.11,74.12884256702252,55.719201010281886,8.342541160504764,32.90013099737063
112,5966.0,Olpe,712.11,133362.0,264.0,5966.0,Olpe,2228.0,0.0,0.0,7210.833,1121.15,6159.0,25600.0,41197.833,1121.15,97.35071610770987,57.85318700762522,10.126010026540843,35.949502183651404
113,5970.0,Siegen-Wittgenstein,1132.89,275491.0,329.0,5970.0,Siegen-Wittgenstein,6436.0,0.0,0.0,15133.13,2771.55,21.0,75358.6,96948.73000000001,2771.55,97.22067567399529,85.57647256132546,13.357987094951847,66.51890298263733
114,5974.0,Soest,1328.63,301016.0,331.0,5974.0,Soest,43511.0,5.5,0.0,47556.781,4582.2,2925.0,213476.1,307474.381,4582.2,98.53161244498799,231.42212730406507,35.79384855076282,160.67385201297577
115,5978.0,Unna,543.21,393618.0,362.0,5978.0,Unna,54678.0,21570.0,0.0,16287.309,824849.68,0.0,44600.0,137135.309,824849.68,14.255452067142391,252.4535796469137,29.983448390125364,82.10452679442572
116,6411.0,"Darmstadt,Wissenschaftsstadt",122.07,159174.0,56.0,6411.0,Darmstadt,1937.1,0.0,0.0,1836.986,127947.29,0.0,0.0,3774.0860000000002,127947.29,2.8652038982647743,30.917391660522654,15.048627836487263,0.0
117,6412.0,"FrankfurtamMain,Stadt",248.31,764104.0,95.0,6412.0,Frankfurt am Main,20898.0,5105.5,0.0,6347.6449999999995,519857.23,30.0,0.0,32381.145,519857.23,5.863617319241894,130.40612540775643,25.563388506302605,0.0
118,6413.0,"OffenbachamMain,Stadt",44.88,130892.0,262.0,6413.0,Offenbach am Main,784.0,0.0,0.0,2198.23,1079.85,0.0,0.0,2982.23,1079.85,73.4163285804317,66.44897504456327,48.980169340463455,0.0
119,6414.0,"Wiesbaden,Landeshauptstadt",203.87,278609.0,387.0,6414.0,Wiesbaden,12952.0,1787.0,0.0,3564.07,4938.55,0.0,0.0,18303.07,4938.55,78.75126604771957,89.77814293422279,17.482071908569186,0.0
120,6431.0,Bergstraße,719.47,271015.0,26.0,6431.0,Bergstraße,5537.0,50.0,0.0,14302.518,9970.81,103.0,48750.0,68742.518,9970.81,87.3327551339209,95.54605195491125,19.879241664002667,67.7582109052497
121,6432.0,Darmstadt-Dieburg,658.64,297701.0,57.0,6432.0,Darmstadt-Dieburg,5427.0,0.0,0.0,7547.131,1839.04,0.0,25360.0,38334.131,1839.04,95.42221847511117,58.20194795335844,11.458658751366453,38.503583141017856
122,6433.0,Groß-Gerau,453.03,275807.0,114.0,6433.0,Groß-Gerau,2515.0,65.0,0.0,9005.315,129763.5,0.0,0.0,11585.315,129763.5,8.196259020636289,25.572953226055674,19.877966139107787,0.0
123,6434.0,Hochtaunuskreis,481.84,237281.0,141.0,6434.0,Hochtaunuskreis,3360.0,9.9,0.0,3449.413,5170.65,67.0,50280.0,57166.313,5170.65,91.70532257081565,118.64169226299188,7.158834882948697,104.34999169848913
124,6435.0,Main-Kinzig-Kreis,1397.32,421689.0,210.0,6435.0,Main-Kinzig-Kreis,20092.0,1014.72,0.0,17375.152000000002,4054.046,623.413,262435.0,301540.285,4054.046,98.67338965787295,215.7990188360576,12.434626284601954,187.81309936163512
125,6436.0,Main-Taunus-Kreis,222.53,239264.0,213.0,6436.0,Main-Taunus-Kreis,29516.5,210.0,0.0,6397.815,2677.268,39.0,0.0,36163.315,2677.268,93.1070344644415,162.50984136970297,28.750348267649304,0.0
126,6437.0,Odenwaldkreis,623.97,96754.0,259.0,6437.0,Odenwaldkreis,3420.0,0.0,0.0,10562.416,12060.75,75.0,43475.0,57532.416,12060.75,82.66963454428844,92.20381749122554,16.927762552686826,69.6748241101335
127,6438.0,Offenbach,356.24,356542.0,261.0,6438.0,Offenbach,2551.0,556.0,0.0,7801.145,3136.95,0.0,0.0,10908.145,3136.95,77.66515641225638,30.620213900741074,21.898565573770494,0.0
128,6439.0,Rheingau-Taunus-Kreis,811.41,187433.0,301.0,6439.0,Rheingau-Taunus-Kreis,3045.0,220.0,0.0,6773.808,1579.26,0.0,62250.0,72288.808,1579.26,97.86205319462262,89.09035875821102,8.348193884719192,76.71830517247754
129,6440.0,Wetteraukreis,1100.66,310353.0,386.0,6440.0,Wetteraukreis,10173.5,0.0,0.0,8287.655,3273.4,46.0,45800.0,64307.155,3273.4,95.1562990271388,58.42599440335798,7.529713989787945,41.611396798284666
130,6531.0,Gießen,854.56,271667.0,108.0,6531.0,Gießen,1000.1,0.0,0.0,13222.955,51136.9,229.5,43420.0,57872.555,51136.9,53.08948200869364,67.72204994383075,15.47340736753417,50.80977345066467
131,6532.0,Lahn-Dill-Kreis,1066.3,253373.0,191.0,6532.0,Lahn-Dill-Kreis,2500.6,810.0,0.0,14027.386,3215.922,63.0,136637.25,154038.236,3215.922,97.95495264424106,144.46050454843854,13.155196473787866,128.14147050548627
132,6533.0,Limburg-Weilburg,738.44,172291.0,199.0,6533.0,Limburg-Weilburg,5630.0,548.0,0.0,10326.038,1273.49,615.0,99810.3,116929.338,1273.49,98.92262306955972,158.34643031255078,13.983584312875792,135.1637235252695
133,6534.0,Marburg-Biedenkopf,1262.37,245903.0,218.0,6534.0,Marburg-Biedenkopf,16694.0,16.5,0.0,38999.232,9684.8,551.3,199160.0,255421.032,9684.8,96.34681744760711,202.33452315882033,30.893661921623618,157.76674033761893
134,6535.0,Vogelsbergkreis,1458.91,105506.0,368.0,6535.0,Vogelsbergkreis,16034.0,0.0,0.0,7692.887,392.55,726.95,460759.8,485213.637,392.55,99.91916289155517,332.5864083459569,5.273037404637709,315.8246910364587
135,6611.0,"Kassel,documenta-Stadt",106.8,201048.0,152.0,6611.0,Kassel,16024.0,0.0,0.0,3503.466,6753.61,0.0,8150.0,27677.466,6753.61,80.38513231477286,259.1523033707865,32.803988764044945,76.31086142322097
136,6631.0,Fulda,1380.41,223023.0,101.0,6631.0,Fulda,12555.5,145.0,0.0,20078.343,18208.0,809.35,56192.0,89780.193,18208.0,83.1388974163129,65.03878775146514,14.54520251229707,40.70674654631595
137,6632.0,Hersfeld-Rotenburg,1097.75,120304.0,136.0,6632.0,Hersfeld-Rotenburg,7580.5,0.0,0.0,12390.964,932.2,650.5,155940.0,176561.964,932.2,99.47479963341218,160.83986700068323,11.287601002049646,142.05420177636074
138,6633.0,Kassel,1293.3,237007.0,174.0,6633.0,Kreis Kassel,18370.24,5.5,0.0,18767.806,1484.22,410.2,198894.0,236447.74599999998,1484.22,99.3761998335272,182.82513415294207,14.511564215572568,153.78798422639758
139,6634.0,Schwalm-Eder-Kreis,1539.01,179840.0,322.0,6634.0,Schwalm-Eder-Kreis,22705.5,50.0,0.0,23798.32,1429.8,1008.0,75100.6,122662.42000000001,1429.8,98.84779239181957,79.70215918025225,15.463395299575701,48.797993515311795
140,6635.0,Waldeck-Frankenberg,1848.7,156528.0,373.0,6635.0,Waldeck-Frankenberg,29006.0,99.5,0.0,16871.412,2127.875,4324.3,223511.18,273812.392,2127.875,99.22886390481024,148.11077622112836,9.126095093849733,120.90181208416725
141,6636.0,Werra-Meißner-Kreis,1024.83,100046.0,382.0,6636.0,Werra-Meißner-Kreis,10049.15,0.0,0.0,7969.698,1095.45,702.4,109457.5,128178.74799999999,1095.45,99.15261512587377,125.07318091781076,7.776604900324933,106.80551896412089
142,7111.0,"Koblenz,kreisfreieStadt",105.25,113388.0,159.0,7111.0,Koblenz,1487.0,0.0,0.0,3087.461,3866.25,16171.0,101.0,20846.461,3866.25,84.3552170379041,198.0661377672209,29.334546318289785,0.9596199524940617
143,7131.0,Ahrweiler,787.02,130479.0,0.0,7131.0,Ahrweiler,2909.0,0.0,0.0,9877.252,847.18,0.0,15690.0,28476.252,847.18,97.11091116483227,36.182374018449345,12.5501918629768,19.935960966684455
144,7132.0,Altenkirchen(Westerwald),642.38,129087.0,4.0,7132.0,Altenkirchen (Westerwald),1292.0,140.0,0.0,8268.887,542.2,698.0,19300.0,29698.887000000002,542.2,98.20707503007415,46.232583517544136,12.872267193872787,30.044521934057723
145,7133.0,BadKreuznach,863.89,158746.0,18.0,7133.0,Bad Kreuznach,338.0,50.0,0.0,7444.439,341.27,280.0,138480.0,146592.439,341.27,99.7677387970925,169.6887786639503,8.617345958397483,160.29818611165774
146,7134.0,Birkenfeld,776.83,80830.0,31.0,7134.0,Birkenfeld,9649.3,0.0,0.0,6215.906,1242.045,55.9,153270.6,169191.706,1242.045,99.27124469612828,217.79759535548317,8.001629700191804,197.30262734446404
147,7135.0,Cochem-Zell,692.43,61578.0,50.0,7135.0,Cochem-Zell,9375.0,0.0,0.0,17180.465,232.26,49200.0,140290.0,216045.465,232.26,99.8926103000205,312.0105498028682,24.811843796484844,202.60531750501858
148,7137.0,Mayen-Koblenz,817.73,214786.0,219.0,7137.0,Mayen-Koblenz,9915.0,0.0,0.0,16183.693,884.3,20030.0,58280.0,104408.693,884.3,99.16015304076312,127.68113313685446,19.790998251256525,71.27046824746554
149,7138.0,Neuwied,627.06,183131.0,245.0,7138.0,Neuwied,9472.5,160.0,0.0,6396.979,4157.19,71.0,6.0,16106.479,4157.19,79.48451487240538,25.685706311995663,10.20154211718177,0.009568462348100661
150,7140.0,Rhein-Hunsrück-Kreis,991.06,103401.0,295.0,7140.0,Rhein-Hunsrück-Kreis,7227.65,0.0,0.0,16607.963,479.15,25.0,715355.0,739215.613,479.15,99.93522328074127,745.8838142998407,16.757777531128287,721.8079631909269
151,7141.0,Rhein-Lahn-Kreis,782.24,122574.0,297.0,7141.0,Rhein-Lahn-Kreis,375.0,0.0,0.0,7043.924,843.05,40.0,10979.8,18438.724,843.05,95.62773632758065,23.571696665984863,9.00481182245858,14.036357128247085
152,7143.0,Westerwaldkreis,989.04,202830.0,385.0,7143.0,Westerwaldkreis,22482.0,0.0,0.0,12860.744,2077.8,414.84000000000003,165450.0,201207.584,2077.8,98.97789011727475,203.43725632936992,13.003259726603575,167.28342635282698
153,7211.0,"Trier,kreisfreieStadt",117.06,110674.0,355.0,7211.0,Trier,4137.0,0.0,0.0,1739.375,5873.55,19503.5,0.0,25379.875,5873.55,81.20669974570788,216.81082350931146,14.858833077054502,0.0
154,7231.0,Bernkastel-Wittlich,1167.92,112685.0,28.0,7231.0,Bernkastel-Wittlich,8673.0,0.0,0.0,15854.247,1917.5,52092.6,208854.0,285473.847,1917.5,99.33279132443748,244.42928197136789,13.574771388451262,178.82560449345846
155,7232.0,EifelkreisBitburg-Prüm,1626.95,100055.0,75.0,7232.0,Eifelkreis Bitburg-Prüm,28992.6,675.0,0.0,31441.688,1062.63,932.5,451768.1,513809.888,1062.63,99.79361298907004,315.8117262362088,19.325540428408985,277.67792495159654
156,7233.0,Vulkaneifel,911.64,60491.0,372.0,7233.0,Vulkaneifel,4418.0,6.3,0.0,8894.2,152.5,81.8,186950.0,200350.3,152.5,99.92394121179356,219.7690974507481,9.756263437321751,205.06998376552147
157,7235.0,Trier-Saarburg,1102.26,150533.0,356.0,7235.0,Trier-Saarburg,9437.8,0.0,0.0,24011.515,3626.6,48035.0,163926.703,245411.01799999998,3626.6,98.54375414079009,222.6434942753978,21.78389399960082,148.71872607188868
158,7311.0,"Frankenthal(Pfalz),kreisfreieStadt",43.88,48750.0,93.0,7311.0,Frankenthal (Pfalz),0.0,0.0,0.0,5442.615,49.05,0.0,0.0,5442.615,49.05,99.10682825700403,124.03407019143117,124.03407019143117,0.0
159,7312.0,"Kaiserslautern,kreisfreieStadt",139.7,99662.0,150.0,7312.0,Kaiserslautern,0.0,800.0,0.0,3531.764,1251.85,0.0,9225.0,13556.764,1251.85,91.54647423452322,97.04197566213314,25.28105941302792,66.03435934144596
160,7313.0,"LandauinderPfalz,kreisfreieStadt",82.94,46685.0,192.0,7313.0,Landau in der Pfalz,0.0,7050.0,0.0,3451.3630000000003,1494.35,0.0,0.0,10501.363000000001,1494.35,87.54263293895077,126.61397395707742,41.61276826621655,0.0
161,7314.0,"LudwigshafenamRhein,kreisfreieStadt",77.43,172557.0,203.0,7314.0,Ludwigshafen am Rhein,649.74,5395.0,0.0,1062.696,36872.228,0.0,0.0,7107.436,36872.228,16.160732833247653,91.79176029962545,13.724602867105771,0.0
162,7315.0,"Mainz,kreisfreieStadt",97.73,217123.0,214.0,7315.0,Mainz,2079.0,1940.75,0.0,2356.782,15371.733,0.0,10600.0,16976.532,15371.733,52.480502431892404,173.7085030185204,24.11523585388315,108.4620894300624
163,7316.0,"NeustadtanderWeinstraße,kreisfreieStadt",117.09,53306.0,244.0,7316.0,Neustadt an der Weinstraße,520.5,0.0,0.0,1738.44,2226.35,0.0,3000.0,5258.9400000000005,2226.35,70.25699739088265,44.913656161926724,14.847040737893927,25.621316935690494
164,7317.0,"Pirmasens,kreisfreieStadt",61.35,40176.0,278.0,7317.0,Pirmasens,550.0,0.0,0.0,3681.994,8656.75,0.0,6600.0,10831.994,8656.75,55.58077011017232,176.560619396903,60.016202118989405,107.57946210268949
165,7318.0,"Speyer,kreisfreieStadt",42.71,50741.0,334.0,7318.0,Speyer,174.1,0.0,0.0,1858.571,887.0,0.0,0.0,2032.6709999999998,887.0,69.61986470393411,47.59239054085694,43.516061812221956,0.0
166,7319.0,"Worms,kreisfreieStadt",108.73,83459.0,393.0,7319.0,Worms,760.0,0.0,0.0,4353.183,16697.05,0.0,27000.0,32113.183,16697.05,65.79190679134844,295.3479536466477,40.03663202428032,248.32153039639473
167,7320.0,"Zweibrücken,kreisfreieStadt",70.64,34001.0,398.0,7320.0,Zweibrücken,2695.0,0.0,0.0,1260.671,910.75,200.0,0.0,4155.671,910.75,82.02379944343355,58.82886466591167,17.84641845979615,0.0
168,7331.0,Alzey-Worms,588.07,130715.0,7.0,7331.0,Alzey-Worms,1256.0,0.0,0.0,11247.378,1850.3,7.0,396610.0,409120.378,1850.3,99.54977323224018,695.7001343377489,19.12591698267213,674.4265138503919
169,7332.0,BadDürkheim,594.64,133004.0,16.0,7332.0,Bad Dürkheim,1319.0,5940.0,0.0,6970.575,1051.46,222.0,27010.0,41461.575,1051.46,97.52673503550146,69.72550618861833,11.722344611866003,45.42244046818243
170,7333.0,Donnersbergkreis,645.41,75539.0,66.0,7333.0,Donnersbergkreis,2966.0,0.0,0.0,7770.256,1496.255,0.0,291145.0,301881.256,1496.255,99.50680095071385,467.73563471281824,12.039255666940395,451.1008506220852
171,7334.0,Germersheim,463.32,129006.0,107.0,7334.0,Germersheim,4134.0,100.0,0.0,9047.5,67468.2,55.0,75200.0,88536.5,67468.2,56.75245681700615,191.09147025813692,19.527540360873694,162.30682897349564
172,7335.0,Kaiserslautern,640.0,106320.0,172.0,7335.0,Kreis Kaiserslautern,11467.0,0.0,0.0,7154.367,14514.5,0.0,78050.0,96671.367,14514.5,86.94573295003401,151.0490109375,11.1786984375,121.953125
173,7336.0,Kusel,573.61,70105.0,188.0,7336.0,Kusel,2169.0,0.0,0.0,6668.554,85.0,89.0,157515.0,166441.554,85.0,99.94895708945013,290.1650145569289,11.625588814699883,274.6029532260595
174,7337.0,SüdlicheWeinstraße,639.93,110783.0,350.0,7337.0,Südliche Weinstraße,0.0,4939.3,0.0,11551.314,426.78,59.5,46530.0,63080.114,426.78,99.32797847112472,98.57345959714345,18.050902442454646,72.71107777413155
175,7338.0,Rhein-Pfalz-Kreis,304.99,154754.0,299.0,7338.0,Rhein-Pfalz-Kreis,1873.0,0.0,0.0,8993.435,392.25,0.0,40100.0,50966.435,392.25,99.23625380984736,167.108544542444,29.487638938981604,131.47972064657858
176,7339.0,Mainz-Bingen,605.36,211525.0,215.0,7339.0,Mainz-Bingen,15281.0,0.0,0.0,16620.238,3989.5,98.0,122360.5,154359.738,3989.5,97.48056886765694,254.9883342143518,27.455130831240915,202.12848552927184
177,7340.0,Südwestpfalz,953.53,94912.0,351.0,7340.0,Südwestpfalz,4911.0,0.0,0.0,10526.749,523.75,40.0,118510.0,133987.749,523.75,99.61062808466657,140.51760196323139,11.039766971149309,124.28554948454689
178,8111.0,"Stuttgart,Stadtkreis",207.32,630305.0,345.0,8111.0,Stuttgart,815.3,1253.0,0.0,10552.716,56745.5,650280.5,0.6,662902.116,56745.5,92.11482137390976,3197.482712714644,50.90061740304843,0.002894076789504148
179,8115.0,Böblingen,617.76,392898.0,42.0,8115.0,Böblingen,5735.6,1415.0,0.0,24426.166,133895.76,72.4,0.0,31649.166000000005,133895.76,19.11817339542017,51.23213869463871,39.53989575239576,0.0
180,8116.0,Esslingen,641.28,533617.0,89.0,8116.0,Esslingen,4025.3,264.0,0.0,25091.024,7710.0,7273.86,2251.5,38905.68400000001,7710.0,83.46050226357292,60.668793662674666,39.12647205588823,3.510946856287425
181,8117.0,Göppingen,642.34,258781.0,115.0,8117.0,Göppingen,12375.0,928.0,0.0,11095.959,7172.9800000000005,416.65,108970.0,133785.609,7172.9800000000005,94.91128561169124,208.2784958121867,17.27427686272068,169.64535915558739
182,8118.0,Ludwigsburg,686.77,544971.0,202.0,8118.0,Ludwigsburg,20637.0,76.0,0.0,25383.981,11886.12,19427.5,3004.5,68528.981,11886.12,85.21904486571496,99.78447078352286,36.961400468861484,4.374827089127365
183,8119.0,Rems-Murr-Kreis,858.08,427286.0,290.0,8119.0,Rems-Murr-Kreis,14630.0,253.0,0.0,16912.221,8117.26,326.5,21711.0,53832.721000000005,8117.26,86.89707427028912,62.736249533843,19.709375582696254,25.30183665858661
184,8121.0,"Heilbronn,Stadtkreis",99.9,126458.0,131.0,8121.0,Heilbronn,3884.0,2310.0,0.0,4487.639999999999,2583.2400000000002,4350.0,0.0,15031.64,2583.2400000000002,85.33489867657343,150.46686686686687,44.921321321321315,0.0
185,8125.0,Heilbronn,1099.91,346363.0,170.0,8125.0,Kreis Heilbronn,12470.0,834.0,1400000.0,37752.73,13041.85,19128.78,72205.5,142391.01,1413041.85,9.154429847907418,129.45696466074497,34.32347192042985,65.64673473284178
186,8126.0,Hohenlohekreis,776.76,112765.0,143.0,8126.0,Hohenlohekreis,13649.0,0.0,0.0,17335.016,3723.16,4302.0,42800.0,78086.016,3723.16,95.44897017420149,100.52785416344817,22.317081209125085,55.10067459704413
187,8127.0,SchwäbischHall,1484.07,197860.0,327.0,8127.0,Schwäbisch Hall,68144.0,240.0,0.0,42372.454,2086.523,2671.0,298254.6,411682.054,2086.523,99.49572705227445,277.40069808027926,28.55151980701719,200.9707089288241
188,8128.0,Main-Tauber-Kreis,1304.12,132684.0,212.0,8128.0,Main-Tauber-Kreis,10610.5,0.0,0.0,16886.474,5007.4,20293.0,279673.5,327463.474,5007.4,98.49388310628376,251.09918872496397,12.948558414869797,214.45380793178543
189,8135.0,Heidenheim,627.14,132812.0,130.0,8135.0,Heidenheim,30544.0,0.0,0.0,27935.815000000002,23158.21,479.0,139702.043,198660.858,23158.21,89.55986506985053,316.7727429282138,44.54478266415793,222.760536722263
190,8136.0,Ostalbkreis,1511.39,314294.0,267.0,8136.0,Ostalbkreis,30317.0,0.0,0.0,37588.803,17679.76,396.68,191366.0,259668.483,17679.76,93.62542924059555,171.80772864713938,24.870353118652364,126.61589662496112
191,8211.0,"Baden-Baden,Stadtkreis",140.19,55449.0,20.0,8211.0,Baden-Baden,2295.0,430.0,0.0,1819.578,5612.45,50.31,0.0,4594.888,5612.45,45.01553686181451,32.77614665810685,12.979370853841216,0.0
192,8212.0,"Karlsruhe,Stadtkreis",173.42,308436.0,151.0,8212.0,Karlsruhe,0.0,1442.0,0.0,3120.643,104467.41,1895.0,3110.0,9567.643,104467.41,8.390089492921094,55.17035520701188,17.99471225925499,17.933341021796796
193,8215.0,Karlsruhe,1084.98,446852.0,173.0,8215.0,Kreis Karlsruhe,5796.7,1343.0,0.0,23127.016,5114.67,207.2,2000.0,32473.916,5114.67,86.39302366947243,29.93042821065826,21.315615034378514,1.8433519511880403
194,8216.0,Rastatt,738.43,232091.0,283.0,8216.0,Rastatt,8860.0,5.535,0.0,11773.403,8787.9,193313.5,0.0,213952.438,8787.9,96.05464368110998,289.7396340885392,15.943830830275044,0.0
195,8221.0,"Heidelberg,Stadtkreis",108.83,158741.0,129.0,8221.0,Heidelberg,6992.0,794.0,0.0,1857.58,56.2,6160.0,0.0,15803.58,56.2,99.64564451713706,145.21345217311404,17.068639161995772,0.0
196,8222.0,"Mannheim,Stadtkreis",144.97,309721.0,216.0,8222.0,Mannheim,51751.0,1021.0,0.0,7126.54,2745.18,6300.0,9.8,66208.34,2745.18,96.01879642982695,456.70373180658066,49.15872249430917,0.06760019314340898
197,8225.0,Neckar-Odenwald-Kreis,1125.95,143797.0,236.0,8225.0,Neckar-Odenwald-Kreis,25404.0,281.0,0.0,28316.73,279.12,10427.5,105680.0,170109.22999999998,279.12,99.8361859833727,151.08062524978905,25.149189573249256,93.8585194724455
198,8226.0,Rhein-Neckar-Kreis,1061.55,548233.0,298.0,8226.0,Rhein-Neckar-Kreis,12461.0,2216.5,0.0,33222.354,6360.08,13657.0,10.0,61566.854,6360.08,90.63688050457276,57.997130610899156,31.296080259997176,0.009420187461730489
199,8231.0,"Pforzheim,Stadtkreis",97.99,126016.0,276.0,8231.0,Pforzheim,16561.0,0.0,0.0,5660.784,72378.1,2020.0,5.0,24246.784,72378.1,25.09372637383968,247.4414123890193,57.76899683641188,0.05102561485865905
200,8235.0,Calw,797.29,160149.0,44.0,8235.0,Calw,5108.3,65.0,0.0,10356.781,3533.7000000000003,2617.0,61110.0,79257.081,3533.7000000000003,95.73177114973707,99.40809617579552,12.989979806594842,76.64714219418279
201,8236.0,Enzkreis,573.6,199752.0,82.0,8236.0,Enzkreis,3027.62,220.0,0.0,13540.241,1660.9,3439.8,4.0,20231.661,1660.9,92.41340471770296,35.27137552301255,23.605720013947,0.00697350069735007
202,8237.0,Freudenstadt,870.4,118364.0,98.0,8237.0,Freudenstadt,16515.0,0.0,0.0,10583.516,6740.0,2573.7,20900.0,50572.216,6740.0,88.23985448407718,58.10227022058824,12.159370404411765,24.011948529411764
203,8311.0,"FreiburgimBreisgau,Stadtkreis",153.04,230940.0,96.0,8311.0,Freiburg im Breisgau,7545.0,5.5,0.0,4404.386,4506.5,162.0,9000.0,21116.886,4506.5,82.4125507846621,137.98278881338211,28.779312598013597,58.80815473078934
204,8315.0,Breisgau-Hochschwarzwald,1378.32,264867.0,38.0,8315.0,Breisgau-Hochschwarzwald,8876.1,0.6,0.0,14886.384,6816.01,3543.3,17891.8,45198.183999999994,6816.01,86.89586538628282,32.792228219861855,10.800383075047884,12.980875268442741
205,8316.0,Emmendingen,679.8,166862.0,79.0,8316.0,Emmendingen,6387.5,119.0,0.0,10569.402,4604.25,1782.3,32668.5,51526.702,4604.25,91.79730641304641,75.7968549573404,15.547811120917919,48.056045895851724
206,8317.0,Ortenaukreis,1860.29,432580.0,265.0,8317.0,Ortenaukreis,25435.0,391.0,0.0,24206.039,9872.854,5737.6,115283.7,171053.339,9872.854,94.54315937549187,91.9498244897301,13.011970714243478,61.970821753597555
207,8325.0,Rottweil,769.42,140166.0,309.0,8325.0,Rottweil,25473.0,805.0,0.0,9539.058,4131.394,4040.6,41381.5,81239.158,4131.394,95.160633376249,105.58493150684932,12.397725559512361,53.782719451015055
208,8326.0,Schwarzwald-Baar-Kreis,1025.34,212872.0,324.0,8326.0,Schwarzwald-Baar-Kreis,27524.6,556.2,0.0,16469.49,6575.75,1487.0,9845.0,55882.28999999999,6575.75,89.4717317418222,54.50122886067061,16.06246708408918,9.601693096923947
209,8327.0,Tuttlingen,734.38,141682.0,357.0,8327.0,Tuttlingen,16308.0,5.5,0.0,17263.167,3510.6,2351.0,19800.0,55727.667,3510.6,94.07376316393591,75.88396606661402,23.507131185489804,26.961518559873635
210,8335.0,Konstanz,817.98,286876.0,160.0,8335.0,Konstanz,28597.48,160.0,0.0,22029.316,5912.5,956.0,9902.8,61645.59599999999,5912.5,91.24827318993715,75.36320692437467,26.931362625003054,12.106408469644734
211,8336.0,Lörrach,806.66,228842.0,205.0,8336.0,Lörrach,1379.3,207.0,0.0,14788.259,3113.1,33844.7,26901.8,77121.059,3113.1,96.11998176487397,95.60540872238613,18.33270398928917,33.34961445962363
212,8337.0,Waldshut,1131.12,171237.0,374.0,8337.0,Waldshut,22057.0,0.0,0.0,20174.2,3431.85,204269.5,20.3,246521.0,3431.85,98.62700105239848,217.94416153900562,17.835596576844193,0.017946813777494873
213,8415.0,Reutlingen,1092.48,287497.0,293.0,8415.0,Reutlingen,30143.8,0.0,0.0,21262.239,14309.75,1212.1,7550.0,60168.138999999996,14309.75,80.78657949072642,55.074819676332744,19.462359951669598,6.910881663737551
214,8416.0,Tübingen,519.11,228471.0,358.0,8416.0,Tübingen,8545.4,1.0,0.0,13187.9,3999.88,3847.5,1.0,25582.800000000003,3999.88,86.47898026818395,49.282040415326236,25.40482749320953,0.0019263739862456896
215,8417.0,Zollernalbkreis,917.58,189862.0,397.0,8417.0,Zollernalbkreis,9518.0,0.0,0.0,14468.164999999999,2696.59,329.6,1815.4,26131.165,2696.59,90.64585501021499,28.4783506615227,15.767742322195339,1.9784650929619216
216,8421.0,"Ulm,Stadtkreis",118.68,126405.0,361.0,8421.0,Ulm,23248.0,0.0,0.0,5744.741,3204.2,48.5,31400.0,60441.241,3204.2,94.96554670742245,509.2790781934614,48.40529996629592,264.57701381867207
217,8425.0,Alb-Donau-Kreis,1358.54,198204.0,2.0,8425.0,Alb-Donau-Kreis,58418.65,110.0,0.0,19729.603,3410.57,1356.8,34691.0,114306.053,3410.57,97.10272864351536,84.13889395969203,14.52265152295847,25.535501347034316
218,8426.0,Biberach,1409.52,202250.0,29.0,8426.0,Biberach,78366.3,150.0,0.0,31968.957,13637.31,36280.11,3747.5,150512.867,13637.31,91.69217466028076,106.78306586639424,22.680740252000682,2.658706510017595
219,8435.0,Bodenseekreis,664.77,217901.0,33.0,8435.0,Bodenseekreis,6381.2,178.0,0.0,14849.743,19778.85,73.7,0.0,21482.643,19778.85,52.06462839335455,32.31590324473126,22.338166583931287,0.0
220,8436.0,Ravensburg,1632.08,285888.0,284.0,8436.0,Ravensburg,56266.8,39.0,0.0,29944.804,19128.0,12005.1,8.0,98263.704,19128.0,83.70583325036324,60.207651585706586,18.34763246899662,0.004901720503896868
221,8437.0,Sigmaringen,1204.23,130946.0,330.0,8437.0,Sigmaringen,44496.9,230.0,0.0,16015.323,1194.95,203.5,23650.0,84595.723,1194.95,98.60713296887181,70.24880878237546,13.299222739842056,19.639105486493445
222,9161.0,Ingolstadt,133.35,136952.0,147.0,9161.0,Ingolstadt,1540.0,0.0,0.0,5495.872,2999.1,30.0,0.0,7065.872,2999.1,70.2025996694278,52.98741657292839,41.21388826396701,0.0
223,9162.0,"München,Landeshauptstadt",310.7,1488202.0,234.0,9162.0,München,4382.0,1685.0,0.0,13912.942000000001,740029.91,695.0,5001.0,25675.942000000003,740029.91,3.3532383137643826,82.6390151271323,44.779343418088196,16.095912455745093
224,9163.0,Rosenheim,37.22,63591.0,304.0,9163.0,Rosenheim,8878.0,0.0,0.0,2204.892,114.75,0.0,20.0,11102.892,114.75,98.97705774529085,298.30445996775927,59.2394411606663,0.537345513164965
225,9171.0,Altötting,569.28,111654.0,6.0,9171.0,Altötting,26025.5,6841.0,0.0,36007.504,1523.6,154891.5,1.0,223766.50400000002,1523.6,99.32371641144077,393.06932265317596,63.25095559302979,0.0017566048341765036
226,9172.0,BerchtesgadenerLand,839.82,106327.0,25.0,9172.0,Berchtesgadener Land,4811.0,0.0,0.0,6395.244,2355.3,14651.2,0.0,25857.444,2355.3,91.65164508634821,30.78926912909909,7.615017503750803,0.0
227,9173.0,BadTölz-Wolfratshausen,1110.67,128212.0,19.0,9173.0,Bad Tölz-Wolfratshausen,6864.0,0.0,0.0,8261.69,379.05,2013.5,9.9,17149.09,379.05,97.837477336443,15.440310803388945,7.43847407420746,0.008913538674853916
228,9174.0,Dachau,579.16,155117.0,54.0,9174.0,Dachau,20860.0,0.0,0.0,29084.912,1008.75,235.0,20528.0,70707.912,1008.75,98.59342310159388,122.087008771324,50.21913115546654,35.4444367704952
229,9175.0,Ebersberg,549.39,144091.0,72.0,9175.0,Ebersberg,15246.0,50.0,0.0,12409.364,2128.52,204.4,2313.9,30223.663999999997,2128.52,93.42078420424413,55.01313092702816,22.587531625985182,4.211762136187408
230,9176.0,Eichstätt,1213.85,133169.0,74.0,9176.0,Eichstätt,25701.2,0.0,0.0,49764.659,20334.3,212.0,110303.47,185981.32900000003,20334.3,90.14408161972062,153.21607200230673,40.99737117436257,90.87075833093051
231,9177.0,Erding,870.74,138891.0,83.0,9177.0,Erding,55396.6,0.0,0.0,15968.881,3225.03,354.9,96.48,71816.861,3225.03,95.70236043225509,82.47796242276685,18.33943657119232,0.11080230608447987
232,9178.0,Freising,799.85,180313.0,97.0,9178.0,Freising,49702.1,0.0,0.0,31000.886,292.0,337.1,5330.0,86370.086,292.0,99.6630591144552,107.98285428517846,38.758374695255355,6.663749453022442
233,9179.0,Fürstenfeldbruck,434.8,218740.0,102.0,9179.0,Fürstenfeldbruck,10573.5,0.0,0.0,29413.304,1251.28,1948.0,6106.0,48040.804000000004,1251.28,97.46149909182172,110.4894296228151,67.64789328426863,14.04323827046918
234,9180.0,Garmisch-Partenkirchen,1012.17,88279.0,104.0,9180.0,Garmisch-Partenkirchen,8521.0,55.0,0.0,4465.769,3148.05,2039.0,0.0,15080.769,3148.05,82.73036777643138,14.89944278135096,4.412074058705554,0.0
235,9181.0,LandsbergamLech,804.36,121019.0,193.0,9181.0,Landsberg am Lech,16407.5,372.0,0.0,32260.152,275.38,37331.0,16007.3,102377.952,275.38,99.73173788455303,127.27877069968672,40.106608981053256,19.900666368292804
236,9182.0,Miesbach,866.21,100183.0,225.0,9182.0,Miesbach,1134.1,5500.0,0.0,4985.3,95569.92,63337.5,7.5,74964.40000000001,95569.92,43.95854160030662,86.54298611191282,5.755301832119232,0.008658408469077937
237,9183.0,Mühldorfa.Inn,805.33,116483.0,232.0,9183.0,Mühldorf a. Inn,28663.0,0.0,0.0,16747.02,2266.25,35484.8,4.5,80899.32,2266.25,97.27501416752149,100.4548694324066,20.795226801435437,0.005587771472564042
238,9184.0,München,664.25,349685.0,177.0,9184.0,Kreis München,13565.0,24112.0,0.0,12813.24,430191.21,0.0,9.0,50499.24,430191.21,10.505563403641574,76.02444862627023,19.289785472337222,0.013549115543846444
239,9185.0,Neuburg-Schrobenhausen,739.71,97730.0,238.0,9185.0,Neuburg-Schrobenhausen,10875.0,0.0,0.0,18285.158,1007.95,100.0,13080.0,42340.157999999996,1007.95,97.67475433991261,57.238861175325454,24.719360289843316,17.682605345338036
240,9186.0,Pfaffenhofena.d.Ilm,761.05,129128.0,275.0,9186.0,Pfaffenhofen a.d. Ilm,15425.8,0.0,0.0,18725.174,4614.75,759.0,21153.8,56063.774000000005,4614.75,92.3947556799503,73.66634780894817,24.604393929439592,27.795545627751135
241,9187.0,Rosenheim,1439.44,261721.0,182.0,9187.0,Kreis Rosenheim,45561.1,80.0,0.0,26352.576,3721.81,142954.3,635.5,215583.476,3721.81,98.30290912367703,149.7689907186128,18.307519590952037,0.4414911354415606
242,9188.0,Starnberg,487.71,136610.0,338.0,9188.0,Starnberg,1015.0,17.4,0.0,7116.255,1307.605,109.0,12040.0,20297.655000000002,1307.605,93.94774698383634,41.618287506920105,14.591160730762134,24.686801582907876
243,9189.0,Traunstein,1533.76,177485.0,354.0,9189.0,Traunstein,50549.3,5500.0,0.0,24207.578,526.5,4892.1,4762.3,89911.278,526.5,99.41783178264288,58.62147793657417,15.783159034007928,3.1049838305862716
244,9190.0,Weilheim-Schongau,966.28,136134.0,378.0,9190.0,Weilheim-Schongau,20485.3,0.0,0.0,16306.457,18339.2,21241.2,619.4,58652.357,18339.2,76.18024532222411,60.69913172165418,16.875498820217743,0.6410150267003353
245,9261.0,Landshut,65.83,73065.0,194.0,9261.0,Landshut,7674.0,0.0,0.0,5345.011,1208.478,0.0,2000.0,15019.011,1208.478,92.55289589165643,228.14842776849463,81.1941516026128,30.38128512836093
246,9262.0,Passau,69.56,52415.0,273.0,9262.0,Passau,7306.5,0.0,0.0,3986.647,2690.25,86413.5,0.0,97706.647,2690.25,97.32038531031492,1404.6383985048878,57.312349051178835,0.0
247,9263.0,Straubing,67.59,47612.0,343.0,9263.0,Straubing,1355.0,0.0,0.0,9143.924,612.75,0.0,0.0,10498.924,612.75,94.48552936308246,155.33250480840363,135.28516052670514,0.0
248,9271.0,Deggendorf,861.17,119479.0,58.0,9271.0,Deggendorf,6920.0,0.0,0.0,47073.108,1295.65,7906.0,6.5,61905.608,1295.65,97.94996169221821,71.88546744545212,54.66180661193493,0.007547870919795163
249,9272.0,Freyung-Grafenau,983.85,78355.0,99.0,9272.0,Freyung-Grafenau,7185.01,83.6,0.0,13226.679,531.3,13283.8,234.75,34013.839,531.3,98.46201226748573,34.572179702190375,13.443796310413173,0.23860344564720232
250,9273.0,Kelheim,1065.13,123390.0,154.0,9273.0,Kelheim,24963.15,0.0,0.0,52943.159,1327.35,270.2,4959.7,83136.209,1327.35,98.42849387864415,78.05264052275308,49.705819008008405,4.656426915024457
251,9274.0,Landshut,1347.55,161191.0,175.0,9274.0,Kreis Landshut,36609.0,0.0,1485000.0,42977.234,1952.16,287.44,14497.4,94371.074,1486952.16,5.967854766876839,70.03159363288931,31.89286779711328,10.758339208192647
252,9275.0,Passau,1530.09,193454.0,180.0,9275.0,Kreis Passau,28640.0,56.0,0.0,76956.308,3425.46,215522.5,623.54,321798.348,3425.46,98.94673762629334,210.3133462737486,50.295281976877185,0.40751851198295524
253,9276.0,Regen,974.78,77313.0,286.0,9276.0,Regen,4360.0,147.0,0.0,16746.048,1454.03,2932.1,46.5,24231.647999999997,1454.03,94.33914105751852,24.858581423500684,17.17931020332793,0.047703071462278666
254,9277.0,Rottal-Inn,1281.2,121800.0,308.0,9277.0,Rottal-Inn,56358.9,0.0,0.0,59784.407999999996,1749.25,176384.5,2150.8,294678.608,1749.25,99.40989014601995,230.00203559163285,46.66282235404308,1.6787386824851702
255,9278.0,Straubing-Bogen,1201.61,101745.0,344.0,9278.0,Straubing-Bogen,13684.0,10.0,0.0,37386.225,755.66,764.45,7207.2,59051.87499999999,755.66,98.73651371854734,49.143961018966216,31.11344362979669,5.997952746731469
256,9279.0,Dingolfing-Landau,877.58,97244.0,63.0,9279.0,Dingolfing-Landau,38958.0,80.0,0.0,35124.939,33239.5,679.2,1520.0,76362.139,33239.5,69.67244258089973,87.01444768568106,40.02477153080061,1.7320358257936597
257,9361.0,Amberg,50.13,42052.0,8.0,9361.0,Amberg,2882.0,0.0,0.0,3620.755,1509.2,0.0,0.0,6502.755,1509.2,81.16314931873681,129.71783363255534,72.22730899660881,0.0
258,9362.0,Regensburg,80.86,152270.0,287.0,9362.0,Regensburg,7108.8,0.0,0.0,4102.494,7631.65,2400.0,500.0,14111.294,7631.65,64.90056728288496,174.51513727430125,50.735765520652976,6.183527083848627
259,9363.0,Weideni.d.OPf.,70.57,42535.0,377.0,9363.0,Weiden i.d. OPf.,1064.0,0.0,0.0,1993.4650000000001,780.3,0.0,0.0,3057.465,780.3,79.66785355538966,43.325279863964866,28.248051579991504,0.0
260,9371.0,Amberg-Sulzbach,1255.86,102998.0,9.0,9371.0,Amberg-Sulzbach,23814.56,0.0,0.0,36475.778,55.45,667.5,66049.9,127007.73799999998,55.45,99.95636029532015,101.13208319398659,29.044461962320643,52.593362317455764
261,9372.0,Cham,1526.82,128094.0,46.0,9372.0,Cham,47773.5,29.9,0.0,21203.723,749.43,2131.53,796.1,71934.753,749.43,98.96892285354573,47.114101858765274,13.887506713299539,0.5214105133545539
262,9373.0,Neumarkti.d.OPf.,1343.96,135225.0,239.0,9373.0,Neumarkt i.d. OPf.,50848.4,30.0,0.0,50943.541,3727.998,504.0,159969.5,262295.441,3727.998,98.59862047719787,195.1661068781809,37.90554852823001,119.0284681091699
263,9374.0,Neustadta.d.Waldnaab,1427.69,94645.0,243.0,9374.0,Neustadt a.d. Waldnaab,27106.21,200.0,0.0,31242.125,114.00999999999999,34092.6,10810.0,103450.935,114.00999999999999,99.8899144879573,72.46036254368946,21.882989304400816,7.571671721452136
264,9375.0,Regensburg,1391.65,194275.0,181.0,9375.0,Kreis Regensburg,7571.9,0.0,0.0,31502.149,3953.2000000000003,2727.7,29656.3,71458.049,3953.2000000000003,94.75781126500107,51.34771602055114,22.63654582689613,21.310171379297955
265,9376.0,Schwandorf,1458.34,148477.0,323.0,9376.0,Schwandorf,29436.55,60.0,0.0,41742.65,2317.9700000000003,88584.0,30001.55,189824.74999999997,2317.9700000000003,98.79362070027946,130.1649478173814,28.623400578740213,20.572397383326248
266,9377.0,Tirschenreuth,1084.25,71696.0,353.0,9377.0,Tirschenreuth,43213.3,0.0,0.0,21733.446,2056.65,358.4,30692.6,95997.746,2056.65,97.90254176875457,88.53838690338944,20.044681577127047,28.307678118515103
267,9461.0,Bamberg,54.62,76674.0,21.0,9461.0,Bamberg,1914.0,0.0,0.0,3301.621,2556.09,1295.0,6000.0,12510.621,2556.09,83.03485080453193,229.04835225192238,60.44710728670817,109.8498718418162
268,9462.0,Bayreuth,66.89,74048.0,24.0,9462.0,Bayreuth,877.0,20.5,0.0,1926.013,5207.25,89.0,0.0,2912.513,5207.25,35.869433627557854,43.54182986993571,28.793735984452084,0.0
269,9463.0,Coburg,48.29,40842.0,49.0,9463.0,Coburg,0.0,700.0,0.0,2283.043,3957.06,0.0,0.0,2983.043,3957.06,42.98269060271872,61.7735141851315,47.27775937047008,0.0
270,9464.0,Hof,58.02,45173.0,142.0,9464.0,Hof,5450.7,0.0,0.0,1184.097,4179.5,144.0,0.0,6778.797,4179.5,61.85994958888229,116.8355222337125,20.40842812823164,0.0
271,9471.0,Bamberg,1167.79,147497.0,165.0,9471.0,Kreis Bamberg,25510.5,0.0,0.0,21051.392,1172.81,369.7,78675.0,125606.592,1172.81,99.07492070360136,107.55922897096225,18.026693155447468,67.37084578562927
272,9472.0,Bayreuth,1273.62,103679.0,166.0,9472.0,Kreis Bayreuth,18964.0,52.0,0.0,10742.331,241.3,792.25,111502.0,142052.581,241.3,99.83042137982027,111.53450872316705,8.43448673858765,87.54730610386144
273,9473.0,Coburg,590.42,86571.0,168.0,9473.0,Kreis Coburg,15131.0,69.625,0.0,20945.453,2481.6,205.5,26355.4,62706.978,2481.6,96.19319813971092,106.2074082856272,35.47551404085228,44.63839300836693
274,9474.0,Forchheim,642.82,116600.0,92.0,9474.0,Forchheim,13309.0,0.0,0.0,13222.574,542.35,1918.5,1504.6,29954.674,542.35,98.22162975639853,46.59885193366728,20.569636912354934,2.340624124949441
275,9475.0,Hof,892.52,94522.0,171.0,9475.0,Kreis Hof,19940.0,5.94,0.0,27951.66,2255.4,215.0,243666.5,291779.1,2255.4,99.23294715416048,326.9160354950029,31.317684757764532,273.00956841303275
276,9476.0,Kronach,651.49,66355.0,186.0,9476.0,Kronach,2534.5,0.0,0.0,6249.508,612.25,430.5,27402.0,36616.508,612.25,98.3554380191786,56.20425179204593,9.59263841348294,42.06050745214815
277,9477.0,Kulmbach,658.33,71428.0,187.0,9477.0,Kulmbach,4105.0,0.0,0.0,26052.328,4797.3,507.5,81704.38,112369.20800000001,4797.3,95.905570557757,170.68826880136103,39.57335682712318,124.10854738505004
278,9478.0,Lichtenfels,519.94,66722.0,198.0,9478.0,Lichtenfels,8320.0,0.0,0.0,8470.97,348.2,211.55,12506.0,29508.519999999997,348.2,98.83376338727093,56.753702350271176,16.29220679309151,24.052775320229255
279,9479.0,Wunsiedeli.Fichtelgebirge,606.37,71974.0,394.0,9479.0,Wunsiedel i. Fichtelgebirge,14769.0,0.0,0.0,12616.275,14552.55,1950.2,61295.3,90630.77500000001,14552.55,86.16458454797849,149.46447713442288,20.80623216847799,101.08564078038162
280,9561.0,Ansbach,99.91,41681.0,12.0,9561.0,Ansbach,6099.0,0.0,0.0,4423.339,2501.05,0.0,8430.0,18952.339,2501.05,88.34193515998801,189.6941147032329,44.27323591232109,84.37593834451006
281,9562.0,Erlangen,76.96,112385.0,85.0,9562.0,Erlangen,464.5,0.0,0.0,3768.706,1691.07,0.0,0.0,4233.206,1691.07,71.4552461769168,55.005275467775476,48.969672557172565,0.0
282,9563.0,Fürth,63.35,128223.0,103.0,9563.0,Fürth,6690.9,0.0,0.0,6272.4839999999995,1617.7,400.0,0.0,13363.383999999998,1617.7,89.2017159772951,210.94528808208364,99.01316495659036,0.0
283,9564.0,Nürnberg,186.44,515543.0,252.0,9564.0,Nürnberg,8957.0,0.0,0.0,7918.719,13959.130000000001,558.0,10.0,17443.719,13959.130000000001,55.548205196286496,93.56210577129372,42.47328363012229,0.053636558678395195
284,9565.0,Schwabach,40.8,41056.0,321.0,9565.0,Schwabach,1061.0,0.0,0.0,1194.8,559.7,151.0,1.0,2407.8,559.7,81.13900589721989,59.01470588235295,29.284313725490197,0.02450980392156863
285,9571.0,Ansbach,1971.32,185316.0,162.0,9571.0,Kreis Ansbach,139335.75,5.25,0.0,89901.759,5118.82,171.0,158356.625,387770.384,5118.82,98.69713396349776,196.70595540044235,45.60485309335877,80.3302482600491
286,9572.0,Erlangen-Höchstadt,564.55,138105.0,86.0,9572.0,Erlangen-Höchstadt,10196.5,120.0,0.0,8976.834,12226.45,438.5,35651.5,55383.334,12226.45,81.9161528455704,98.10173412452397,15.900866176600836,63.15029669648393
287,9573.0,Fürth,307.44,118695.0,169.0,9573.0,Kreis Fürth,9734.0,0.0,0.0,9348.422,1428.15,75.0,54940.0,74097.42199999999,1428.15,98.10905106418791,241.0142531876138,30.407305490502214,178.70153525891232
288,9574.0,NürnbergerLand,799.52,171143.0,253.0,9574.0,Nürnberger Land,2917.5,13.0,0.0,19437.518,3070.09,490.0,28063.0,50921.018,3070.09,94.31371180602555,63.68948619171503,24.31148439063438,35.09980988593156
289,9575.0,Neustadta.d.Aisch-BadWindsheim,1267.45,101272.0,242.0,9575.0,Neustadt a.d. Aisch-Bad Windsheim,41538.8,90.0,0.0,51448.835,870.85,31.8,150501.2,243610.635,870.85,99.64379715707305,192.20532170894316,40.59239812221389,118.74330348337213
290,9576.0,Roth,895.16,127168.0,307.0,9576.0,Roth,5887.0,180.0,0.0,21626.344,3182.6,349.5,21541.0,49583.844,3182.6,93.96851529354528,55.391040707806425,24.159193887126325,24.06385450645695
291,9577.0,Weißenburg-Gunzenhausen,970.78,95117.0,381.0,9577.0,Weißenburg-Gunzenhausen,51001.8,0.0,0.0,34672.951,1517.95,392.0,111922.8,197989.55099999998,1517.95,99.23915141416161,203.94893899750716,35.7165897525701,115.29162117060508
292,9661.0,Aschaffenburg,62.45,70858.0,13.0,9661.0,Aschaffenburg,3868.0,0.0,0.0,1015.077,608.95,0.0,0.0,4883.077,608.95,88.91210840733304,78.19178542834267,16.254235388310647,0.0
293,9662.0,Schweinfurt,35.7,53319.0,325.0,9662.0,Schweinfurt,5.5,0.0,0.0,852.51,22711.5,0.0,0.0,858.01,22711.5,3.640338725752042,24.033893557422967,23.879831932773108,0.0
294,9663.0,Würzburg,87.6,126954.0,396.0,9663.0,Würzburg,0.0,1578.0,0.0,2735.4719999999998,44730.85,0.0,2000.0,6313.472,44730.85,12.368607814988707,72.07159817351598,31.226849315068492,22.831050228310502
295,9671.0,Aschaffenburg,698.9,174658.0,163.0,9671.0,Kreis Aschaffenburg,23653.0,85.0,0.0,10873.152,379.28,9735.0,4.0,44350.152,379.28,99.1520571958079,63.457078265846334,15.557521820002862,0.005723279439118615
296,9672.0,BadKissingen,1136.9,103169.0,17.0,9672.0,Bad Kissingen,4509.8,203.96,0.0,14486.93,858.55,788.7,118842.0,138831.38999999998,858.55,99.38538881182139,122.1139853988917,12.742483947576742,104.53162107485267
297,9673.0,Rhön-Grabfeld,1021.68,79510.0,303.0,9673.0,Rhön-Grabfeld,16835.3,9.375,0.0,11689.395,2121.6,244.5,47200.0,75978.57,2121.6,97.28348862748953,74.36630843316891,11.441346605590793,46.19841829144155
298,9674.0,Haßberge,956.19,84275.0,127.0,9674.0,Haßberge,17031.3,0.0,0.0,27025.979,65398.16,231.36,37151.98,81440.619,65398.16,55.46260977830659,85.17200451793053,28.264235141551364,38.85418170028969
299,9675.0,Kitzingen,684.14,91696.0,157.0,9675.0,Kitzingen,10353.0,0.0,0.0,29977.575,3646.8,31.0,27752.0,68113.575,3646.8,94.91808675748976,99.56087204373374,43.81789545999357,40.5647966790423
300,9676.0,Miltenberg,715.58,128743.0,226.0,9676.0,Miltenberg,3386.0,0.0,0.0,8643.734,1536.75,82.0,16800.0,28911.734,1536.75,94.95295069534497,40.40321697084882,12.079339836216775,23.477458844573633
301,9677.0,Main-Spessart,1321.2,125976.0,211.0,9677.0,Main-Spessart,6446.02,29.9,0.0,45872.748,833.25,660.0699999999999,94026.0,147034.73799999998,833.25,99.43649060809565,111.28878141083861,34.72051771117166,71.16712079927339
302,9678.0,Schweinfurt,841.39,115652.0,184.0,9678.0,Kreis Schweinfurt,13710.1,30.0,0.0,33411.362,156.15,24.0,111813.25,158988.712,156.15,99.90188184649028,188.95959305435053,39.70972081912074,132.89110876050344
303,9679.0,Würzburg,968.35,162697.0,185.0,9679.0,Kreis Würzburg,26628.0,39.89,0.0,39421.873,562.1,113.0,126594.0,192796.763,562.1,99.70929700801975,199.09822171735428,40.710355759797594,130.7316569422213
304,9761.0,Augsburg,146.85,295830.0,14.0,9761.0,Augsburg,11955.0,0.0,0.0,4686.937,60555.200000000004,615.0,0.0,17256.936999999998,60555.200000000004,22.177693179150186,117.51404153898535,31.916493020088527,0.0
305,9762.0,Kaufbeuren,40.02,44662.0,153.0,9762.0,Kaufbeuren,3009.0,0.0,0.0,6447.253,874.96,507.0,0.4,9963.652999999998,874.96,91.92738037606843,248.96684157921032,161.10077461269364,0.009995002498750625
306,9763.0,Kempten(Allgäu),63.28,68940.0,155.0,9763.0,Kempten (Allgäu),1850.0,0.0,0.0,6214.068,1046.88,3890.0,0.0,11954.068,1046.88,91.94766412418541,188.90752212389378,98.1995575221239,0.0
307,9764.0,Memmingen,70.11,44360.0,222.0,9764.0,Memmingen,1365.0,0.0,0.0,1637.073,72.05,128.4,0.0,3130.473,72.05,97.75021131776414,44.650877192982456,23.350064184852375,0.0
308,9771.0,Aichach-Friedberg,780.23,135024.0,1.0,9771.0,Aichach-Friedberg,48984.6,0.0,0.0,40123.255,1329.97,169.5,21612.0,110889.355,1329.97,98.81484762094229,142.12393140484215,51.42490675826358,27.699524499186136
309,9772.0,Augsburg,1070.63,255900.0,164.0,9772.0,Kreis Augsburg,32565.0,4.7,0.0,34247.058,2654.25,584.0,16700.53,84101.28799999999,2654.25,96.94054113294762,78.55308369838318,31.987762345534865,15.598787629713344
310,9773.0,Dillingena.d.Donau,792.23,97172.0,62.0,9773.0,Dillingen a.d. Donau,53808.3,231.18,0.0,21155.779,2778.3,433.0,24803.6,100431.859,2778.3,97.30811382627557,126.7710879416331,26.704087196899888,31.308584628201405
311,9774.0,Günzburg,762.4,127342.0,117.0,9774.0,Günzburg,27335.4,98.0,0.0,46983.486,6244.15,281.0,7213.8,81911.686,6244.15,92.91691817204253,107.43925236096538,61.62576862539349,9.461962224554041
312,9775.0,Neu-Ulm,515.84,175823.0,237.0,9775.0,Neu-Ulm,22301.9,105.0,0.0,23276.342,19766.7,757.0,10.0,46450.242,19766.7,70.14857617556547,90.04777062655086,45.12318160669975,0.019385856079404466
313,9776.0,Lindau(Bodensee),323.39,82085.0,200.0,9776.0,Lindau (Bodensee),1026.0,210.0,0.0,4311.79,53.54,333.5,0.0,5881.29,53.54,99.09786800969867,18.186369399177465,13.333096261479946,0.0
314,9777.0,Ostallgäu,1394.43,141907.0,268.0,9777.0,Ostallgäu,32132.3,0.0,0.0,57255.649,8998.34,2199.7,55374.0,146961.64899999998,8998.34,94.23035352996851,105.39191569315058,41.060253293460406,39.71084959445795
315,9778.0,Unterallgäu,1229.57,146164.0,364.0,9778.0,Unterallgäu,41923.26,35.0,0.0,57495.337,6255.75,619.2,7207.4,107280.197,6255.75,94.49007106093016,87.25017445123092,46.76052359768049,5.861724017339395
316,9779.0,Donau-Ries,1274.57,134324.0,65.0,9779.0,Donau-Ries,95491.4,9.0,0.0,36669.82,7199.45,265.8,16147.7,148583.72,7199.45,95.37854442171127,116.57556666169768,28.770346077500648,12.669135473139962
317,9780.0,Oberallgäu,1527.96,156308.0,254.0,9780.0,Oberallgäu,7805.3,0.0,0.0,15837.079,3729.7599999999998,9073.58,29222.57,61938.529,3729.7599999999998,94.32030275678417,40.5367476897301,10.3648518285819,19.125219246577135
318,10041.0,RegionalverbandSaarbrücken,410.95,327502.0,289.0,10041.0,Regionalverband Saarbrücken,1820.0,32901.0,0.0,15401.346,107454.15,2200.0,18000.0,70322.34599999999,107454.15,39.556604828120804,171.12141623068499,37.4774206107799,43.800949020562115
319,10042.0,Merzig-Wadern,556.66,103471.0,223.0,10042.0,Merzig-Wadern,4767.0,0.0,0.0,7506.325,170.85,11030.0,170803.5,194106.825,170.85,99.91205886111206,348.6990712463623,13.48457765961269,306.83630941687926
320,10043.0,Neunkirchen,249.8,131172.0,241.0,10043.0,Neunkirchen,415.0,5200.0,0.0,8081.635,135.95,0.0,77460.0,91156.635,135.95,99.85108319585868,364.91847477982384,32.35242193755004,310.0880704563651
321,10044.0,Saarlouis,459.35,193732.0,314.0,10044.0,Saarlouis,3450.0,19040.0,0.0,26636.116,23463.7,1692.0,51560.0,102378.11600000001,23463.7,81.35460791506696,222.8760552955263,57.986537498639386,112.24556438445629
322,10045.0,Saarpfalz-Kreis,418.28,141656.0,315.0,10045.0,Saarpfalz-Kreis,220.0,0.0,0.0,6804.059,11404.95,0.0,36000.0,43024.059,11404.95,79.04619207746369,102.85946973319308,16.266756717987953,86.06674954575882
323,10046.0,St.Wendel,476.07,86458.0,336.0,10046.0,St. Wendel,1275.3,0.0,0.0,19893.308,722.4,317.0,185900.6,207386.20799999998,722.4,99.6528735610975,435.6212489759909,41.786518789253684,390.4900539836579
324,11000.0,"Berlin,Stadt",891.12,3664088.0,27.0,11000.0,Berlin,39825.0,124.18,0.0,13246.944,392941.804,0.0,20775.2,73971.324,392941.804,15.842631008653068,83.00938594128736,14.865499596014004,23.313582906903672
325,12051.0,"BrandenburganderHavel,Stadt",229.72,72040.0,36.0,12051.0,Brandenburg an der Havel,1937.0,0.0,0.0,6941.785,184652.25,0.0,0.0,8878.785,184652.25,4.587783556265277,38.65046578443322,30.2184616054327,0.0
326,12052.0,"Cottbus,Stadt",165.62,98693.0,52.0,12052.0,Cottbus,635.0,0.0,0.0,3442.691,81897.0,280.0,64000.0,68357.691,81897.0,45.494546988885695,412.7381415288009,20.78668639053254,386.42676005313365
327,12053.0,"Frankfurt(Oder),Stadt",147.85,57015.0,94.0,12053.0,Frankfurt (Oder),2211.9,0.0,0.0,1805.3600000000001,25.685,0.0,21600.0,25617.260000000002,25.685,99.89983599777638,173.26520121745014,12.21075414271221,146.09401420358472
328,12054.0,"Potsdam,Stadt",188.24,182112.0,280.0,12054.0,Potsdam,5546.0,0.0,0.0,1472.531,47550.385,0.0,71750.0,78768.531,47550.385,62.356876938367655,418.44735975350613,7.822625371865703,381.1623459413515
329,12060.0,Barnim,1479.58,187343.0,22.0,12060.0,Barnim,28800.0,1878.0,0.0,20485.943,5125.64,0.0,347294.6,398458.54299999995,5125.64,98.72997004939612,269.3051697103232,13.845782586950351,234.7251246975493
330,12061.0,Dahme-Spreewald,2274.5,173316.0,55.0,12061.0,Dahme-Spreewald,39848.2,4.68,0.0,39894.426999999996,11768.210000000001,5.5,627450.0,707202.807,11768.210000000001,98.36318714916989,310.92671224444933,17.53986678390855,275.86282699494393
331,12062.0,Elbe-Elster,1899.2,101085.0,77.0,12062.0,Elbe-Elster,29203.0,0.0,0.0,35081.369,501.8,0.0,632321.0,696605.369,501.8,99.92801680683905,366.7888421440606,18.47165596040438,332.94071187868576
332,12063.0,Havelland,1727.31,164693.0,126.0,12063.0,Havelland,20196.0,0.0,0.0,25498.446,1585.13,0.0,319400.0,365094.446,1585.13,99.56770703803802,211.36590768304472,14.761939663407263,184.91179927169992
333,12064.0,Märkisch-Oderland,2158.65,197195.0,229.0,12064.0,Märkisch-Oderland,33767.0,0.0,0.0,27020.482,2055.33,0.0,532856.0,593643.482,2055.33,99.65497161340654,275.0068246357677,12.517305723484585,246.8468718875223
334,12065.0,Oberhavel,1808.18,214234.0,257.0,12065.0,Oberhavel,17886.0,0.0,0.0,11720.882,1296.7,157.5,159258.6,189022.98200000002,1296.7,99.3186726741168,104.53770199869483,6.482143370682122,88.07674014755167
335,12066.0,Oberspreewald-Lausitz,1223.48,108396.0,258.0,12066.0,Oberspreewald-Lausitz,18847.0,0.0,0.0,64184.244,4256.75,14.0,492175.0,575220.244,4256.75,99.26541518574938,470.1509170562657,52.46039493902638,402.274659168928
336,12067.0,Oder-Spree,2256.75,179276.0,260.0,12067.0,Oder-Spree,65917.0,0.0,0.0,33703.056000000004,67722.48,780.0,473370.0,573770.056,67722.48,89.44298238880835,254.24617525202171,14.934333000997011,209.757394483217
337,12068.0,Ostprignitz-Ruppin,2526.48,98808.0,271.0,12068.0,Ostprignitz-Ruppin,43623.0,160.0,0.0,31647.239999999998,6773.0,0.0,449327.0,524757.24,6773.0,98.72575453091812,207.7029068110573,12.526218295810772,177.8470441087996
338,12069.0,Potsdam-Mittelmark,2592.02,217954.0,281.0,12069.0,Potsdam-Mittelmark,28260.0,0.0,0.0,46488.754,3464.5,47.5,427980.0,502776.254,3464.5,99.31564182207266,193.97082352759625,17.9353376902956,165.1144667093618
339,12070.0,Prignitz,2138.54,76096.0,282.0,12070.0,Prignitz,38309.0,0.0,0.0,22873.81,421.8,0.0,1016430.0,1077612.81,421.8,99.96087324135168,503.901170892291,10.695993528295006,475.29155405089455
340,12071.0,Spree-Neiße,1656.99,113011.0,335.0,12071.0,Spree-Neiße,11560.0,0.0,0.0,29123.668999999998,4839448.63,3.3,166208.75,206895.71899999998,4839448.63,4.099912821862803,124.86238239216893,17.576249102287882,100.30763613540215
341,12072.0,Teltow-Fläming,2104.21,171554.0,352.0,12072.0,Teltow-Fläming,67898.0,5.28,0.0,15485.688,191973.4,0.0,788320.0,871708.968,191973.4,81.95199941492308,414.26899786618253,7.359383331511588,374.6394133665366
342,12073.0,Uckermark,3077.03,118250.0,359.0,12073.0,Uckermark,33939.0,0.0,0.0,15374.207,234660.57,11.0,1412152.4,1461476.6069999998,234660.57,86.16500049748039,474.9633922971176,4.996443648583211,458.93358205802343
343,13003.0,Rostock,181.36,209061.0,305.0,13003.0,Rostock,3715.0,0.0,0.0,3861.27,573.45,0.0,8801.12,16377.390000000001,573.45,96.61698181329066,90.30320908689899,21.290637406263784,48.52845169827967
344,13004.0,Schwerin,130.52,95609.0,326.0,13004.0,Schwerin,3202.0,440.0,0.0,3397.96,62487.25,0.0,30000.0,37039.96,62487.25,37.21591311561934,283.7876187557462,26.03401777505363,229.84983144345694
345,13071.0,MecklenburgischeSeenplatte,5495.59,258057.0,220.0,13071.0,Mecklenburgische Seenplatte,93381.0,2814.0,0.0,84869.511,1263.7,112.0,699362.7,880539.2109999999,1263.7,99.85669133269623,160.22651089327985,15.44320282262687,127.25889303969181
346,13072.0,LandkreisRostock,3431.26,217072.0,183.0,13072.0,Kreis Rostock,49955.316,0.0,0.0,33537.097,2018.06,84.2,724728.3,808304.9130000001,2018.06,99.7509560919236,235.5708727989135,9.773988855405886,211.21346094437612
347,13073.0,Vorpommern-Rügen,3216.18,225383.0,371.0,13073.0,Vorpommern-Rügen,33122.35,699.0,0.0,50789.35,4645.41,0.0,461274.8,545885.5,4645.41,99.15619451776104,169.731016298839,15.791824462561175,143.4231914880386
348,13074.0,Nordwestmecklenburg,2127.07,157975.0,250.0,13074.0,Nordwestmecklenburg,43775.0,0.0,0.0,18455.624,4895.85,0.0,262425.0,324655.624,4895.85,98.51438989467243,152.63043717414095,8.676547551326472,123.37393691791995
349,13075.0,Vorpommern-Greifswald,3945.66,235773.0,370.0,13075.0,Vorpommern-Greifswald,76072.0,0.0,0.0,43402.273,60924.204999999994,0.0,691953.2,811427.473,60924.204999999994,93.01609585486463,205.65063208690054,11.000003294759306,175.37071111043525
350,13076.0,Ludwigslust-Parchim,4766.8,211844.0,204.0,13076.0,Ludwigslust-Parchim,99682.9,0.0,0.0,74832.957,13240.71,220.0,659350.0,834085.857,13240.71,98.43735455541311,174.97815242930267,15.698782621465131,138.3213056977427
351,14511.0,"Chemnitz,Stadt",221.03,244401.0,47.0,14511.0,Chemnitz,2109.0,0.0,0.0,4905.28,171290.85499999998,400.0,13400.9,20815.18,171290.85499999998,10.83525564410301,94.17355110166041,22.19282450346107,60.62932633579152
352,14521.0,Erzgebirgskreis,1827.94,331917.0,87.0,14521.0,Erzgebirgskreis,12500.0,340.0,0.0,17067.868,5901.466,10405.0,75603.6,115916.46800000001,5901.466,95.15550312977726,63.413715986301526,9.337214569405997,41.360000875302255
353,14522.0,Mittelsachsen,2116.86,301474.0,228.0,14522.0,Mittelsachsen,38358.0,0.0,0.0,29139.69,2521.4,14438.64,248906.8,330843.13,2521.4,99.24365078672285,156.28956567746567,13.76552535358975,117.58302391277645
354,14523.0,Vogtlandkreis,1412.41,223905.0,369.0,14523.0,Vogtlandkreis,14917.0,502.0,0.0,15269.969,8533.31,250.5,30807.799,61747.268,8533.31,87.85822450122707,43.71766555037134,10.811286382849172,21.81222095567151
355,14524.0,Zwickau,949.78,312033.0,399.0,14524.0,Zwickau,20443.3,80.0,0.0,17625.14,7411.0,2828.0,92475.2,133451.63999999998,7411.0,94.73884629735748,140.50794920929056,18.557076375581712,97.36486344206027
356,14612.0,"Dresden,Stadt",328.48,556227.0,68.0,14612.0,Dresden,15350.0,582.0,0.0,9089.919,22142.61,0.0,600.0,25621.919,22142.61,53.64214729302576,78.00145823185582,27.67267109108621,1.826595226497808
357,14625.0,Bautzen,2395.6,298010.0,23.0,14625.0,Bautzen,16957.0,320.0,0.0,21900.918,17755.12,607.5,139940.7,179726.11800000002,17755.12,91.00921172065976,75.02342544665221,9.142143095675406,58.415720487560534
358,14626.0,Görlitz,2111.41,250558.0,116.0,14626.0,Görlitz,42399.2,591.0,0.0,17845.572,2645261.65,1533.0,202342.6,264711.37200000003,2645261.65,9.096695055202474,125.37184724899477,8.45196906332735,95.83292681194085
359,14627.0,Meißen,1454.59,240371.0,221.0,14627.0,Meißen,15510.6,0.0,0.0,40813.628,8922.05,110.5,162401.0,218835.728,8922.05,96.08265848115185,150.44495562323405,28.058509958132532,111.64726830240825
360,14628.0,SächsischeSchweiz-Osterzgebirge,1654.19,244722.0,348.0,14628.0,Sächsische Schweiz-Osterzgebirge,9300.0,0.0,0.0,9653.714,6522.9,1698.1,41858.6,62510.414,6522.9,90.55108378543147,37.78913788621621,5.835916067682672,25.304590161952373
361,14713.0,"Leipzig,Stadt",297.8,597493.0,196.0,14713.0,Leipzig,15904.0,0.0,0.0,11022.989,11481.45,5.0,27000.0,53931.989,11481.45,82.44787282931266,181.10137340496976,37.01473807924781,90.66487575554063
362,14729.0,Leipzig,1651.27,258386.0,176.0,14729.0,Kreis Leipzig,30084.0,160.0,0.0,40698.568,946447.4400000001,900.0,94867.5,166710.068,946447.4400000001,14.976323368606339,100.9586972451507,24.646828198901453,57.4512345043512
363,14730.0,Nordsachsen,2028.56,197444.0,249.0,14730.0,Nordsachsen,66566.0,135.0,0.0,45303.37,5660.98,95.0,136374.73,248474.1,5660.98,97.77245235093085,122.48792246716883,22.33277300153804,67.2273583231455
364,15001.0,"Dessau-Roßlau,Stadt",244.79,79354.0,60.0,15001.0,Dessau-Roßlau,2395.0,0.0,0.0,6873.082,41722.799999999996,0.0,17200.0,26468.082000000002,41722.799999999996,38.81469372987433,108.12566689815762,28.07746231463704,70.26430818252379
365,15002.0,"Halle(Saale),Stadt",135.02,237865.0,120.0,15002.0,Halle (Saale),1316.0,1914.0,0.0,7528.07,2184.84,625.0,63602.7,74985.76999999999,2184.84,97.16881854374354,555.3678714264552,55.75522144867426,471.06132424825944
366,15003.0,"Magdeburg,Landeshauptstadt",201.03,235775.0,209.0,15003.0,Magdeburg,9762.0,0.0,0.0,4453.22,1721.5,0.0,15780.0,29995.22,1721.5,94.57226346230001,149.20768044570463,22.15201711187385,78.49574690344724
367,15081.0,AltmarkkreisSalzwedel,2294.16,82687.0,5.0,15081.0,Altmarkkreis Salzwedel,46908.0,0.0,0.0,21435.916,1644.8,15.0,409831.4,478190.31600000005,1644.8,99.65721558402991,208.4380845276703,9.343688321651499,178.64115841963945
368,15082.0,Anhalt-Bitterfeld,1454.39,157217.0,11.0,15082.0,Anhalt-Bitterfeld,19567.0,0.0,0.0,49580.702,7534.05,3360.0,472235.35,544743.052,7534.05,98.63582068263985,374.55087837512633,34.090376033938625,324.6965050639787
369,15083.0,Börde,2367.14,170567.0,43.0,15083.0,Börde,35910.0,0.0,0.0,22871.21,10615.041000000001,0.0,726885.0,785666.21,10615.041000000001,98.66692315225693,331.90525697677367,9.661959157464281,307.0730924237688
370,15084.0,Burgenlandkreis,1413.99,177590.0,41.0,15084.0,Burgenlandkreis,24305.85,0.0,0.0,22437.213,13706.23,3425.0,505124.0,555292.063,13706.23,97.59116500548096,392.71286430597104,15.868013918061655,357.23307802742596
371,15085.0,Harz,2104.9,210975.0,125.0,15085.0,Harz,29520.0,0.0,0.0,46798.695,7460.53,175.0,246680.0,323173.695,7460.53,97.74356995256616,153.53398973822985,22.233215354648674,117.19321582973062
372,15086.0,JerichowerLand,1577.43,89403.0,149.0,15086.0,Jerichower Land,17000.0,0.0,0.0,15290.668,2278.46,0.0,294485.0,326775.668,2278.46,99.3075728866103,207.1570009445744,9.693405095630233,186.6865724628034
373,15087.0,Mansfeld-Südharz,1449.0,133690.0,217.0,15087.0,Mansfeld-Südharz,36525.0,0.0,0.0,101837.123,7913.05,11.0,423096.0,561469.123,7913.05,98.61023924259742,387.48731746031746,70.28096825396825,291.99171842650105
374,15088.0,Saalekreis,1434.04,183434.0,312.0,15088.0,Saalekreis,31387.0,0.0,0.0,44851.521,10596.43,960.0,306104.6,383303.121,10596.43,97.30986492035885,267.28900239881733,31.276338874787314,213.45611001087835
375,15089.0,Salzlandkreis,1427.56,187457.0,317.0,15089.0,Salzlandkreis,26859.0,0.0,0.0,38897.989,141961.2,712.0,692285.0,758753.9890000001,141961.2,84.23905783607253,531.5040972008183,27.24788380173163,484.9428395303875
376,15090.0,Stendal,2424.0,110485.0,341.0,15090.0,Stendal,188026.0,231.0,0.0,28062.871,20894.9,0.0,838458.0,1054777.871,20894.9,98.05750405110888,435.13938572607265,11.57709199669967,345.8985148514852
377,15091.0,Wittenberg,1931.67,124185.0,389.0,15091.0,Wittenberg,39731.0,263.0,0.0,30121.694,8913.55,7.5,280631.5,350754.694,8913.55,97.5217300529874,181.58106405338387,15.59360242691557,145.2792143585602
378,16051.0,"Erfurt,Stadt",269.91,213692.0,84.0,16051.0,Erfurt,2096.5,808.0,0.0,2305.66,120104.0,32.0,47400.0,52642.16,120104.0,30.473707780248198,195.0359749546145,8.5423289244563,175.61409358675112
379,16052.0,"Gera,Stadt",152.18,92126.0,106.0,16052.0,Gera,2921.0,0.0,0.0,1283.2199999999998,40808.462,400.0,10650.0,15254.22,40808.462,27.209222705399643,100.23800762255223,8.432251281377315,69.98291496911551
380,16053.0,"Jena,Stadt",114.77,110731.0,148.0,16053.0,Jena,3038.0,0.0,0.0,542.54,4813.364,0.0,0.0,3580.54,4813.364,42.65643257297201,31.197525485754117,4.727193517469722,0.0
381,16054.0,"Suhl,Stadt",141.62,36395.0,347.0,16054.0,Suhl,0.0,0.0,0.0,495.105,77.45,0.0,0.0,495.105,77.45,86.47291526578232,3.4960104505013416,3.4960104505013416,0.0
382,16055.0,"Weimar,Stadt",84.48,65098.0,379.0,16055.0,Weimar,265.0,0.0,0.0,1283.465,4654.8,68.0,0.0,1616.465,4654.8,25.775740620114124,19.134292140151512,15.19253077651515,0.0
383,16056.0,"Eisenach,Stadt",104.17,41970.0,76.0,16056.0,Eisenach,170.0,0.0,0.0,537.035,22800.6,50.0,66200.0,66957.035,22800.6,74.59759272846259,642.7669674570413,5.1553710281270995,635.4996640107516
384,16061.0,Eichsfeld,943.07,99463.0,73.0,16061.0,Eichsfeld,25660.0,0.0,0.0,7885.111,2393.5,25.0,84000.0,117570.111,2393.5,98.0048116424238,124.66742765648361,8.361108931468502,89.07080068287614
385,16062.0,Nordhausen,713.93,82456.0,248.0,16062.0,Nordhausen,14573.7,0.0,0.0,6960.375,6537.55,145.0,83670.0,105349.075,6537.55,94.15698703933558,147.5621909711036,9.749380191335286,117.19636378916701
386,16063.0,Wartburgkreis,1266.96,117967.0,376.0,16063.0,Wartburgkreis,5465.0,0.0,0.0,9416.444,23700.95,260.0,89620.0,104761.444,23700.95,81.55028155555003,82.68725453052977,7.43231356948917,70.73625055250363
387,16064.0,Unstrut-Hainich-Kreis,979.68,101698.0,363.0,16064.0,Unstrut-Hainich-Kreis,10302.0,99.0,0.0,17551.546000000002,6207.93,192.5,222256.56,250401.606,6207.93,97.58078748873932,255.5953025477707,17.91559080516087,226.86648701616855
388,16065.0,Kyffhäuserkreis,1037.91,73522.0,189.0,16065.0,Kyffhäuserkreis,5043.0,0.0,0.0,9368.221,2394.79,389.0,215800.0,230600.221,2394.79,98.97217112515769,222.1774729986222,9.026043683941767,207.91783487971017
389,16066.0,Schmalkalden-Meiningen,1251.21,124241.0,320.0,16066.0,Schmalkalden-Meiningen,9540.5,0.0,0.0,16409.734,20355.15,441.5,601.0,26992.734,20355.15,57.00937765244165,21.573304241494235,13.11509179114617,0.4803350356854565
390,16067.0,Gotha,936.08,134563.0,111.0,16067.0,Gotha,8025.0,0.0,0.0,12796.37,5870.65,507.2,171241.75,192570.32,5870.65,97.04161393688008,205.71993846679771,13.670167079736775,182.93495214084265
391,16068.0,Sömmerda,806.86,69107.0,349.0,16068.0,Sömmerda,13141.5,0.0,0.0,5450.312,4233.75,7.5,236355.95,254955.26200000002,4233.75,98.36653955068127,315.98451032397196,6.754966165133976,292.93303671020993
392,16069.0,Hildburghausen,938.42,62656.0,138.0,16069.0,Hildburghausen,12228.0,60.0,0.0,10276.295,92.93,62.6,17904.199,40531.094,92.93,99.77124373498795,43.19078237889218,10.950635110078643,19.079089320346966
393,16070.0,Ilm-Kreis,805.11,105606.0,146.0,16070.0,Ilm-Kreis,8805.0,324.0,0.0,3316.7580000000003,4547.2,299.0,7005.0,19749.758,4547.2,81.28489994508777,24.530508874563726,4.1196333420277975,8.700674442001715
394,16071.0,WeimarerLand,804.48,82291.0,380.0,16071.0,Weimarer Land,6825.0,0.0,0.0,14662.801,1649.2,346.2,126210.0,148044.001,1649.2,98.89827995594803,184.02446425019886,18.2264332239459,156.88394988066827
395,16072.0,Sonneberg,460.85,57044.0,333.0,16072.0,Sonneberg,1622.0,0.0,0.0,1788.71,2092.0,787.59,10.0,4208.3,2092.0,66.79523197308065,9.13160464359336,3.8813279809048495,0.02169903439296951
396,16073.0,Saalfeld-Rudolstadt,1008.79,102139.0,313.0,16073.0,Saalfeld-Rudolstadt,8382.5,350.0,0.0,5761.385,1516.05,8406.0,5200.6,28100.485,1516.05,94.88106897042479,27.855633977339192,5.711183695318154,5.155285044459204
397,16074.0,Saale-Holzland-Kreis,815.24,82816.0,310.0,16074.0,Saale-Holzland-Kreis,24093.75,0.0,0.0,8447.784,1315.38,1469.5,111643.0,145654.03399999999,1315.38,99.10499745205489,178.66399342524898,10.362327658112948,136.9449487267553
398,16075.0,Saale-Orla-Kreis,1151.3,79632.0,311.0,16075.0,Saale-Orla-Kreis,97423.5,0.0,0.0,6147.803,2262.05,6751.5,57329.0,167651.803,2262.05,98.66870772449614,145.61956310257972,5.339879266915661,49.79501433162512
399,16076.0,Greiz,845.98,96668.0,113.0,16076.0,Greiz,16242.5,1.1,0.0,7161.773,1075.95,896.0,49102.0,73403.373,1075.95,98.5553708644747,86.76726754769616,8.465652852313294,58.04156126622379
400,16077.0,AltenburgerLand,569.39,88356.0,3.0,16077.0,Altenburger Land,17285.0,0.0,0.0,17145.392,2324.15,136.0,116525.0,151091.392,2324.15,98.48506222400857,265.3565956549992,30.111860060766787,204.64883471785595
401,,,,,400.0,0.0,offshoreNordsee,0.0,0.0,0.0,0.0,0.0,0.0,6696818.0,6696818.0,0.0,100.0,,,
402,,,,,401.0,0.0,offshoreOstsee,0.0,0.0,0.0,0.0,0.0,0.0,1093000.0,1093000.0,0.0,100.0,,,
