,AGS,Name,Bundesland,buildings_anteil_erneuerbare_2016,buildings_anteil_erneuerbare_2020,buildings_rank,buildings_third,buildings_heating_2002,buildings_heating_2020
0,0,Deutschland,Deutschland,29.271486694573518,37.250118717544154,0,,150.84,128.34
1,1,Schleswig-Holstein,Schleswig-Holstein,17.315705128205128,26.782061369000786,11,mittleren Drittel,165.51,129.76
2,2,Hamburg,Hamburg,7.97615668464377,5.865467419385705,16,unteren Drittel,171.08,141.22
3,3,Niedersachsen,Niedersachsen,15.535672786428073,20.774875890351822,13,unteren Drittel,155.9,130.12
4,4,Bremen,Bremen,4.9273531269741,6.03085553997195,15,unteren Drittel,154.03,124.85
5,5,Nordrhein-Westfalen,Nordrhein-Westfalen,27.602737901829705,40.59387109811473,7,mittleren Drittel,154.65,130.29
6,6,Hessen,Hessen,28.7104,35.13141977345211,8,mittleren Drittel,154.04,128.03
7,7,Rheinland-Pfalz,Rheinland-Pfalz,36.15475255302435,52.37087214225233,3,oberen Drittel,146.97,129.72
8,8,Baden-Württemberg,Baden-Württemberg,46.13644803024677,55.38487556019054,2,oberen Drittel,149.45,126.83
9,9,Bayern,Bayern,39.046006078463215,48.63149618091958,5,oberen Drittel,145.76,122.61
10,10,Saarland,Saarland,37.296195652173914,57.300454250486695,1,oberen Drittel,158.81,142.87
11,11,Berlin,Berlin,8.765882005318625,6.285631810637223,14,unteren Drittel,152.23,125.42
12,12,Brandenburg,Brandenburg,23.664638269100745,30.879478827361563,9,mittleren Drittel,145.56,144.32
13,13,Mecklenburg-Vorpommern,Mecklenburg-Vorpommern,18.80535998183057,23.29861606505921,12,unteren Drittel,152.01,125.07
14,14,Sachsen,Sachsen,31.825972313777193,29.672182987245705,10,mittleren Drittel,141.72,122.1
15,15,Sachsen-Anhalt,Sachsen-Anhalt,39.46308724832215,50.30193236714976,4,oberen Drittel,142.97,131.93
16,16,Thüringen,Thüringen,34.42016806722689,41.64440486791333,6,mittleren Drittel,136.75,124.52
17,1001,Flensburg,Schleswig-Holstein,2.8469750889679717,1.3636363636363635,399,unteren Drittel,165.51,129.76
18,1002,Kiel,Schleswig-Holstein,16.194331983805668,4.059040590405904,394,unteren Drittel,165.51,129.76
19,1003,Lübeck,Schleswig-Holstein,17.38095238095238,7.032967032967033,389,unteren Drittel,165.51,129.76
20,1004,Neumünster,Schleswig-Holstein,0.0,20.0,345,unteren Drittel,165.51,129.76
21,1051,Dithmarschen,Schleswig-Holstein,24.343675417661096,37.9110251450677,252,mittleren Drittel,165.51,129.76
22,1053,Herzogtum Lauenburg,Schleswig-Holstein,17.1960569550931,24.28285523682455,328,unteren Drittel,165.51,129.76
23,1054,Nordfriesland,Schleswig-Holstein,26.839126919967665,46.23069936421435,194,mittleren Drittel,165.51,129.76
24,1055,Ostholstein,Schleswig-Holstein,15.08140531276778,28.688524590163933,306,unteren Drittel,165.51,129.76
25,1056,Pinneberg,Schleswig-Holstein,16.31827376938638,27.63888888888889,314,unteren Drittel,165.51,129.76
26,1057,Plön,Schleswig-Holstein,22.325581395348838,30.97165991902834,291,unteren Drittel,165.51,129.76
27,1058,Rendsburg-Eckernförde,Schleswig-Holstein,16.306156405990016,41.48527528809219,230,mittleren Drittel,165.51,129.76
28,1059,Schleswig-Flensburg,Schleswig-Holstein,21.087786259541986,38.18615751789976,249,mittleren Drittel,165.51,129.76
29,1060,Segeberg,Schleswig-Holstein,10.299003322259136,16.09442060085837,358,unteren Drittel,165.51,129.76
30,1061,Steinburg,Schleswig-Holstein,17.183098591549296,32.214765100671144,286,unteren Drittel,165.51,129.76
31,1062,Stormarn,Schleswig-Holstein,19.662058371735792,27.783669141039237,312,unteren Drittel,165.51,129.76
32,3101,Braunschweig,Niedersachsen,10.495626822157435,13.285714285714286,368,unteren Drittel,155.9,130.12
33,3102,Salzgitter,Niedersachsen,13.88888888888889,15.966386554621849,360,unteren Drittel,155.9,130.12
34,3103,Wolfsburg,Niedersachsen,48.58490566037736,9.720176730486008,378,unteren Drittel,155.9,130.12
35,3151,Gifhorn,Niedersachsen,19.75867269984917,30.317848410757946,297,unteren Drittel,155.9,130.12
36,3153,Goslar,Niedersachsen,43.56435643564357,39.473684210526315,242,mittleren Drittel,155.9,130.12
37,3154,Helmstedt,Niedersachsen,29.20353982300885,35.661764705882355,270,unteren Drittel,155.9,130.12
38,3155,Northeim,Niedersachsen,30.76923076923077,55.48780487804878,129,oberen Drittel,155.9,130.12
39,3157,Peine,Niedersachsen,25.114155251141554,41.968911917098445,227,mittleren Drittel,155.9,130.12
40,3158,Wolfenbüttel,Niedersachsen,18.840579710144926,29.209621993127147,301,unteren Drittel,155.9,130.12
41,3159,Göttingen,Niedersachsen,39.17710196779964,46.58493870402802,193,mittleren Drittel,155.9,130.12
42,3241,Region Hannover,Niedersachsen,21.085409252669038,18.859485650391353,348,unteren Drittel,155.9,130.12
43,3251,Diepholz,Niedersachsen,12.40981240981241,26.08695652173913,321,unteren Drittel,155.9,130.12
44,3252,Hameln-Pyrmont,Niedersachsen,37.86407766990291,42.142857142857146,224,mittleren Drittel,155.9,130.12
45,3254,Hildesheim,Niedersachsen,21.21212121212121,30.0,298,unteren Drittel,155.9,130.12
46,3255,Holzminden,Niedersachsen,68.51851851851852,63.63636363636363,68,oberen Drittel,155.9,130.12
47,3256,Nienburg (Weser),Niedersachsen,17.10914454277286,23.04147465437788,337,unteren Drittel,155.9,130.12
48,3257,Schaumburg,Niedersachsen,24.897959183673468,57.02917771883289,117,oberen Drittel,155.9,130.12
49,3351,Celle,Niedersachsen,24.839400428265524,35.68,269,unteren Drittel,155.9,130.12
50,3352,Cuxhaven,Niedersachsen,16.95364238410596,16.097560975609756,357,unteren Drittel,155.9,130.12
51,3353,Harburg,Niedersachsen,22.359396433470508,18.63091037402964,350,unteren Drittel,155.9,130.12
52,3354,Lüchow-Dannenberg,Niedersachsen,42.16867469879518,45.08196721311475,205,mittleren Drittel,155.9,130.12
53,3355,Lüneburg,Niedersachsen,17.903930131004365,14.840182648401827,363,unteren Drittel,155.9,130.12
54,3356,Osterholz,Niedersachsen,10.493827160493828,13.793103448275861,366,unteren Drittel,155.9,130.12
55,3357,Rotenburg (Wümme),Niedersachsen,9.745127436281859,26.44978783592645,316,unteren Drittel,155.9,130.12
56,3358,Heidekreis,Niedersachsen,22.090261282660332,23.994452149791954,329,unteren Drittel,155.9,130.12
57,3359,Stade,Niedersachsen,17.753623188405797,21.94055944055944,340,unteren Drittel,155.9,130.12
58,3360,Uelzen,Niedersachsen,19.607843137254903,45.59585492227979,202,mittleren Drittel,155.9,130.12
59,3361,Verden,Niedersachsen,17.117117117117118,23.054755043227665,336,unteren Drittel,155.9,130.12
60,3401,Delmenhorst,Niedersachsen,13.48314606741573,20.253164556962027,343,unteren Drittel,155.9,130.12
61,3402,Emden,Niedersachsen,0.0,26.027397260273972,322,unteren Drittel,155.9,130.12
62,3403,Oldenburg (Oldenburg),Niedersachsen,13.910969793322735,11.82053494391717,374,unteren Drittel,155.9,130.12
63,3404,Osnabrück,Niedersachsen,5.574324324324325,20.0,344,unteren Drittel,155.9,130.12
64,3405,Wilhelmshaven,Niedersachsen,8.860759493670885,45.97701149425287,197,mittleren Drittel,155.9,130.12
65,3451,Ammerland,Niedersachsen,4.472843450479234,8.904109589041095,385,unteren Drittel,155.9,130.12
66,3452,Aurich,Niedersachsen,4.862023653088042,9.305373525557012,380,unteren Drittel,155.9,130.12
67,3453,Cloppenburg,Niedersachsen,7.007419620774938,10.603588907014682,377,unteren Drittel,155.9,130.12
68,3454,Emsland,Niedersachsen,7.056229327453142,12.2227465785748,371,unteren Drittel,155.9,130.12
69,3455,Friesland,Niedersachsen,4.743083003952569,11.265432098765432,376,unteren Drittel,155.9,130.12
70,3456,Grafschaft Bentheim,Niedersachsen,5.7251908396946565,19.106699751861044,347,unteren Drittel,155.9,130.12
71,3457,Leer,Niedersachsen,3.855721393034826,11.80461329715061,375,unteren Drittel,155.9,130.12
72,3458,Oldenburg,Niedersachsen,7.4766355140186915,13.805970149253731,365,unteren Drittel,155.9,130.12
73,3459,Osnabrück,Niedersachsen,14.397224631396357,31.865106675843084,288,unteren Drittel,155.9,130.12
74,3460,Vechta,Niedersachsen,6.382978723404255,12.164948453608247,372,unteren Drittel,155.9,130.12
75,3461,Wesermarsch,Niedersachsen,6.976744186046512,18.213058419243985,351,unteren Drittel,155.9,130.12
76,3462,Wittmund,Niedersachsen,8.227848101265822,6.534090909090909,391,unteren Drittel,155.9,130.12
77,4011,Bremen,Bremen,5.138888888888889,6.764466177669112,390,unteren Drittel,154.03,124.85
78,4012,Bremerhaven,Bremen,2.797202797202797,1.5075376884422111,398,unteren Drittel,154.03,124.85
79,5111,Düsseldorf,Nordrhein-Westfalen,17.031802120141343,9.608745684695052,379,unteren Drittel,154.65,130.29
80,5112,Duisburg,Nordrhein-Westfalen,15.488215488215488,50.12531328320802,175,mittleren Drittel,154.65,130.29
81,5113,Essen,Nordrhein-Westfalen,28.406466512702078,12.26215644820296,370,unteren Drittel,154.65,130.29
82,5114,Krefeld,Nordrhein-Westfalen,26.041666666666668,27.66798418972332,313,unteren Drittel,154.65,130.29
83,5116,Mönchengladbach,Nordrhein-Westfalen,32.593856655290104,36.61538461538461,263,mittleren Drittel,154.65,130.29
84,5117,Mülheim an der Ruhr,Nordrhein-Westfalen,23.14814814814815,37.73006134969325,253,mittleren Drittel,154.65,130.29
85,5119,Oberhausen,Nordrhein-Westfalen,19.069767441860463,39.310344827586206,244,mittleren Drittel,154.65,130.29
86,5120,Remscheid,Nordrhein-Westfalen,24.375,46.15384615384615,195,mittleren Drittel,154.65,130.29
87,5122,Solingen,Nordrhein-Westfalen,50.625,40.13840830449827,236,mittleren Drittel,154.65,130.29
88,5124,Wuppertal,Nordrhein-Westfalen,68.32844574780059,17.941176470588236,352,unteren Drittel,154.65,130.29
89,5154,Kleve,Nordrhein-Westfalen,55.154639175257735,74.72745292368681,18,oberen Drittel,154.65,130.29
90,5158,Mettmann,Nordrhein-Westfalen,25.3315649867374,35.483870967741936,273,unteren Drittel,154.65,130.29
91,5162,Rhein-Kreis Neuss,Nordrhein-Westfalen,31.20376597175521,37.211367673179396,257,mittleren Drittel,154.65,130.29
92,5166,Viersen,Nordrhein-Westfalen,47.23247232472325,50.53763440860215,168,mittleren Drittel,154.65,130.29
93,5170,Wesel,Nordrhein-Westfalen,31.170108161258604,51.721014492753625,160,mittleren Drittel,154.65,130.29
94,5314,Bonn,Nordrhein-Westfalen,12.637828668363019,23.304157549234137,334,unteren Drittel,154.65,130.29
95,5315,Köln,Nordrhein-Westfalen,10.994075049374588,41.310383120488616,231,mittleren Drittel,154.65,130.29
96,5316,Leverkusen,Nordrhein-Westfalen,36.885245901639344,22.61904761904762,338,unteren Drittel,154.65,130.29
97,5334,Städteregion Aachen,Nordrhein-Westfalen,25.679475164011247,28.354430379746834,309,unteren Drittel,154.65,130.29
98,5358,Düren,Nordrhein-Westfalen,27.246376811594203,47.66990291262136,186,mittleren Drittel,154.65,130.29
99,5362,Rhein-Erft-Kreis,Nordrhein-Westfalen,28.861429832303617,37.38379814077025,255,mittleren Drittel,154.65,130.29
100,5366,Euskirchen,Nordrhein-Westfalen,33.71868978805395,56.59229208924949,118,oberen Drittel,154.65,130.29
101,5370,Heinsberg,Nordrhein-Westfalen,44.97991967871486,60.56210335448776,92,oberen Drittel,154.65,130.29
102,5374,Oberbergischer Kreis,Nordrhein-Westfalen,34.375,51.68539325842696,162,mittleren Drittel,154.65,130.29
103,5378,Rheinisch-Bergischer Kreis,Nordrhein-Westfalen,30.27027027027027,52.70805812417437,156,mittleren Drittel,154.65,130.29
104,5382,Rhein-Sieg-Kreis,Nordrhein-Westfalen,39.611178614823814,62.59711431742508,75,oberen Drittel,154.65,130.29
105,5512,Bottrop,Nordrhein-Westfalen,40.15151515151515,48.927038626609445,178,mittleren Drittel,154.65,130.29
106,5513,Gelsenkirchen,Nordrhein-Westfalen,29.285714285714285,44.97607655502392,207,mittleren Drittel,154.65,130.29
107,5515,Münster,Nordrhein-Westfalen,14.523974982626823,19.335142469470828,346,unteren Drittel,154.65,130.29
108,5554,Borken,Nordrhein-Westfalen,19.710544452102,37.28129205921938,256,mittleren Drittel,154.65,130.29
109,5558,Coesfeld,Nordrhein-Westfalen,29.47761194029851,42.189421894218945,223,mittleren Drittel,154.65,130.29
110,5562,Recklinghausen,Nordrhein-Westfalen,17.152858809801632,37.148399612027156,259,mittleren Drittel,154.65,130.29
111,5566,Steinfurt,Nordrhein-Westfalen,15.233415233415233,27.87286063569682,311,unteren Drittel,154.65,130.29
112,5570,Warendorf,Nordrhein-Westfalen,18.31750339213026,42.71412680756396,219,mittleren Drittel,154.65,130.29
113,5711,Bielefeld,Nordrhein-Westfalen,21.236559139784948,42.42424242424242,222,mittleren Drittel,154.65,130.29
114,5754,Gütersloh,Nordrhein-Westfalen,33.954933954933956,38.062547673531654,250,mittleren Drittel,154.65,130.29
115,5758,Herford,Nordrhein-Westfalen,30.67484662576687,48.122866894197955,183,mittleren Drittel,154.65,130.29
116,5762,Höxter,Nordrhein-Westfalen,37.19806763285024,58.095238095238095,110,oberen Drittel,154.65,130.29
117,5766,Lippe,Nordrhein-Westfalen,27.032136105860115,34.18803418803419,278,unteren Drittel,154.65,130.29
118,5770,Minden-Lübbecke,Nordrhein-Westfalen,35.062893081761004,42.71961492178099,218,mittleren Drittel,154.65,130.29
119,5774,Paderborn,Nordrhein-Westfalen,29.94112699747687,64.01709401709402,67,oberen Drittel,154.65,130.29
120,5911,Bochum,Nordrhein-Westfalen,31.88976377952756,25.205479452054796,323,unteren Drittel,154.65,130.29
121,5913,Dortmund,Nordrhein-Westfalen,31.971995332555426,22.14076246334311,339,unteren Drittel,154.65,130.29
122,5914,Hagen,Nordrhein-Westfalen,35.08771929824562,23.56687898089172,332,unteren Drittel,154.65,130.29
123,5915,Hamm,Nordrhein-Westfalen,8.562691131498472,20.70175438596491,342,unteren Drittel,154.65,130.29
124,5916,Herne,Nordrhein-Westfalen,34.54545454545455,33.149171270718234,282,unteren Drittel,154.65,130.29
125,5954,Ennepe-Ruhr-Kreis,Nordrhein-Westfalen,34.48979591836735,63.51039260969977,70,oberen Drittel,154.65,130.29
126,5958,Hochsauerlandkreis,Nordrhein-Westfalen,32.321041214750544,58.9540412044374,102,oberen Drittel,154.65,130.29
127,5962,Märkischer Kreis,Nordrhein-Westfalen,56.666666666666664,54.729729729729726,136,mittleren Drittel,154.65,130.29
128,5966,Olpe,Nordrhein-Westfalen,41.84100418410042,70.44334975369458,33,oberen Drittel,154.65,130.29
129,5970,Siegen-Wittgenstein,Nordrhein-Westfalen,44.135802469135804,80.0875273522976,9,oberen Drittel,154.65,130.29
130,5974,Soest,Nordrhein-Westfalen,37.690631808278866,48.214285714285715,182,mittleren Drittel,154.65,130.29
131,5978,Unna,Nordrhein-Westfalen,30.046403712296982,50.22573363431151,174,mittleren Drittel,154.65,130.29
132,6411,Darmstadt,Hessen,38.04347826086956,9.158415841584159,383,unteren Drittel,154.04,128.03
133,6412,Frankfurt am Main,Hessen,11.197916666666666,5.2243804420629605,392,unteren Drittel,154.04,128.03
134,6413,Offenbach am Main,Hessen,6.932409012131716,5.044136191677175,393,unteren Drittel,154.04,128.03
135,6414,Wiesbaden,Hessen,23.02771855010661,34.32032301480484,277,unteren Drittel,154.04,128.03
136,6431,Bergstraße,Hessen,46.2,55.65345080763583,128,oberen Drittel,154.04,128.03
137,6432,Darmstadt-Dieburg,Hessen,44.28934010152284,65.10832383124287,61,oberen Drittel,154.04,128.03
138,6433,Groß-Gerau,Hessen,36.23336745138178,42.640364188163886,221,mittleren Drittel,154.04,128.03
139,6434,Hochtaunuskreis,Hessen,35.15625,44.54545454545455,212,mittleren Drittel,154.04,128.03
140,6435,Main-Kinzig-Kreis,Hessen,35.1925630810093,44.89966555183946,208,mittleren Drittel,154.04,128.03
141,6436,Main-Taunus-Kreis,Hessen,46.089850249584025,44.8559670781893,210,mittleren Drittel,154.04,128.03
142,6437,Odenwaldkreis,Hessen,41.54929577464789,72.05882352941177,29,oberen Drittel,154.04,128.03
143,6438,Offenbach,Hessen,19.469026548672566,29.43820224719101,299,unteren Drittel,154.04,128.03
144,6439,Rheingau-Taunus-Kreis,Hessen,41.30434782608695,64.32584269662921,66,oberen Drittel,154.04,128.03
145,6440,Wetteraukreis,Hessen,38.433734939759034,32.926829268292686,284,unteren Drittel,154.04,128.03
146,6531,Gießen,Hessen,12.731871838111298,30.498773507767783,294,unteren Drittel,154.04,128.03
147,6532,Lahn-Dill-Kreis,Hessen,41.527001862197395,60.034013605442176,95,oberen Drittel,154.04,128.03
148,6533,Limburg-Weilburg,Hessen,50.98039215686274,54.621848739495796,138,mittleren Drittel,154.04,128.03
149,6534,Marburg-Biedenkopf,Hessen,48.49187935034803,53.88429752066116,145,mittleren Drittel,154.04,128.03
150,6535,Vogelsbergkreis,Hessen,54.3859649122807,82.10526315789474,8,oberen Drittel,154.04,128.03
151,6611,Kassel,Hessen,3.870967741935484,9.074410163339383,384,unteren Drittel,154.04,128.03
152,6631,Fulda,Hessen,45.585874799357946,69.91150442477876,34,oberen Drittel,154.04,128.03
153,6632,Hersfeld-Rotenburg,Hessen,42.33576642335766,69.23076923076923,37,oberen Drittel,154.04,128.03
154,6633,Kassel,Hessen,28.51153039832285,26.19047619047619,318,unteren Drittel,154.04,128.03
155,6634,Schwalm-Eder-Kreis,Hessen,36.90851735015773,51.862464183381086,159,mittleren Drittel,154.04,128.03
156,6635,Waldeck-Frankenberg,Hessen,37.5,60.3448275862069,94,oberen Drittel,154.04,128.03
157,6636,Werra-Meißner-Kreis,Hessen,60.0,51.515151515151516,163,mittleren Drittel,154.04,128.03
158,7111,Koblenz,Rheinland-Pfalz,17.2972972972973,77.95918367346938,11,oberen Drittel,146.97,129.72
159,7131,Ahrweiler,Rheinland-Pfalz,37.91469194312796,47.602739726027394,187,mittleren Drittel,146.97,129.72
160,7132,Altenkirchen (Westerwald),Rheinland-Pfalz,58.9622641509434,75.79908675799086,13,oberen Drittel,146.97,129.72
161,7133,Bad Kreuznach,Rheinland-Pfalz,58.46153846153846,73.72262773722628,22,oberen Drittel,146.97,129.72
162,7134,Birkenfeld,Rheinland-Pfalz,68.42105263157895,68.4931506849315,46,oberen Drittel,146.97,129.72
163,7135,Cochem-Zell,Rheinland-Pfalz,63.503649635036496,79.05405405405405,10,oberen Drittel,146.97,129.72
164,7137,Mayen-Koblenz,Rheinland-Pfalz,31.818181818181817,56.2596599690881,124,oberen Drittel,146.97,129.72
165,7138,Neuwied,Rheinland-Pfalz,28.19672131147541,51.447178002894354,165,mittleren Drittel,146.97,129.72
166,7140,Rhein-Hunsrück-Kreis,Rheinland-Pfalz,42.45810055865922,55.27950310559006,132,oberen Drittel,146.97,129.72
167,7141,Rhein-Lahn-Kreis,Rheinland-Pfalz,50.39370078740158,56.43153526970954,121,oberen Drittel,146.97,129.72
168,7143,Westerwaldkreis,Rheinland-Pfalz,42.950108459869845,54.279015240328256,141,mittleren Drittel,146.97,129.72
169,7211,Trier,Rheinland-Pfalz,61.650485436893206,34.0,280,unteren Drittel,146.97,129.72
170,7231,Bernkastel-Wittlich,Rheinland-Pfalz,68.2983682983683,82.83582089552239,6,oberen Drittel,146.97,129.72
171,7232,Eifelkreis Bitburg-Prüm,Rheinland-Pfalz,75.44378698224853,85.34278959810875,1,oberen Drittel,146.97,129.72
172,7233,Vulkaneifel,Rheinland-Pfalz,56.86274509803921,84.24657534246575,3,oberen Drittel,146.97,129.72
173,7235,Trier-Saarburg,Rheinland-Pfalz,73.20388349514563,83.77952755905511,4,oberen Drittel,146.97,129.72
174,7311,Frankenthal (Pfalz),Rheinland-Pfalz,5.147058823529412,39.39393939393939,243,mittleren Drittel,146.97,129.72
175,7312,Kaiserslautern,Rheinland-Pfalz,28.75,24.583333333333332,327,unteren Drittel,146.97,129.72
176,7313,Landau in der Pfalz,Rheinland-Pfalz,8.928571428571429,36.61971830985915,262,mittleren Drittel,146.97,129.72
177,7314,Ludwigshafen am Rhein,Rheinland-Pfalz,11.589403973509933,15.973741794310722,359,unteren Drittel,146.97,129.72
178,7315,Mainz,Rheinland-Pfalz,3.6093418259023355,17.147192716236724,354,unteren Drittel,146.97,129.72
179,7316,Neustadt an der Weinstraße,Rheinland-Pfalz,8.421052631578947,30.4,295,unteren Drittel,146.97,129.72
180,7317,Pirmasens,Rheinland-Pfalz,31.372549019607842,72.72727272727273,26,oberen Drittel,146.97,129.72
181,7318,Speyer,Rheinland-Pfalz,7.6923076923076925,3.278688524590164,396,unteren Drittel,146.97,129.72
182,7319,Worms,Rheinland-Pfalz,43.58974358974359,40.0,239,mittleren Drittel,146.97,129.72
183,7320,Zweibrücken,Rheinland-Pfalz,34.42622950819672,28.767123287671232,304,unteren Drittel,146.97,129.72
184,7331,Alzey-Worms,Rheinland-Pfalz,27.223719676549866,65.02890173410404,63,oberen Drittel,146.97,129.72
185,7332,Bad Dürkheim,Rheinland-Pfalz,26.21359223300971,34.86590038314176,276,unteren Drittel,146.97,129.72
186,7333,Donnersbergkreis,Rheinland-Pfalz,46.08695652173913,56.25,125,oberen Drittel,146.97,129.72
187,7334,Germersheim,Rheinland-Pfalz,36.36363636363637,37.93103448275862,251,mittleren Drittel,146.97,129.72
188,7335,Kaiserslautern,Rheinland-Pfalz,32.5,45.878136200716845,198,mittleren Drittel,146.97,129.72
189,7336,Kusel,Rheinland-Pfalz,39.583333333333336,53.48837209302326,147,mittleren Drittel,146.97,129.72
190,7337,Südliche Weinstraße,Rheinland-Pfalz,38.802083333333336,58.333333333333336,108,oberen Drittel,146.97,129.72
191,7338,Rhein-Pfalz-Kreis,Rheinland-Pfalz,19.41747572815534,48.113207547169814,184,mittleren Drittel,146.97,129.72
192,7339,Mainz-Bingen,Rheinland-Pfalz,29.82456140350877,58.638743455497384,106,oberen Drittel,146.97,129.72
193,7340,Südwestpfalz,Rheinland-Pfalz,54.03225806451613,69.18238993710692,38,oberen Drittel,146.97,129.72
194,8111,Stuttgart,Baden-Württemberg,46.0923623445826,40.32882011605416,234,mittleren Drittel,149.45,126.83
195,8115,Böblingen,Baden-Württemberg,39.288025889967635,61.90068493150685,82,oberen Drittel,149.45,126.83
196,8116,Esslingen,Baden-Württemberg,42.50764525993884,57.46367239101717,115,oberen Drittel,149.45,126.83
197,8117,Göppingen,Baden-Württemberg,54.791666666666664,72.58979206049149,27,oberen Drittel,149.45,126.83
198,8118,Ludwigsburg,Baden-Württemberg,37.22804190169219,50.355067785668176,171,mittleren Drittel,149.45,126.83
199,8119,Rems-Murr-Kreis,Baden-Württemberg,27.4390243902439,52.99145299145299,153,mittleren Drittel,149.45,126.83
200,8121,Heilbronn,Baden-Württemberg,36.440677966101696,35.06172839506173,274,unteren Drittel,149.45,126.83
201,8125,Heilbronn,Baden-Württemberg,53.75494071146245,69.5840554592721,36,oberen Drittel,149.45,126.83
202,8126,Hohenlohekreis,Baden-Württemberg,77.93594306049822,68.14988290398126,51,oberen Drittel,149.45,126.83
203,8127,Schwäbisch Hall,Baden-Württemberg,41.1764705882353,62.724935732647815,74,oberen Drittel,149.45,126.83
204,8128,Main-Tauber-Kreis,Baden-Württemberg,66.0377358490566,65.21739130434783,60,oberen Drittel,149.45,126.83
205,8135,Heidenheim,Baden-Württemberg,44.888888888888886,42.67515923566879,220,mittleren Drittel,149.45,126.83
206,8136,Ostalbkreis,Baden-Württemberg,56.60847880299252,69.02654867256638,41,oberen Drittel,149.45,126.83
207,8211,Baden-Baden,Baden-Württemberg,41.77215189873418,36.0,267,unteren Drittel,149.45,126.83
208,8212,Karlsruhe,Baden-Württemberg,10.70615034168565,36.6,264,mittleren Drittel,149.45,126.83
209,8215,Karlsruhe,Baden-Württemberg,46.36140637775961,45.81113801452784,200,mittleren Drittel,149.45,126.83
210,8216,Rastatt,Baden-Württemberg,33.208255159474675,54.641909814323604,137,mittleren Drittel,149.45,126.83
211,8221,Heidelberg,Baden-Württemberg,5.683836589698046,23.672566371681416,331,unteren Drittel,149.45,126.83
212,8222,Mannheim,Baden-Württemberg,11.374407582938389,13.757523645743767,367,unteren Drittel,149.45,126.83
213,8225,Neckar-Odenwald-Kreis,Baden-Württemberg,73.04964539007092,75.6923076923077,14,oberen Drittel,149.45,126.83
214,8226,Rhein-Neckar-Kreis,Baden-Württemberg,44.73684210526316,57.79816513761468,111,oberen Drittel,149.45,126.83
215,8231,Pforzheim,Baden-Württemberg,41.452991452991455,26.19647355163728,317,unteren Drittel,149.45,126.83
216,8235,Calw,Baden-Württemberg,61.96319018404908,83.37028824833703,5,oberen Drittel,149.45,126.83
217,8236,Enzkreis,Baden-Württemberg,57.50636132315522,69.15520628683693,40,oberen Drittel,149.45,126.83
218,8237,Freudenstadt,Baden-Württemberg,60.07462686567164,59.00216919739697,101,oberen Drittel,149.45,126.83
219,8311,Freiburg im Breisgau,Baden-Württemberg,24.889867841409693,18.830525272547078,349,unteren Drittel,149.45,126.83
220,8315,Breisgau-Hochschwarzwald,Baden-Württemberg,28.457142857142856,61.27508854781582,88,oberen Drittel,149.45,126.83
221,8316,Emmendingen,Baden-Württemberg,52.919020715630886,58.94039735099338,104,oberen Drittel,149.45,126.83
222,8317,Ortenaukreis,Baden-Württemberg,61.33434420015163,65.09863429438543,62,oberen Drittel,149.45,126.83
223,8325,Rottweil,Baden-Württemberg,58.092485549132945,73.56076759061834,23,oberen Drittel,149.45,126.83
224,8326,Schwarzwald-Baar-Kreis,Baden-Württemberg,55.43933054393305,48.91146589259797,179,mittleren Drittel,149.45,126.83
225,8327,Tuttlingen,Baden-Württemberg,51.21951219512195,68.27956989247312,48,oberen Drittel,149.45,126.83
226,8335,Konstanz,Baden-Württemberg,56.88775510204081,57.685009487666036,113,oberen Drittel,149.45,126.83
227,8336,Lörrach,Baden-Württemberg,41.029900332225914,54.12748171368861,144,mittleren Drittel,149.45,126.83
228,8337,Waldshut,Baden-Württemberg,60.770577933450085,68.24769433465086,49,oberen Drittel,149.45,126.83
229,8415,Reutlingen,Baden-Württemberg,51.67464114832536,64.73254759746146,64,oberen Drittel,149.45,126.83
230,8416,Tübingen,Baden-Württemberg,51.92307692307692,48.4375,181,mittleren Drittel,149.45,126.83
231,8417,Zollernalbkreis,Baden-Württemberg,75.48209366391184,73.16666666666667,25,oberen Drittel,149.45,126.83
232,8421,Ulm,Baden-Württemberg,14.47084233261339,17.142857142857142,355,unteren Drittel,149.45,126.83
233,8425,Alb-Donau-Kreis,Baden-Württemberg,56.68257756563246,75.55803571428571,15,oberen Drittel,149.45,126.83
234,8426,Biberach,Baden-Württemberg,65.03884572697004,82.68398268398268,7,oberen Drittel,149.45,126.83
235,8435,Bodenseekreis,Baden-Württemberg,41.964285714285715,40.053404539385845,237,mittleren Drittel,149.45,126.83
236,8436,Ravensburg,Baden-Württemberg,57.142857142857146,56.40744797371303,122,oberen Drittel,149.45,126.83
237,8437,Sigmaringen,Baden-Württemberg,65.51724137931035,74.44717444717445,21,oberen Drittel,149.45,126.83
238,9161,Ingolstadt,Bayern,21.209386281588447,41.9917864476386,226,mittleren Drittel,145.76,122.61
239,9162,München,Bayern,17.227852239293888,27.508946631398786,315,unteren Drittel,145.76,122.61
240,9163,Rosenheim,Bayern,16.037735849056602,38.35125448028674,248,mittleren Drittel,145.76,122.61
241,9171,Altötting,Bayern,55.45454545454545,52.85053929121726,155,mittleren Drittel,145.76,122.61
242,9172,Berchtesgadener Land,Bayern,36.271186440677965,42.950819672131146,217,mittleren Drittel,145.76,122.61
243,9173,Bad Tölz-Wolfratshausen,Bayern,38.23529411764706,58.909853249475894,105,oberen Drittel,145.76,122.61
244,9174,Dachau,Bayern,45.033112582781456,46.61764705882353,191,mittleren Drittel,145.76,122.61
245,9175,Ebersberg,Bayern,57.00636942675159,43.5700575815739,214,mittleren Drittel,145.76,122.61
246,9176,Eichstätt,Bayern,49.86449864498645,65.74585635359117,58,oberen Drittel,145.76,122.61
247,9177,Erding,Bayern,43.796992481203006,39.530988274706864,241,mittleren Drittel,145.76,122.61
248,9178,Freising,Bayern,45.01758499413833,56.17433414043583,126,oberen Drittel,145.76,122.61
249,9179,Fürstenfeldbruck,Bayern,39.175257731958766,38.69731800766284,246,mittleren Drittel,145.76,122.61
250,9180,Garmisch-Partenkirchen,Bayern,35.714285714285715,45.38461538461539,204,mittleren Drittel,145.76,122.61
251,9181,Landsberg am Lech,Bayern,59.068627450980394,66.88741721854305,53,oberen Drittel,145.76,122.61
252,9182,Miesbach,Bayern,32.47126436781609,31.80515759312321,289,unteren Drittel,145.76,122.61
253,9183,Mühldorf am Inn,Bayern,30.252100840336134,40.92920353982301,233,mittleren Drittel,145.76,122.61
254,9184,München,Bayern,43.28743545611015,40.18691588785047,235,mittleren Drittel,145.76,122.61
255,9185,Neuburg-Schrobenhausen,Bayern,45.0,62.8131021194605,73,oberen Drittel,145.76,122.61
256,9186,Pfaffenhofen an der Ilm,Bayern,52.622061482820975,46.123650637880274,196,mittleren Drittel,145.76,122.61
257,9187,Rosenheim,Bayern,55.077452667814114,68.7382297551789,44,oberen Drittel,145.76,122.61
258,9188,Starnberg,Bayern,56.04651162790697,67.1003717472119,52,oberen Drittel,145.76,122.61
259,9189,Traunstein,Bayern,61.08108108108108,66.21438263229308,56,oberen Drittel,145.76,122.61
260,9190,Weilheim-Schongau,Bayern,48.18652849740933,64.39716312056737,65,oberen Drittel,145.76,122.61
261,9261,Landshut,Bayern,29.74910394265233,26.09699769053118,320,unteren Drittel,145.76,122.61
262,9262,Passau,Bayern,30.193905817174514,23.926380368098158,330,unteren Drittel,145.76,122.61
263,9263,Straubing,Bayern,33.854166666666664,47.1042471042471,190,mittleren Drittel,145.76,122.61
264,9271,Deggendorf,Bayern,38.69209809264305,66.84709066305818,54,oberen Drittel,145.76,122.61
265,9272,Freyung-Grafenau,Bayern,53.17460317460318,55.319148936170215,131,oberen Drittel,145.76,122.61
266,9273,Kelheim,Bayern,39.59484346224678,58.310626702997276,109,oberen Drittel,145.76,122.61
267,9274,Landshut,Bayern,43.881856540084385,63.35403726708075,71,oberen Drittel,145.76,122.61
268,9275,Passau,Bayern,37.084398976982094,43.096774193548384,215,mittleren Drittel,145.76,122.61
269,9276,Regen,Bayern,71.21212121212122,61.07382550335571,89,oberen Drittel,145.76,122.61
270,9277,Rottal-Inn,Bayern,32.73657289002558,59.4383775351014,100,oberen Drittel,145.76,122.61
271,9278,Straubing-Bogen,Bayern,55.094339622641506,62.07332490518331,80,oberen Drittel,145.76,122.61
272,9279,Dingolfing-Landau,Bayern,57.330415754923415,58.94245723172628,103,oberen Drittel,145.76,122.61
273,9361,Amberg,Bayern,30.681818181818183,29.41176470588235,300,unteren Drittel,145.76,122.61
274,9362,Regensburg,Bayern,33.830275229357795,15.532544378698224,362,unteren Drittel,145.76,122.61
275,9363,Weiden in der Oberpfalz,Bayern,51.515151515151516,35.77235772357724,268,unteren Drittel,145.76,122.61
276,9371,Amberg-Sulzbach,Bayern,76.84210526315789,84.49612403100775,2,oberen Drittel,145.76,122.61
277,9372,Cham,Bayern,51.670378619153674,59.79557069846678,99,oberen Drittel,145.76,122.61
278,9373,Neumarkt in der Oberpfalz,Bayern,42.41573033707865,56.261343012704174,123,oberen Drittel,145.76,122.61
279,9374,Neustadt an der Waldnaab,Bayern,69.14285714285714,69.88636363636364,35,oberen Drittel,145.76,122.61
280,9375,Regensburg,Bayern,58.73015873015873,62.123893805309734,79,oberen Drittel,145.76,122.61
281,9376,Schwandorf,Bayern,40.49079754601227,53.36391437308868,150,mittleren Drittel,145.76,122.61
282,9377,Tirschenreuth,Bayern,50.0,75.38461538461539,17,oberen Drittel,145.76,122.61
283,9461,Bamberg,Bayern,13.063063063063064,15.765765765765765,361,unteren Drittel,145.76,122.61
284,9462,Bayreuth,Bayern,57.142857142857146,61.34453781512605,87,oberen Drittel,145.76,122.61
285,9463,Coburg,Bayern,15.625,7.317073170731708,388,unteren Drittel,145.76,122.61
286,9464,Hof,Bayern,11.320754716981131,23.076923076923077,335,unteren Drittel,145.76,122.61
287,9471,Bamberg,Bayern,52.30769230769231,70.75892857142857,32,oberen Drittel,145.76,122.61
288,9472,Bayreuth,Bayern,87.5,62.897526501766784,72,oberen Drittel,145.76,122.61
289,9473,Coburg,Bayern,32.94117647058823,47.509578544061306,188,mittleren Drittel,145.76,122.61
290,9474,Forchheim,Bayern,75.30864197530865,54.166666666666664,143,mittleren Drittel,145.76,122.61
291,9475,Hof,Bayern,73.91304347826087,66.02564102564102,57,oberen Drittel,145.76,122.61
292,9476,Kronach,Bayern,17.647058823529413,51.14503816793893,166,mittleren Drittel,145.76,122.61
293,9477,Kulmbach,Bayern,59.40594059405941,61.86440677966102,83,oberen Drittel,145.76,122.61
294,9478,Lichtenfels,Bayern,36.92307692307692,61.40350877192982,86,oberen Drittel,145.76,122.61
295,9479,Wunsiedel im Fichtelgebirge,Bayern,63.333333333333336,60.0,97,oberen Drittel,145.76,122.61
296,9561,Ansbach,Bayern,65.07936507936508,44.87179487179487,209,mittleren Drittel,145.76,122.61
297,9562,Erlangen,Bayern,23.450134770889488,40.0,240,mittleren Drittel,145.76,122.61
298,9563,Fürth,Bayern,16.898608349900595,14.729950900163667,364,unteren Drittel,145.76,122.61
299,9564,Nürnberg,Bayern,11.595547309833025,28.127313101406365,310,unteren Drittel,145.76,122.61
300,9565,Schwabach,Bayern,17.708333333333332,32.608695652173914,285,unteren Drittel,145.76,122.61
301,9571,Ansbach,Bayern,49.55156950672646,60.888888888888886,91,oberen Drittel,145.76,122.61
302,9572,Erlangen-Höchstadt,Bayern,55.07518796992481,37.61755485893417,254,mittleren Drittel,145.76,122.61
303,9573,Fürth,Bayern,49.51923076923077,65.64195298372513,59,oberen Drittel,145.76,122.61
304,9574,Nürnberger Land,Bayern,37.660485021398,75.46125461254613,16,oberen Drittel,145.76,122.61
305,9575,Neustadt an der Aisch-Bad Windsheim,Bayern,66.86746987951807,68.28644501278772,47,oberen Drittel,145.76,122.61
306,9576,Roth,Bayern,49.71264367816092,55.989583333333336,127,oberen Drittel,145.76,122.61
307,9577,Weißenburg-Gunzenhausen,Bayern,64.78260869565217,54.27728613569322,142,mittleren Drittel,145.76,122.61
308,9661,Aschaffenburg,Bayern,29.75206611570248,74.6951219512195,19,oberen Drittel,145.76,122.61
309,9662,Schweinfurt,Bayern,28.07017543859649,12.429378531073446,369,unteren Drittel,145.76,122.61
310,9663,Würzburg,Bayern,14.673913043478262,17.894736842105264,353,unteren Drittel,145.76,122.61
311,9671,Aschaffenburg,Bayern,51.75879396984924,63.55140186915888,69,oberen Drittel,145.76,122.61
312,9672,Bad Kissingen,Bayern,26.31578947368421,41.75824175824176,228,mittleren Drittel,145.76,122.61
313,9673,Röhn-Grabfeld,Bayern,37.404580152671755,50.27322404371585,173,mittleren Drittel,145.76,122.61
314,9674,Haßberge,Bayern,48.38709677419355,54.621848739495796,139,mittleren Drittel,145.76,122.61
315,9675,Kitzingen,Bayern,49.72375690607735,55.18518518518518,133,oberen Drittel,145.76,122.61
316,9676,Miltenberg,Bayern,42.34234234234234,73.43173431734317,24,oberen Drittel,145.76,122.61
317,9677,Main-Spessart,Bayern,61.76470588235294,74.60815047021944,20,oberen Drittel,145.76,122.61
318,9678,Schweinfurt,Bayern,65.76923076923077,71.73913043478261,30,oberen Drittel,145.76,122.61
319,9679,Würzburg,Bayern,46.851851851851855,68.80733944954129,43,oberen Drittel,145.76,122.61
320,9761,Augsburg,Bayern,23.068669527896997,36.49025069637883,265,mittleren Drittel,145.76,122.61
321,9762,Kaufbeuren,Bayern,23.80952380952381,8.8,386,unteren Drittel,145.76,122.61
322,9763,Kempten (Allgäu),Bayern,14.233576642335766,66.46341463414635,55,oberen Drittel,145.76,122.61
323,9764,Memmingen,Bayern,30.508474576271187,60.46511627906977,93,oberen Drittel,145.76,122.61
324,9771,Aichach-Friedberg,Bayern,56.95067264573991,59.944367176634216,98,oberen Drittel,145.76,122.61
325,9772,Augsburg,Bayern,41.753171856978085,50.42194092827004,170,mittleren Drittel,145.76,122.61
326,9773,Dillingen an der Donau,Bayern,61.07382550335571,53.47432024169184,149,mittleren Drittel,145.76,122.61
327,9774,Günzburg,Bayern,49.48717948717949,60.033167495854066,96,oberen Drittel,145.76,122.61
328,9775,Neu-Ulm,Bayern,34.87064116985377,48.69383490073145,180,mittleren Drittel,145.76,122.61
329,9776,Lindau (Bodensee),Bayern,50.23696682464455,38.578680203045685,247,mittleren Drittel,145.76,122.61
330,9777,Ostallgäu,Bayern,47.807637906647805,56.5356004250797,119,oberen Drittel,145.76,122.61
331,9778,Unterallgäu,Bayern,54.57271364317841,69.15776986951364,39,oberen Drittel,145.76,122.61
332,9779,Donau-Ries,Bayern,54.42176870748299,47.22662440570523,189,mittleren Drittel,145.76,122.61
333,9780,Oberallgäu,Bayern,57.58157389635317,53.47826086956522,148,mittleren Drittel,145.76,122.61
334,10041,Regionalverband Saarbrücken,Saarland,26.486486486486488,46.59090909090909,192,mittleren Drittel,158.81,142.87
335,10042,Merzig-Wadern,Saarland,62.94642857142857,72.08480565371025,28,oberen Drittel,158.81,142.87
336,10043,Neunkirchen,Saarland,43.90243902439025,62.585034013605444,76,oberen Drittel,158.81,142.87
337,10044,Saarlouis,Saarland,31.786542923433874,51.688311688311686,161,mittleren Drittel,158.81,142.87
338,10045,Saarpfalz-Kreis,Saarland,32.075471698113205,54.827586206896555,134,mittleren Drittel,158.81,142.87
339,10046,Sankt Wendel,Saarland,45.535714285714285,61.627906976744185,85,oberen Drittel,158.81,142.87
340,12051,Brandenburg an der Havel,Brandenburg,23.62204724409449,30.656934306569344,292,unteren Drittel,145.56,144.32
341,12052,Cottbus,Brandenburg,33.12101910828026,41.58878504672897,229,mittleren Drittel,145.56,144.32
342,12053,Frankfurt (Oder),Brandenburg,56.09756097560975,28.72340425531915,305,unteren Drittel,145.56,144.32
343,12054,Potsdam,Brandenburg,7.794361525704809,9.299363057324841,381,unteren Drittel,145.56,144.32
344,12060,Barnim,Brandenburg,20.952380952380953,24.705882352941178,326,unteren Drittel,145.56,144.32
345,12061,Dahme-Spreewald,Brandenburg,20.763187429854096,16.646341463414632,356,unteren Drittel,145.56,144.32
346,12062,Elbe-Elster,Brandenburg,42.10526315789474,68.69565217391305,45,oberen Drittel,145.56,144.32
347,12063,Havelland,Brandenburg,29.503916449086162,34.91525423728814,275,unteren Drittel,145.56,144.32
348,12064,Märkisch-Oderland,Brandenburg,22.704837117472852,40.96,232,mittleren Drittel,145.56,144.32
349,12065,Oberhavel,Brandenburg,23.86759581881533,36.67100130039012,261,mittleren Drittel,145.56,144.32
350,12066,Oberspreewald-Lausitz,Brandenburg,41.48936170212766,51.48514851485149,164,mittleren Drittel,145.56,144.32
351,12067,Oder-Spree,Brandenburg,17.896389324960754,35.53846153846154,272,unteren Drittel,145.56,144.32
352,12068,Ostprignitz-Ruppin,Brandenburg,19.51219512195122,35.648148148148145,271,unteren Drittel,145.56,144.32
353,12069,Potsdam-Mittelmark,Brandenburg,31.17709437963945,45.833333333333336,199,mittleren Drittel,145.56,144.32
354,12070,Prignitz,Brandenburg,31.77570093457944,52.94117647058823,154,mittleren Drittel,145.56,144.32
355,12071,Spree-Neiße,Brandenburg,43.61233480176212,53.04347826086956,152,mittleren Drittel,145.56,144.32
356,12072,Teltow-Fläming,Brandenburg,30.581039755351682,32.075471698113205,287,unteren Drittel,145.56,144.32
357,12073,Uckermark,Brandenburg,26.041666666666668,28.82882882882883,303,unteren Drittel,145.56,144.32
358,13003,Rostock,Mecklenburg-Vorpommern,6.026785714285714,3.2723772858517806,397,unteren Drittel,152.01,125.07
359,13004,Schwerin,Mecklenburg-Vorpommern,4.464285714285714,3.7225042301184432,395,unteren Drittel,152.01,125.07
360,13071,Mecklenburgische Seenplatte,Mecklenburg-Vorpommern,19.708029197080293,26.182965299684543,319,unteren Drittel,152.01,125.07
361,13072,Rostock,Mecklenburg-Vorpommern,21.32867132867133,30.643611911623438,293,unteren Drittel,152.01,125.07
362,13073,Vorpommern-Rügen,Mecklenburg-Vorpommern,16.97699890470975,21.753908905506457,341,unteren Drittel,152.01,125.07
363,13074,Nordwestmecklenburg,Mecklenburg-Vorpommern,27.36842105263158,28.53080568720379,308,unteren Drittel,152.01,125.07
364,13075,Vorpommern-Greifswald,Mecklenburg-Vorpommern,19.977678571428573,44.416873449131515,213,mittleren Drittel,152.01,125.07
365,13076,Ludwigslust-Parchim,Mecklenburg-Vorpommern,26.558265582655828,30.376344086021504,296,unteren Drittel,152.01,125.07
366,14511,Chemnitz,Sachsen,36.928104575163395,29.19463087248322,302,unteren Drittel,141.72,122.1
367,14521,Erzgebirgskreis,Sachsen,47.79220779220779,51.005025125628144,167,mittleren Drittel,141.72,122.1
368,14522,Mittelsachsen,Sachsen,45.664739884393065,54.75,135,mittleren Drittel,141.72,122.1
369,14523,Vogtlandkreis,Sachsen,42.51207729468599,54.583333333333336,140,mittleren Drittel,141.72,122.1
370,14524,Zwickau,Sachsen,39.178082191780824,62.18905472636816,78,oberen Drittel,141.72,122.1
371,14612,Dresden,Sachsen,14.468629961587707,8.42741935483871,387,unteren Drittel,141.72,122.1
372,14625,Bautzen,Sachsen,40.618556701030926,33.273381294964025,281,unteren Drittel,141.72,122.1
373,14626,Görlitz,Sachsen,56.61764705882353,58.55855855855856,107,oberen Drittel,141.72,122.1
374,14627,Meißen,Sachsen,34.386617100371744,47.916666666666664,185,mittleren Drittel,141.72,122.1
375,14628,Sächsische Schweiz-Osterzgebirge,Sachsen,46.20390455531454,53.503184713375795,146,mittleren Drittel,141.72,122.1
376,14713,Leipzig,Sachsen,26.885245901639344,9.16385135135135,382,unteren Drittel,141.72,122.1
377,14729,Leipzig,Sachsen,42.384105960264904,62.40601503759399,77,oberen Drittel,141.72,122.1
378,14730,Nordsachsen,Sachsen,44.02332361516035,56.493506493506494,120,oberen Drittel,141.72,122.1
379,15001,Dessau-Rolau,Sachsen-Anhalt,16.883116883116884,37.03703703703704,260,mittleren Drittel,142.97,131.93
380,15002,Halle (Saale),Sachsen-Anhalt,45.45454545454545,28.68632707774799,307,unteren Drittel,142.97,131.93
381,15003,Magdeburg,Sachsen-Anhalt,38.095238095238095,43.07692307692308,216,mittleren Drittel,142.97,131.93
382,15081,Altmarkkreis Salzwedel,Sachsen-Anhalt,28.235294117647058,57.758620689655174,112,oberen Drittel,142.97,131.93
383,15082,Anhalt-Bitterfeld,Sachsen-Anhalt,65.12605042016807,68.98395721925134,42,oberen Drittel,142.97,131.93
384,15083,Börde,Sachsen-Anhalt,37.049180327868854,49.447513812154696,177,mittleren Drittel,142.97,131.93
385,15084,Burgenlandkreis,Sachsen-Anhalt,49.63503649635037,77.18446601941747,12,oberen Drittel,142.97,131.93
386,15085,Harz,Sachsen-Anhalt,25.183374083129586,36.0655737704918,266,mittleren Drittel,142.97,131.93
387,15086,Jerichower Land,Sachsen-Anhalt,36.44444444444444,62.0,81,oberen Drittel,142.97,131.93
388,15087,Mansfeld-Südharz,Sachsen-Anhalt,64.21052631578948,50.48543689320388,169,mittleren Drittel,142.97,131.93
389,15088,Saalekreis,Sachsen-Anhalt,46.85314685314685,61.68674698795181,84,oberen Drittel,142.97,131.93
390,15089,Salzlandkreis,Sachsen-Anhalt,29.468599033816425,53.09278350515464,151,mittleren Drittel,142.97,131.93
391,15090,Stendal,Sachsen-Anhalt,31.914893617021278,34.13461538461539,279,unteren Drittel,142.97,131.93
392,15091,Wittenberg,Sachsen-Anhalt,38.55421686746988,60.90909090909091,90,oberen Drittel,142.97,131.93
393,16051,Erfurt,Thüringen,25.19685039370079,23.31081081081081,333,unteren Drittel,136.75,124.52
394,16052,Gera,Thüringen,33.333333333333336,33.00970873786408,283,unteren Drittel,136.75,124.52
395,16053,Jena,Thüringen,10.0,11.885245901639344,373,unteren Drittel,136.75,124.52
396,16054,Suhl,Thüringen,23.80952380952381,44.776119402985074,211,mittleren Drittel,136.75,124.52
397,16055,Weimar,Thüringen,24.62686567164179,45.774647887323944,201,mittleren Drittel,136.75,124.52
398,16056,Eisenach,Thüringen,34.09090909090909,40.0,238,mittleren Drittel,136.75,124.52
399,16061,Eichsfeld,Thüringen,18.09045226130653,24.796747967479675,325,unteren Drittel,136.75,124.52
400,16062,Nordhausen,Thüringen,45.205479452054796,37.16814159292036,258,mittleren Drittel,136.75,124.52
401,16063,Wartburgkreis,Thüringen,51.68539325842696,57.54716981132076,114,oberen Drittel,136.75,124.52
402,16064,Unstrut-Hainich-Kreis,Thüringen,35.67567567567568,31.162790697674417,290,unteren Drittel,136.75,124.52
403,16065,Kyffhäuserkreis,Thüringen,26.785714285714285,45.56962025316456,203,mittleren Drittel,136.75,124.52
404,16066,Schmalkalden-Meiningen,Thüringen,47.107438016528924,45.06172839506173,206,mittleren Drittel,136.75,124.52
405,16067,Gotha,Thüringen,34.45945945945946,50.292397660818715,172,mittleren Drittel,136.75,124.52
406,16068,Sömmerda,Thüringen,42.592592592592595,57.42574257425743,116,oberen Drittel,136.75,124.52
407,16069,Hildburghausen,Thüringen,58.46153846153846,52.083333333333336,158,mittleren Drittel,136.75,124.52
408,16070,Ilm-Kreis,Thüringen,46.875,49.70059880239521,176,mittleren Drittel,136.75,124.52
409,16071,Weimarer Land,Thüringen,61.40350877192982,68.23529411764706,50,oberen Drittel,136.75,124.52
410,16072,Sonneberg,Thüringen,42.30769230769231,38.775510204081634,245,mittleren Drittel,136.75,124.52
411,16073,Saalfeld-Rudolstadt,Thüringen,46.666666666666664,55.376344086021504,130,oberen Drittel,136.75,124.52
412,16074,Saale-Holzland-Kreis,Thüringen,47.43589743589744,70.99236641221374,31,oberen Drittel,136.75,124.52
413,16075,Saale-Orla-Kreis,Thüringen,43.10344827586207,42.028985507246375,225,mittleren Drittel,136.75,124.52
414,16076,Greiz,Thüringen,61.81818181818182,52.7027027027027,157,mittleren Drittel,136.75,124.52
415,16077,Altenburger Land,Thüringen,20.792079207920793,24.817518248175183,324,unteren Drittel,136.75,124.52
