AGS,Name,animalcount_Anzahl_Rinder_2010,animalcount_Anzahl_Rinder_2016,animalcount_Anzahl_Rinder_2020,animalcount_Anzahl_Schafe_2010,animalcount_Anzahl_Schafe_2016,animalcount_Anzahl_Schafe_2020,animalcount_Anzahl_Schweine_2010,animalcount_Anzahl_Schweine_2016,animalcount_Anzahl_Schweine_2020
0,Deutschland,12534507.0,27571352.0,2088541.0,12354040.0,27977515.0,1834275.0,11274534.0,26299994.0,1809264.0
1,Schleswig-Holstein,1137172.0,1620161.0,281728.0,1095984.0,1461628.0,205685.0,981961.0,1375394.0,213452.0
2,Hamburg,6088.0,,1890.0,6157.0,,1649.0,5698.0,,1343.0
3,Niedersachsen,2484629.0,8428731.0,205569.0,2605513.0,8917955.0,197718.0,2359904.0,8572562.0,179887.0
4,Bremen,10558.0,,160.0,9990.0,,125.0,8797.0,228.0,208.0
5,Nordrhein-Westfalen,1380823.0,6669884.0,136833.0,1412681.0,7263582.0,159409.0,1288588.0,6924055.0,164938.0
6,Hessen,463652.0,726173.0,139920.0,438852.0,613507.0,127710.0,406304.0,543934.0,129507.0
7,Rheinland-Pfalz,368880.0,258166.0,89229.0,343140.0,188148.0,79173.0,,,
8,"Baden-Württemberg, Land",1014986.0,2132799.0,248650.0,984363.0,1875626.0,243558.0,928755.0,1670409.0,240971.0
9,Bayern,3355911.0,3654276.0,387725.0,3185933.0,3456293.0,317507.0,2963285.0,3069850.0,312626.0
10,Saarland,50371.0,11953.0,10021.0,47960.0,5385.0,8307.0,41130.0,2866.0,6084.0
11,Berlin,514.0,51.0,368.0,435.0,44.0,540.0,448.0,,601.0
12,Brandenburg,554492.0,804603.0,102916.0,531500.0,803412.0,80645.0,466348.0,777498.0,83255.0
13,Mecklenburg-Vorpommern,544158.0,765399.0,83670.0,547414.0,782396.0,73811.0,485196.0,762636.0,86409.0
14,Sachsen,489044.0,658479.0,102176.0,485523.0,654271.0,94584.0,441698.0,642844.0,85701.0
15,Sachsen-Anhalt,336856.0,1082955.0,103421.0,335638.0,1188953.0,82894.0,298823.0,1122045.0,71197.0
16,Thüringen,336373.0,755712.0,194265.0,322957.0,764412.0,160960.0,287410.0,686527.0,156453.0
31,"Braunschweig, Stat. Region",79418.0,237694.0,21793.0,76651.0,200467.0,22732.0,64018.0,176919.0,21096.0
32,"Hannover, Stat. Region",211663.0,1181831.0,35429.0,212529.0,1160197.0,32230.0,189580.0,1085202.0,27391.0
33,"Lüneburg, Stat. Region",823273.0,1390663.0,65481.0,845102.0,1332397.0,59910.0,758676.0,1261704.0,60627.0
34,"Weser-Ems, Stat. Region",1370275.0,5618543.0,82866.0,1471231.0,6224894.0,82846.0,1347630.0,6048737.0,70773.0
51,"Düsseldorf, Regierungsbezirk",248191.0,525406.0,21921.0,260323.0,577180.0,26283.0,231229.0,520394.0,27917.0
53,"Köln, Regierungsbezirk",216320.0,62586.0,30632.0,212063.0,73621.0,34976.0,193588.0,58452.0,32787.0
55,"Münster, Regierungsbezirk",512534.0,3884107.0,19069.0,528165.0,4361989.0,22005.0,479761.0,4197451.0,25326.0
57,"Detmold, Regierungsbezirk",200662.0,1531593.0,33491.0,205758.0,1545141.0,35260.0,193384.0,1444334.0,34672.0
59,"Arnsberg, Regierungsbezirk",203116.0,666192.0,31720.0,206372.0,705651.0,40885.0,190626.0,703424.0,44236.0
64,"Darmstadt, Regierungsbezirk",112796.0,107685.0,39103.0,103876.0,88253.0,34723.0,96709.0,81347.0,35519.0
65,"Gießen, Regierungsbezirk",128680.0,146576.0,49280.0,121003.0,126639.0,46564.0,112419.0,103216.0,45998.0
66,"Kassel, Regierungsbezirk",222176.0,471912.0,51537.0,213973.0,398615.0,46423.0,197176.0,359371.0,47990.0
71,"Koblenz, Stat. Region",134729.0,96125.0,35660.0,124687.0,68209.0,31510.0,,,
72,"Trier, Stat. Region",180085.0,97756.0,22910.0,169123.0,69178.0,22857.0,,,
73,"Rheinhessen-Pfalz, Stat. Region",54066.0,64285.0,30659.0,49330.0,50761.0,24806.0,,,
81,"Stuttgart, Regierungsbezirk",306226.0,1148077.0,90574.0,294342.0,1024111.0,88966.0,281572.0,915009.0,87177.0
82,"Karlsruhe, Regierungsbezirk",81113.0,109564.0,37219.0,80649.0,77555.0,37847.0,75404.0,68743.0,36830.0
83,"Freiburg, Regierungsbezirk",219647.0,151726.0,48638.0,211319.0,122684.0,46150.0,196518.0,103557.0,42882.0
84,"Tübingen, Regierungsbezirk",408000.0,723432.0,72219.0,398053.0,651276.0,70595.0,375261.0,583100.0,74082.0
91,"Oberbayern, Regierungsbezirk",990305.0,437368.0,75902.0,947744.0,388233.0,65516.0,884064.0,330944.0,62830.0
92,"Niederbayern, Regierungsbezirk",507315.0,1236064.0,58607.0,472177.0,1233212.0,47060.0,430219.0,1102824.0,44947.0
93,"Oberpfalz, Regierungsbezirk",453400.0,288172.0,35489.0,433771.0,270941.0,25367.0,403531.0,240480.0,25285.0
94,"Oberfranken, Regierungsbezirk",238749.0,248858.0,27587.0,228851.0,228381.0,22272.0,212340.0,194460.0,20660.0
95,"Mittelfranken, Regierungsbezirk",333068.0,535797.0,66424.0,304079.0,469499.0,53915.0,280526.0,411545.0,53905.0
96,"Unterfranken, Regierungsbezirk",128046.0,375668.0,67579.0,119621.0,335424.0,57812.0,110065.0,276761.0,56177.0
97,"Schwaben, Regierungsbezirk",705028.0,532349.0,56137.0,679690.0,530603.0,45565.0,642540.0,512836.0,48822.0
141,"Chemnitz, Regierungsbezirk",0.0,0.0,0.0,0.0,0.0,0.0,0.0,0.0,0.0
142,"Dresden, Regierungsbezirk",0.0,0.0,0.0,0.0,0.0,0.0,0.0,0.0,0.0
143,"Leipzig, Regierungsbezirk",0.0,0.0,0.0,0.0,0.0,0.0,0.0,0.0,0.0
145,"Chemnitz, Stat. Region",231109.0,211047.0,35497.0,228631.0,,,,,
146,"Dresden, Stat. Region",178896.0,247515.0,32815.0,177674.0,,32915.0,,,
147,"Leipzig, Stat. Region",79039.0,199917.0,33864.0,79218.0,185086.0,,,,
151,"Dessau, Stat. Region",0.0,0.0,0.0,0.0,0.0,0.0,0.0,0.0,0.0
152,"Halle, Stat. Region",0.0,0.0,0.0,0.0,0.0,0.0,0.0,0.0,0.0
153,"Magdeburg, Stat. Region",0.0,0.0,0.0,0.0,0.0,0.0,0.0,0.0,0.0
1001,"Flensburg, kreisfreie Stadt",555.0,0.0,,222.0,0.0,,198.0,0.0,
1002,"Kiel, Landeshauptstadt, kreisfreie Stadt",1296.0,,,1723.0,,,1634.0,15.0,
1003,"Lübeck, Hansestadt, kreisfreie Stadt",2411.0,8207.0,945.0,2354.0,7586.0,1050.0,2277.0,,397.0
1004,"Neumünster, kreisfreie Stadt",2290.0,,46.0,2243.0,,,1912.0,,
1051,"Dithmarschen, Landkreis",134574.0,69089.0,89451.0,132381.0,71491.0,62366.0,119640.0,75966.0,62202.0
1053,"Herzogtum Lauenburg, Landkreis",30035.0,114716.0,3334.0,29739.0,114889.0,3376.0,25672.0,98059.0,2823.0
1054,"Nordfriesland, Landkreis",216430.0,266060.0,117496.0,203436.0,251156.0,86171.0,184879.0,252566.0,94308.0
1055,"Ostholstein, Landkreis",23825.0,121558.0,5574.0,24226.0,112523.0,3886.0,21395.0,114026.0,3406.0
1056,"Pinneberg, Landkreis",44856.0,20520.0,11790.0,45796.0,11538.0,10017.0,40288.0,13011.0,10395.0
1057,"Plön, Landkreis",44673.0,80080.0,4671.0,46438.0,84294.0,2892.0,41570.0,72177.0,2411.0
1058,"Rendsburg-Eckernförde, Landkreis",192923.0,156150.0,17888.0,187231.0,140539.0,11635.0,167479.0,126149.0,11451.0
1059,"Schleswig-Flensburg, Landkreis",221668.0,388406.0,14658.0,204226.0,300170.0,10145.0,180220.0,279646.0,12396.0
1060,"Segeberg, Landkreis",70322.0,182443.0,3610.0,68433.0,179874.0,2843.0,61077.0,172133.0,2300.0
1061,"Steinburg, Landkreis",124835.0,116953.0,10971.0,120045.0,89277.0,10020.0,109300.0,71653.0,9880.0
1062,"Stormarn, Landkreis",26479.0,95741.0,1258.0,27491.0,97881.0,1191.0,24420.0,93953.0,1435.0
3101,"Braunschweig, kreisfreie Stadt",508.0,1090.0,386.0,671.0,,336.0,718.0,,675.0
3102,"Salzgitter, kreisfreie Stadt",309.0,4483.0,216.0,277.0,2805.0,142.0,299.0,3540.0,169.0
3103,"Wolfsburg, kreisfreie Stadt",1154.0,1823.0,268.0,1006.0,,119.0,832.0,,251.0
3151,"Gifhorn, Landkreis",20473.0,46156.0,3597.0,19693.0,43182.0,3532.0,16893.0,38663.0,2656.0
3152,"Göttingen, Landkreis",16467.0,67229.0,4077.0,17023.0,51252.0,3691.0,0.0,0.0,0.0
3153,"Goslar, Landkreis",4939.0,18775.0,729.0,4456.0,12853.0,1640.0,3341.0,7915.0,1235.0
3154,"Helmstedt, Landkreis",4730.0,3690.0,2258.0,3524.0,1614.0,2296.0,2626.0,3539.0,2430.0
3155,"Northeim, Landkreis",19755.0,63703.0,4872.0,19267.0,62820.0,5454.0,15554.0,59499.0,5898.0
3156,"Osterode am Harz, Landkreis",5454.0,5542.0,2375.0,5598.0,1653.0,3039.0,0.0,0.0,0.0
3157,"Peine, Landkreis",4261.0,14070.0,1811.0,3926.0,10630.0,1440.0,3506.0,10236.0,1039.0
3158,"Wolfenbüttel, Landkreis",1368.0,11133.0,1204.0,1210.0,9616.0,1043.0,788.0,8132.0,1768.0
3159,"Göttingen, Landkreis",0.0,0.0,0.0,0.0,0.0,0.0,19461.0,44060.0,4975.0
3241,"Region Hannover, Landkreis",31557.0,112548.0,5447.0,32048.0,96011.0,6193.0,26869.0,98212.0,4738.0
3251,"Diepholz, Landkreis",95641.0,586264.0,10588.0,96732.0,619320.0,10566.0,89591.0,592070.0,8213.0
3252,"Hameln-Pyrmont, Landkreis",8857.0,49092.0,6312.0,8025.0,52736.0,5529.0,6669.0,50966.0,3933.0
3254,"Hildesheim, Landkreis",6138.0,38178.0,4634.0,6272.0,38027.0,3239.0,4914.0,33300.0,2886.0
3255,"Holzminden, Landkreis",13793.0,23282.0,2035.0,13489.0,21110.0,1816.0,12296.0,21617.0,1854.0
3256,"Nienburg (Weser), Landkreis",45710.0,314528.0,3912.0,45218.0,279252.0,2725.0,39492.0,242222.0,2725.0
3257,"Schaumburg, Landkreis",9967.0,57939.0,2501.0,10745.0,53741.0,2162.0,9749.0,46815.0,3042.0
3351,"Celle, Landkreis",22351.0,100102.0,5024.0,23425.0,101209.0,4059.0,21180.0,95502.0,3226.0
3352,"Cuxhaven, Landkreis",277364.0,83070.0,11371.0,278743.0,78435.0,9201.0,246178.0,76230.0,7761.0
3353,"Harburg, Landkreis",35288.0,83178.0,3688.0,38073.0,66348.0,3829.0,36051.0,53186.0,3769.0
3354,"Lüchow-Dannenberg, Landkreis",21877.0,65923.0,4881.0,22188.0,49576.0,3805.0,19568.0,45049.0,4281.0
3355,"Lüneburg, Landkreis",29215.0,49143.0,11710.0,30170.0,42996.0,9813.0,24720.0,48824.0,8787.0
3356,"Osterholz, Landkreis",71157.0,14275.0,2524.0,70793.0,9033.0,2588.0,60898.0,7185.0,2808.0
3357,"Rotenburg (Wümme), Landkreis",174011.0,401431.0,4456.0,178057.0,379930.0,4264.0,160111.0,354281.0,5457.0
3358,"Heidekreis, Landkreis",38321.0,172888.0,11522.0,40360.0,174471.0,10662.0,39022.0,174362.0,10996.0
3359,"Stade, Landkreis",104050.0,145078.0,4912.0,109493.0,142632.0,3533.0,101454.0,141957.0,6472.0
3360,"Uelzen, Landkreis",12050.0,90822.0,2779.0,12527.0,90531.0,5305.0,10912.0,80796.0,4061.0
3361,"Verden, Landkreis",37589.0,184753.0,2614.0,41273.0,197236.0,2851.0,38582.0,184332.0,3009.0
3401,"Delmenhorst, kreisfreie Stadt",5484.0,2757.0,167.0,5069.0,1649.0,477.0,4344.0,,668.0
3402,"Emden, kreisfreie Stadt",6244.0,,775.0,7027.0,,1009.0,6750.0,0.0,1069.0
3403,"Oldenburg (Oldenburg), kreisfreie Stadt",4114.0,,,3913.0,0.0,,3520.0,,
3404,"Osnabrück, kreisfreie Stadt",2481.0,14967.0,,2395.0,16684.0,,1843.0,15929.0,181.0
3405,"Wilhelmshaven, kreisfreie Stadt",5209.0,,2226.0,5436.0,,3044.0,4700.0,,
3451,"Ammerland, Landkreis",86351.0,67529.0,1570.0,89474.0,48728.0,1491.0,78943.0,36702.0,1795.0
3452,"Aurich, Landkreis",119965.0,81186.0,8365.0,126610.0,83719.0,7888.0,112214.0,82505.0,6410.0
3453,"Cloppenburg, Landkreis",149886.0,1242052.0,3943.0,159471.0,1509987.0,3785.0,151159.0,1441062.0,3030.0
3454,"Emsland, Landkreis",186676.0,1330549.0,7921.0,206080.0,1461323.0,6890.0,197849.0,1411271.0,7309.0
3455,"Friesland, Landkreis",81163.0,33550.0,8849.0,88572.0,31140.0,8043.0,76636.0,27658.0,7783.0
3456,"Grafschaft Bentheim, Landkreis",98907.0,408652.0,2210.0,108768.0,438827.0,3162.0,98364.0,450706.0,2989.0
3457,"Leer, Landkreis",138426.0,23064.0,7209.0,148433.0,16492.0,9335.0,128752.0,14396.0,7000.0
3458,"Oldenburg, Landkreis",76714.0,331569.0,7825.0,77116.0,293121.0,7639.0,68810.0,285626.0,5807.0
3459,"Osnabrück, Landkreis",126338.0,974523.0,8313.0,140322.0,948717.0,6357.0,134188.0,938632.0,6217.0
3460,"Vechta, Landkreis",86609.0,1058798.0,788.0,101575.0,1326601.0,1491.0,100951.0,1306432.0,1478.0
3461,"Wesermarsch, Landkreis",120607.0,7445.0,20213.0,124595.0,3997.0,19029.0,110944.0,3559.0,15006.0
3462,"Wittmund, Landkreis",75101.0,38637.0,2187.0,76375.0,41247.0,3086.0,67663.0,29793.0,2133.0
4011,"Bremen, kreisfreie Stadt",,,,,,125.0,,228.0,208.0
4012,"Bremerhaven, kreisfreie Stadt",,,,,0.0,0.0,,0.0,0.0
5111,"Düsseldorf, kreisfreie Stadt",348.0,,,335.0,7.0,910.0,367.0,,1266.0
5112,"Duisburg, kreisfreie Stadt",869.0,240.0,1638.0,865.0,168.0,2008.0,922.0,,1347.0
5113,"Essen, kreisfreie Stadt",951.0,,2108.0,951.0,1539.0,1627.0,832.0,972.0,1417.0
5114,"Krefeld, kreisfreie Stadt",1435.0,4607.0,,1527.0,5091.0,,,3879.0,
5116,"Mönchengladbach, kreisfreie Stadt",3046.0,612.0,482.0,2470.0,,755.0,2168.0,,1151.0
5117,"Mülheim an der Ruhr, kreisfreie Stadt",355.0,0.0,,295.0,,,199.0,,459.0
5119,"Oberhausen, kreisfreie Stadt",205.0,,,228.0,,190.0,248.0,,
5120,"Remscheid, kreisfreie Stadt",1882.0,876.0,137.0,1978.0,,262.0,1833.0,54.0,484.0
5122,"Solingen, kreisfreie Stadt",1036.0,,167.0,945.0,6.0,443.0,,55.0,203.0
5124,"Wuppertal, kreisfreie Stadt",2730.0,110.0,1117.0,2322.0,,1415.0,,,1636.0
5154,"Kleve, Kreis",116307.0,301172.0,3479.0,128086.0,365448.0,6121.0,113723.0,329617.0,7464.0
5158,"Mettmann, Kreis",4303.0,2958.0,393.0,4247.0,1753.0,614.0,,1248.0,860.0
5162,Rhein-Kreis Neuss,6127.0,12046.0,2803.0,6018.0,10815.0,2843.0,,,3072.0
5166,"Viersen, Kreis",31922.0,73636.0,1251.0,33450.0,77027.0,1386.0,,69791.0,1475.0
5170,"Wesel, Kreis",76675.0,126561.0,7324.0,76606.0,111054.0,7172.0,65583.0,104754.0,7037.0
5314,"Bonn, kreisfreie Stadt",154.0,,770.0,,,944.0,,,
5315,"Köln, kreisfreie Stadt",231.0,,,,,,,,
5316,"Leverkusen, kreisfreie Stadt",1459.0,,,1268.0,0.0,,1250.0,,53.0
5334,Städteregion Aachen (einschl. Stadt Aachen),27605.0,2815.0,3945.0,27416.0,,4899.0,24977.0,5269.0,4757.0
5354,"Aachen, Kreis",0.0,0.0,0.0,0.0,0.0,0.0,0.0,0.0,0.0
5358,"Düren, Kreis",14485.0,6016.0,2886.0,13242.0,9566.0,4015.0,11325.0,6636.0,2778.0
5362,Rhein-Erft-Kreis,2570.0,7639.0,1533.0,2298.0,6870.0,1980.0,1635.0,6349.0,2159.0
5366,"Euskirchen, Kreis",36609.0,3665.0,6874.0,35647.0,4168.0,6614.0,33117.0,2204.0,8214.0
5370,"Heinsberg, Kreis",33339.0,31962.0,3270.0,33888.0,39873.0,4013.0,31248.0,33580.0,1310.0
5374,Oberbergischer Kreis,47144.0,1638.0,3051.0,46985.0,1149.0,3509.0,42898.0,1137.0,3670.0
5378,Rheinisch-Bergischer Kreis,16736.0,1751.0,1672.0,15345.0,575.0,1608.0,13644.0,825.0,2559.0
5382,Rhein-Sieg-Kreis,35988.0,6615.0,5325.0,35711.0,6236.0,6553.0,33160.0,2223.0,6332.0
5512,"Bottrop, kreisfreie Stadt",4078.0,23769.0,,5243.0,29322.0,,5001.0,,
5513,"Gelsenkirchen, kreisfreie Stadt",1213.0,1806.0,,1440.0,,78.0,1114.0,,
5515,"Münster, kreisfreie Stadt",11526.0,94519.0,579.0,11613.0,,,11146.0,78015.0,379.0
5554,"Borken, Kreis",212409.0,890726.0,4705.0,213188.0,1025404.0,6279.0,192843.0,1028409.0,7377.0
5558,"Coesfeld, Kreis",58482.0,868551.0,3220.0,58341.0,980249.0,3469.0,54545.0,940937.0,3715.0
5562,"Recklinghausen, Kreis",29146.0,165149.0,1813.0,31305.0,175692.0,1011.0,27433.0,179846.0,1394.0
5566,"Steinfurt, Kreis",127454.0,969547.0,4002.0,134370.0,1110970.0,4896.0,120485.0,1023842.0,6059.0
5570,"Warendorf, Kreis",68226.0,870040.0,4710.0,72665.0,951432.0,5848.0,67194.0,922206.0,6327.0
5711,"Bielefeld, kreisfreie Stadt",2654.0,19612.0,1706.0,2345.0,18449.0,2104.0,1643.0,14026.0,1742.0
5754,"Gütersloh, Kreis",57802.0,276505.0,1801.0,58910.0,286817.0,2014.0,56266.0,266089.0,2728.0
5758,"Herford, Kreis",7378.0,95676.0,912.0,8674.0,84968.0,1181.0,9093.0,73646.0,1146.0
5762,"Höxter, Kreis",32797.0,275973.0,9119.0,32903.0,284554.0,9519.0,30408.0,250079.0,9787.0
5766,"Lippe, Kreis",15657.0,132928.0,5601.0,16142.0,126559.0,5453.0,14841.0,104314.0,4589.0
5770,"Minden-Lübbecke, Kreis",36864.0,373038.0,3422.0,37553.0,365510.0,3900.0,34452.0,333153.0,3733.0
5774,"Paderborn, Kreis",47510.0,357861.0,10930.0,49231.0,378284.0,11089.0,46681.0,403027.0,10947.0
5911,"Bochum, kreisfreie Stadt",160.0,412.0,56.0,194.0,0.0,,,0.0,112.0
5913,"Dortmund, kreisfreie Stadt",1858.0,3583.0,,1663.0,1599.0,1831.0,1282.0,2344.0,2289.0
5914,"Hagen, kreisfreie Stadt",1687.0,155.0,26.0,1703.0,61.0,,1761.0,,
5915,"Hamm, kreisfreie Stadt",7279.0,56917.0,528.0,7711.0,61157.0,333.0,7338.0,61829.0,194.0
5916,"Herne, kreisfreie Stadt",104.0,1938.0,,145.0,4125.0,,,,
5954,Ennepe-Ruhr-Kreis,12106.0,5847.0,827.0,11484.0,5574.0,1350.0,10349.0,4602.0,1623.0
5958,Hochsauerlandkreis,65241.0,51848.0,6965.0,67282.0,66231.0,10227.0,62476.0,67447.0,10017.0
5962,Märkischer Kreis,28091.0,40077.0,2648.0,29924.0,34884.0,4302.0,27158.0,41388.0,4391.0
5966,"Olpe, Kreis",19123.0,8983.0,1381.0,19821.0,5111.0,2105.0,18118.0,5796.0,1901.0
5970,"Siegen-Wittgenstein, Kreis",17159.0,1325.0,3928.0,17322.0,301.0,4059.0,16104.0,529.0,5224.0
5974,"Soest, Kreis",36931.0,357501.0,10581.0,36386.0,386691.0,13590.0,34594.0,381823.0,14569.0
5978,"Unna, Kreis",13377.0,137606.0,3658.0,12737.0,139917.0,2921.0,11082.0,134696.0,3848.0
6411,"Darmstadt, kreisfreie Stadt",76.0,634.0,36.0,141.0,,,188.0,,
6412,"Frankfurt am Main, kreisfreie Stadt",298.0,,,380.0,1123.0,,410.0,,
6413,"Offenbach am Main, kreisfreie Stadt",0.0,,0.0,0.0,,0.0,0.0,0.0,0.0
6414,"Wiesbaden, Landeshauptstadt, kreisfreie Stadt",1056.0,794.0,75.0,1242.0,558.0,1189.0,1141.0,,
6431,"Bergstraße, Landkreis",14829.0,7544.0,3646.0,13185.0,4402.0,3290.0,12494.0,3395.0,3140.0
6432,"Darmstadt-Dieburg, Landkreis",9480.0,30008.0,2723.0,8730.0,26106.0,3297.0,8195.0,28892.0,3463.0
6433,"Groß-Gerau, Landkreis",1903.0,,,1489.0,8587.0,288.0,1153.0,6822.0,318.0
6434,Hochtaunuskreis,3915.0,1797.0,3143.0,3025.0,2080.0,2996.0,2614.0,2146.0,3238.0
6435,Main-Kinzig-Kreis,33979.0,12302.0,10790.0,31795.0,8247.0,8865.0,28136.0,8747.0,8861.0
6436,Main-Taunus-Kreis,1162.0,1594.0,339.0,1054.0,1475.0,250.0,895.0,1131.0,185.0
6437,Odenwaldkreis,20634.0,8848.0,4319.0,19266.0,6571.0,3897.0,18777.0,5783.0,4027.0
6438,"Offenbach, Landkreis",2331.0,,1601.0,2267.0,1262.0,584.0,2329.0,706.0,192.0
6439,Rheingau-Taunus-Kreis,2596.0,7652.0,4201.0,2059.0,8120.0,3672.0,2400.0,8196.0,3499.0
6440,Wetteraukreis,20537.0,24748.0,,19243.0,19613.0,5494.0,17977.0,13985.0,6337.0
6531,"Gießen, Landkreis",12936.0,17068.0,8649.0,13025.0,15234.0,7214.0,11995.0,10521.0,7990.0
6532,Lahn-Dill-Kreis,11188.0,,14055.0,11447.0,2344.0,13294.0,10612.0,1230.0,12797.0
6533,"Limburg-Weilburg, Landkreis",18153.0,19118.0,4831.0,15825.0,16930.0,4530.0,14540.0,15062.0,4512.0
6534,"Marburg-Biedenkopf, Landkreis",30911.0,,14745.0,27831.0,29825.0,14299.0,25652.0,23085.0,13349.0
6535,Vogelsbergkreis,55492.0,68220.0,7000.0,52875.0,62306.0,7227.0,49620.0,53318.0,7350.0
6611,"Kassel, kreisfreie Stadt",76.0,,,,,,,0.0,
6631,"Fulda, Landkreis",65740.0,,,65146.0,57033.0,10646.0,60324.0,48779.0,12099.0
6632,"Hersfeld-Rotenburg, Landkreis",22954.0,63805.0,3415.0,21237.0,46912.0,2953.0,18632.0,46208.0,2611.0
6633,"Kassel, Landkreis",18088.0,58550.0,9324.0,17798.0,55173.0,8363.0,,53386.0,9781.0
6634,Schwalm-Eder-Kreis,33580.0,162543.0,7618.0,30536.0,148092.0,6611.0,28169.0,133746.0,
6635,"Waldeck-Frankenberg, Landkreis",62190.0,79315.0,10852.0,61055.0,62322.0,10735.0,57585.0,52567.0,9947.0
6636,Werra-Meißner-Kreis,19548.0,40475.0,6563.0,,,,15892.0,24685.0,
7111,"Koblenz, kreisfreie Stadt",242.0,,94.0,404.0,0.0,,,,
7131,"Ahrweiler, Landkreis",11722.0,2682.0,2967.0,10801.0,,2683.0,,,
7132,"Altenkirchen (Westerwald), Landkreis",18921.0,,3022.0,17332.0,1013.0,2853.0,,,
7133,"Bad Kreuznach, Landkreis",7837.0,5210.0,2712.0,7523.0,4518.0,2597.0,,,
7134,"Birkenfeld, Landkreis",13342.0,7820.0,4063.0,12181.0,5437.0,2905.0,,,
7135,"Cochem-Zell, Landkreis",8176.0,10119.0,1475.0,7433.0,1184.0,1097.0,,,
7137,"Mayen-Koblenz, Landkreis",9369.0,35059.0,3679.0,9294.0,25991.0,,,,
7138,"Neuwied, Landkreis",13731.0,2441.0,4554.0,12695.0,,5189.0,,,
7140,Rhein-Hunsrück-Kreis,16470.0,12693.0,3057.0,14749.0,12650.0,2139.0,,,
7141,Rhein-Lahn-Kreis,11658.0,16892.0,5799.0,11003.0,11572.0,5160.0,,,
7143,Westerwaldkreis,23261.0,1565.0,4238.0,21272.0,1198.0,4431.0,,,
7211,"Trier, kreisfreie Stadt",649.0,,,505.0,,,,,
7231,"Bernkastel-Wittlich, Landkreis",24206.0,12854.0,6440.0,23054.0,6696.0,7495.0,,,
7232,Eifelkreis Bitburg-Prüm,102475.0,64965.0,6511.0,94554.0,46115.0,5228.0,,,
7233,"Vulkaneifel, Landkreis",31264.0,,7458.0,31719.0,,7460.0,,,
7235,"Trier-Saarburg, Landkreis",21491.0,14689.0,,19291.0,11144.0,,,,
7311,"Frankenthal (Pfalz), kreisfreie Stadt",0.0,,0.0,0.0,,0.0,,,
7312,"Kaiserslautern, kreisfreie Stadt",308.0,,98.0,317.0,,,,,
7313,"Landau in der Pfalz, kreisfreie Stadt",0.0,,,0.0,0.0,,,,
7314,"Ludwigshafen am Rhein, kreisfreie Stadt",,78.0,0.0,,,0.0,,,
7315,"Mainz, kreisfreie Stadt",,259.0,0.0,,28.0,97.0,,,
7316,"Neustadt an der Weinstraße, kreisfreie Stadt",249.0,,,,,,,,
7317,"Pirmasens, kreisfreie Stadt",642.0,1321.0,,552.0,,,,,
7318,"Speyer, kreisfreie Stadt",,0.0,0.0,0.0,0.0,,,,
7319,"Worms, kreisfreie Stadt",55.0,167.0,,67.0,,,,,
7320,"Zweibrücken, kreisfreie Stadt",1971.0,3794.0,1247.0,1562.0,2379.0,838.0,,,
7331,"Alzey-Worms, Landkreis",412.0,1152.0,132.0,432.0,726.0,494.0,,,
7332,"Bad Dürkheim, Landkreis",502.0,1676.0,1835.0,662.0,,1234.0,,,
7333,Donnersbergkreis,7342.0,14277.0,8025.0,6601.0,6795.0,5603.0,,,
7334,"Germersheim, Landkreis",1506.0,4493.0,1065.0,1358.0,3357.0,804.0,,,
7335,"Kaiserslautern, Landkreis",9546.0,6030.0,4747.0,9028.0,4421.0,3750.0,,,
7336,"Kusel, Landkreis",12867.0,11007.0,4258.0,11682.0,9743.0,3933.0,,,
7337,"Südliche Weinstraße, Landkreis",1500.0,364.0,2766.0,1281.0,116.0,2068.0,,,
7338,Rhein-Pfalz-Kreis,379.0,1322.0,111.0,370.0,194.0,217.0,,,
7339,"Mainz-Bingen, Landkreis",1492.0,1445.0,1286.0,1351.0,980.0,799.0,,,
7340,"Südwestpfalz, Landkreis",15132.0,15949.0,3795.0,13707.0,19113.0,3542.0,,,
8111,"Stuttgart, Landeshauptstadt, Stadtkreis",921.0,,387.0,904.0,0.0,,787.0,0.0,
8115,"Böblingen, Landkreis",9176.0,21372.0,5002.0,8844.0,20551.0,4992.0,9206.0,16637.0,4998.0
8116,"Esslingen, Landkreis",9465.0,7266.0,12878.0,8862.0,,13335.0,8405.0,,14151.0
8117,"Göppingen, Landkreis",30701.0,25725.0,11011.0,29963.0,28645.0,10735.0,30067.0,22867.0,10105.0
8118,"Ludwigsburg, Landkreis",13226.0,42652.0,3093.0,13313.0,33909.0,2478.0,12186.0,28484.0,2482.0
8119,"Rems-Murr-Kreis, Landkreis",21211.0,16426.0,7998.0,20616.0,11410.0,7356.0,19889.0,9447.0,7613.0
8121,"Heilbronn, Universitätsstadt, Stadtkreis",128.0,,0.0,115.0,,,161.0,,
8125,"Heilbronn, Landkreis",13184.0,35071.0,8316.0,13199.0,26152.0,9714.0,11641.0,21541.0,8371.0
8126,"Hohenlohekreis, Landkreis",22985.0,180470.0,6146.0,21725.0,158050.0,4598.0,21884.0,132742.0,3982.0
8127,"Schwäbisch Hall, Landkreis",66666.0,475187.0,11329.0,65012.0,424418.0,11970.0,60797.0,398991.0,12234.0
8128,"Main-Tauber-Kreis, Landkreis",20528.0,150540.0,3629.0,19197.0,126479.0,3794.0,18335.0,107656.0,3999.0
8135,"Heidenheim, Landkreis",23134.0,49736.0,9759.0,20177.0,43964.0,9940.0,20024.0,35904.0,8740.0
8136,"Ostalbkreis, Landkreis",74901.0,143135.0,11026.0,72415.0,144405.0,10007.0,68190.0,135241.0,10403.0
8211,"Baden-Baden, Stadtkreis",206.0,,1526.0,235.0,0.0,1726.0,184.0,0.0,
8212,"Karlsruhe, Stadtkreis",292.0,1211.0,881.0,364.0,,153.0,247.0,,168.0
8215,"Karlsruhe, Landkreis",5497.0,6630.0,4281.0,5725.0,2360.0,4347.0,4995.0,2127.0,4051.0
8216,"Rastatt, Landkreis",2465.0,7039.0,2553.0,2194.0,3896.0,2650.0,1823.0,3148.0,2836.0
8221,"Heidelberg, Stadtkreis",515.0,765.0,,479.0,481.0,,354.0,,0.0
8222,"Mannheim, Stadtkreis",76.0,,,45.0,,,29.0,,
8225,"Neckar-Odenwald-Kreis, Landkreis",24361.0,37706.0,2872.0,23670.0,32847.0,2407.0,21603.0,30622.0,1964.0
8226,"Rhein-Neckar-Kreis, Landkreis",12447.0,27263.0,4778.0,12470.0,18212.0,4293.0,11067.0,12433.0,4754.0
8231,"Pforzheim, Stadtkreis",226.0,95.0,,194.0,,554.0,124.0,,546.0
8235,"Calw, Landkreis",12171.0,6980.0,9701.0,13033.0,4864.0,11540.0,13127.0,4177.0,10769.0
8236,"Enzkreis, Landkreis",10275.0,7728.0,1648.0,10300.0,5913.0,1704.0,10210.0,3983.0,1662.0
8237,"Freudenstadt, Landkreis",12582.0,14067.0,8075.0,11940.0,7626.0,8282.0,11641.0,10582.0,8299.0
8311,"Freiburg im Breisgau, Stadtkreis",524.0,400.0,3491.0,401.0,403.0,3087.0,399.0,,2029.0
8315,"Breisgau-Hochschwarzwald, Landkreis",28979.0,8555.0,6045.0,28009.0,6676.0,5850.0,26430.0,6129.0,5594.0
8316,"Emmendingen, Landkreis",14922.0,5024.0,2712.0,14116.0,2679.0,2192.0,12898.0,2058.0,2282.0
8317,"Ortenaukreis, Landkreis",30847.0,30888.0,5909.0,27980.0,24213.0,6491.0,25638.0,21690.0,5671.0
8325,"Rottweil, Landkreis",18677.0,38725.0,7827.0,17321.0,33230.0,7360.0,15482.0,25878.0,6171.0
8326,"Schwarzwald-Baar-Kreis, Landkreis",32488.0,22148.0,3492.0,31785.0,19287.0,3319.0,30496.0,18403.0,3300.0
8327,"Tuttlingen, Landkreis",16473.0,10936.0,4733.0,16626.0,7129.0,5083.0,15175.0,6860.0,5269.0
8335,"Konstanz, Landkreis",25426.0,18417.0,4775.0,25707.0,15012.0,4388.0,23089.0,11262.0,4892.0
8336,"Lörrach, Landkreis",15660.0,3562.0,4480.0,14551.0,2283.0,4375.0,13265.0,,4236.0
8337,"Waldshut, Landkreis",35651.0,13071.0,5174.0,34823.0,11772.0,4005.0,33646.0,9101.0,3438.0
8415,"Reutlingen, Landkreis",29721.0,30040.0,20120.0,29927.0,21489.0,19763.0,27212.0,19032.0,20650.0
8416,"Tübingen, Landkreis",6400.0,17102.0,,5715.0,12282.0,6568.0,5770.0,10505.0,7110.0
8417,"Zollernalbkreis, Landkreis",14073.0,9721.0,16486.0,14549.0,7335.0,15072.0,14193.0,6555.0,17847.0
8421,"Ulm, Stadtkreis",2036.0,19867.0,,2287.0,17661.0,121.0,2402.0,12117.0,182.0
8425,"Alb-Donau-Kreis, Landkreis",52670.0,288168.0,10366.0,52094.0,250240.0,12104.0,49107.0,223673.0,10436.0
8426,"Biberach, Landkreis",92903.0,173896.0,4167.0,89165.0,176291.0,3505.0,85240.0,155679.0,3440.0
8435,"Bodenseekreis, Landkreis",25374.0,20295.0,4623.0,22726.0,14273.0,4296.0,20423.0,11792.0,5155.0
8436,"Ravensburg, Landkreis",147411.0,56880.0,5606.0,143904.0,50978.0,5279.0,135690.0,45759.0,5022.0
8437,"Sigmaringen, Landkreis",37412.0,107463.0,4076.0,37686.0,100727.0,3887.0,35224.0,97988.0,4240.0
9161,Ingolstadt,2288.0,798.0,439.0,1848.0,245.0,,1547.0,289.0,
9162,"München, Landeshauptstadt",1274.0,,1318.0,1400.0,,1121.0,1245.0,,1803.0
9163,Rosenheim,3658.0,0.0,185.0,3445.0,,,3204.0,,
9171,"Altötting, Landkreis",48967.0,28886.0,1906.0,45468.0,29557.0,1275.0,41515.0,23597.0,1340.0
9172,"Berchtesgadener Land, Landkreis",34303.0,2675.0,2352.0,34221.0,2434.0,2076.0,31991.0,1520.0,2128.0
9173,"Bad Tölz-Wolfratshausen, Landkreis",43505.0,780.0,2168.0,42914.0,481.0,1935.0,41502.0,541.0,2407.0
9174,"Dachau, Landkreis",38842.0,22258.0,2644.0,36167.0,20983.0,2137.0,33309.0,16256.0,2349.0
9175,"Ebersberg, Landkreis",40484.0,6044.0,2966.0,39579.0,5003.0,2471.0,36585.0,4296.0,3084.0
9176,"Eichstätt, Landkreis",25958.0,51898.0,7172.0,21477.0,45839.0,6045.0,19521.0,46658.0,6452.0
9177,"Erding, Landkreis",99731.0,74879.0,2477.0,94083.0,67307.0,1648.0,85907.0,56527.0,1518.0
9178,"Freising, Landkreis",32700.0,45097.0,3207.0,29239.0,35319.0,2544.0,25734.0,23978.0,2259.0
9179,"Fürstenfeldbruck, Landkreis",19010.0,10195.0,2069.0,18221.0,9340.0,2177.0,16477.0,7723.0,2138.0
9180,"Garmisch-Partenkirchen, Landkreis",16751.0,,5087.0,16917.0,117.0,4705.0,17130.0,66.0,4757.0
9181,"Landsberg am Lech, Landkreis",43805.0,6362.0,4800.0,41525.0,6584.0,3898.0,40201.0,,2250.0
9182,"Miesbach, Landkreis",35861.0,248.0,3269.0,35717.0,257.0,2736.0,35443.0,178.0,2798.0
9183,"Mühldorf a.Inn, Landkreis",98049.0,44645.0,4472.0,92703.0,42455.0,3853.0,84878.0,38155.0,2083.0
9184,"München, Landkreis",6894.0,2244.0,4389.0,6661.0,2021.0,4655.0,5976.0,1317.0,3614.0
9185,"Neuburg-Schrobenhausen, Landkreis",31923.0,31490.0,5094.0,26532.0,26756.0,3819.0,23876.0,25681.0,3731.0
9186,"Pfaffenhofen a.d.Ilm, Landkreis",22547.0,53006.0,3140.0,20236.0,43111.0,1769.0,17971.0,36237.0,1266.0
9187,"Rosenheim, Landkreis",137827.0,8962.0,8017.0,137524.0,7627.0,7114.0,129960.0,4704.0,6960.0
9188,"Starnberg, Landkreis",12077.0,1334.0,1492.0,11407.0,,1707.0,10178.0,,1967.0
9189,"Traunstein, Landkreis",116999.0,44344.0,3661.0,114927.0,40586.0,3302.0,106577.0,36219.0,3589.0
9190,"Weilheim-Schongau, Landkreis",76852.0,1016.0,3578.0,75533.0,832.0,4271.0,73337.0,627.0,4151.0
9261,Landshut,1966.0,4353.0,65.0,1729.0,3241.0,42.0,1645.0,3403.0,102.0
9262,Passau,1584.0,389.0,310.0,,,,1313.0,,77.0
9263,Straubing,380.0,1696.0,41.0,,935.0,,333.0,,16.0
9271,"Deggendorf, Landkreis",33652.0,38974.0,3538.0,31780.0,32911.0,2832.0,28741.0,29259.0,3163.0
9272,"Freyung-Grafenau, Landkreis",40727.0,711.0,3408.0,38543.0,,2960.0,35060.0,575.0,2677.0
9273,"Kelheim, Landkreis",21716.0,98703.0,6330.0,18269.0,88214.0,6304.0,16010.0,74219.0,4992.0
9274,"Landshut, Landkreis",80549.0,371530.0,8029.0,72927.0,434479.0,7262.0,65801.0,405835.0,6265.0
9275,"Passau, Landkreis",86575.0,341880.0,7125.0,83869.0,316279.0,4492.0,77398.0,279126.0,4542.0
9276,"Regen, Landkreis",39673.0,1666.0,3059.0,38479.0,1446.0,1992.0,36538.0,819.0,1585.0
9277,"Rottal-Inn, Landkreis",127050.0,109887.0,9157.0,118512.0,97594.0,7025.0,106998.0,84992.0,8041.0
9278,"Straubing-Bogen, Landkreis",41684.0,87016.0,11398.0,37075.0,80832.0,9028.0,34467.0,64635.0,9223.0
9279,"Dingolfing-Landau, Landkreis",31759.0,179259.0,6147.0,29240.0,176339.0,5074.0,25915.0,159100.0,4264.0
9361,Amberg,2029.0,3139.0,,2233.0,,,1809.0,1804.0,
9362,Regensburg,270.0,31.0,268.0,111.0,,,,,
9363,Weiden i.d.OPf.,3222.0,3942.0,,2858.0,2529.0,0.0,,,0.0
9371,"Amberg-Sulzbach, Landkreis",52505.0,49910.0,2772.0,52739.0,47223.0,2693.0,48654.0,40089.0,2296.0
9372,"Cham, Landkreis",110884.0,23062.0,3238.0,106791.0,20808.0,1653.0,100997.0,21408.0,2066.0
9373,"Neumarkt i.d.OPf., Landkreis",52411.0,42103.0,17240.0,49083.0,38302.0,10157.0,45010.0,32074.0,11771.0
9374,"Neustadt a.d.Waldnaab, Landkreis",64660.0,27673.0,2593.0,62247.0,25639.0,1184.0,57287.0,20136.0,1082.0
9375,"Regensburg, Landkreis",40508.0,36202.0,3316.0,36549.0,34783.0,4259.0,33170.0,27523.0,4036.0
9376,"Schwandorf, Landkreis",71596.0,50776.0,3488.0,67966.0,49014.0,2997.0,63650.0,44299.0,2021.0
9377,"Tirschenreuth, Landkreis",55315.0,51334.0,1675.0,53194.0,50372.0,1373.0,50327.0,50735.0,1285.0
9461,Bamberg,,,,,0.0,,0.0,0.0,
9462,Bayreuth,2869.0,2563.0,380.0,3037.0,2743.0,408.0,2836.0,3198.0,165.0
9463,Coburg,,,321.0,,1176.0,188.0,716.0,,142.0
9464,Hof,2220.0,1193.0,,2135.0,1421.0,,2003.0,,
9471,"Bamberg, Landkreis",26941.0,30826.0,3878.0,24523.0,29540.0,3297.0,22698.0,24590.0,3762.0
9472,"Bayreuth, Landkreis",50583.0,35628.0,3580.0,50285.0,29934.0,2845.0,47506.0,24633.0,2541.0
9473,"Coburg, Landkreis",21958.0,77197.0,2176.0,20594.0,72947.0,1437.0,18859.0,61865.0,1187.0
9474,"Forchheim, Landkreis",14605.0,8580.0,3769.0,13806.0,5563.0,3044.0,12834.0,5018.0,2662.0
9475,"Hof, Landkreis",45306.0,32469.0,3805.0,44644.0,29577.0,3002.0,43242.0,24145.0,2851.0
9476,"Kronach, Landkreis",12257.0,7155.0,1744.0,10922.0,7844.0,1514.0,9905.0,5880.0,1826.0
9477,"Kulmbach, Landkreis",23526.0,28450.0,2915.0,22810.0,24072.0,2237.0,20463.0,23274.0,2269.0
9478,"Lichtenfels, Landkreis",15495.0,15392.0,3258.0,14242.0,15145.0,2862.0,12855.0,12393.0,1957.0
9479,"Wunsiedel i.Fichtelgebirge, Landkreis",22151.0,8043.0,1136.0,20958.0,8419.0,874.0,18423.0,7398.0,768.0
9561,Ansbach,4052.0,5205.0,657.0,3441.0,7038.0,,3161.0,7659.0,577.0
9562,Erlangen,1877.0,251.0,,2052.0,46.0,,2106.0,163.0,
9563,Fürth,1284.0,1546.0,1379.0,1216.0,1522.0,,1254.0,,
9564,Nürnberg,1084.0,354.0,1975.0,901.0,160.0,2128.0,687.0,157.0,
9565,Schwabach,1094.0,397.0,,1107.0,219.0,24.0,935.0,75.0,
9571,"Ansbach, Landkreis",127016.0,187772.0,15813.0,114704.0,174734.0,11958.0,108846.0,155945.0,9687.0
9572,"Erlangen-Höchstadt, Landkreis",11492.0,7273.0,3925.0,10367.0,5179.0,3167.0,9549.0,3880.0,5114.0
9573,"Fürth, Landkreis",16097.0,7322.0,1240.0,15384.0,6474.0,764.0,13460.0,5829.0,725.0
9574,"Nürnberger Land, Landkreis",18002.0,14377.0,7000.0,16986.0,10906.0,6178.0,15815.0,,6377.0
9575,"Neustadt a.d.Aisch-Bad Windsheim, Landkreis",61936.0,223777.0,11105.0,55366.0,184537.0,9050.0,49606.0,160065.0,9098.0
9576,"Roth, Landkreis",35593.0,19708.0,6899.0,34292.0,16134.0,4756.0,31357.0,15741.0,5805.0
9577,"Weißenburg-Gunzenhausen, Landkreis",53541.0,67815.0,15898.0,48263.0,62550.0,13491.0,43750.0,53322.0,12790.0
9661,Aschaffenburg,421.0,,,442.0,,,403.0,,
9662,Schweinfurt,,0.0,0.0,,,,,0.0,
9663,Würzburg,,,,,,0.0,142.0,205.0,0.0
9671,"Aschaffenburg, Landkreis",6254.0,10432.0,10762.0,5837.0,8872.0,8567.0,5526.0,6439.0,7104.0
9672,"Bad Kissingen, Landkreis",18018.0,25473.0,9696.0,17156.0,25963.0,8665.0,16260.0,21329.0,9235.0
9673,"Rhön-Grabfeld, Landkreis",11517.0,58030.0,8621.0,10731.0,50132.0,7961.0,10351.0,42535.0,7774.0
9674,"Haßberge, Landkreis",19688.0,47624.0,3595.0,17895.0,36936.0,2964.0,15940.0,30222.0,3613.0
9675,"Kitzingen, Landkreis",18894.0,78010.0,3800.0,16781.0,77948.0,2380.0,14878.0,61432.0,2455.0
9676,"Miltenberg, Landkreis",10113.0,19024.0,7184.0,10200.0,17044.0,5820.0,,,4899.0
9677,"Main-Spessart, Landkreis",9481.0,17730.0,13302.0,9299.0,15522.0,12451.0,8704.0,16343.0,11734.0
9678,"Schweinfurt, Landkreis",15877.0,46219.0,4414.0,14749.0,32498.0,3143.0,14352.0,26163.0,3029.0
9679,"Würzburg, Landkreis",17385.0,72889.0,4886.0,16151.0,70330.0,4629.0,14335.0,59185.0,5467.0
9761,Augsburg,1163.0,1010.0,777.0,,,769.0,1160.0,,902.0
9762,Kaufbeuren,1808.0,,,,,,1862.0,,
9763,Kempten (Allgäu),6727.0,,,5256.0,,,4762.0,,
9764,Memmingen,4986.0,38.0,411.0,4230.0,65.0,356.0,4072.0,53.0,292.0
9771,"Aichach-Friedberg, Landkreis",49084.0,120077.0,4052.0,46307.0,119456.0,3830.0,42302.0,106780.0,3536.0
9772,"Augsburg, Landkreis",59154.0,60215.0,3912.0,55296.0,80831.0,3634.0,51157.0,85037.0,3088.0
9773,"Dillingen a.d.Donau, Landkreis",47161.0,100970.0,7271.0,46751.0,104771.0,5825.0,44417.0,96749.0,5436.0
9774,"Günzburg, Landkreis",48323.0,34468.0,7819.0,46263.0,32186.0,4469.0,44725.0,27572.0,5976.0
9775,"Neu-Ulm, Landkreis",25511.0,15864.0,5484.0,23339.0,15966.0,4539.0,22463.0,13415.0,5266.0
9776,"Lindau (Bodensee), Landkreis",29011.0,1973.0,1330.0,28313.0,2472.0,1220.0,27072.0,2453.0,1361.0
9777,"Ostallgäu, Landkreis",134892.0,4290.0,3492.0,135723.0,3489.0,2636.0,130677.0,2884.0,2796.0
9778,"Unterallgäu, Landkreis",145088.0,23967.0,6807.0,141462.0,27095.0,6485.0,130233.0,24715.0,7163.0
9779,"Donau-Ries, Landkreis",65257.0,166266.0,11235.0,58065.0,141009.0,8441.0,53476.0,151203.0,9306.0
9780,"Oberallgäu, Landkreis",86863.0,3176.0,3250.0,85674.0,2315.0,3223.0,84162.0,1932.0,3605.0
10041,"Saarbrücken, Regionalverband",2782.0,232.0,628.0,2798.0,213.0,866.0,2652.0,115.0,572.0
10042,"Merzig-Wadern, Landkreis",12699.0,3176.0,1464.0,12498.0,2212.0,1214.0,11118.0,1045.0,900.0
10043,"Neunkirchen, Landkreis",5621.0,903.0,1818.0,5340.0,115.0,1495.0,4054.0,30.0,1178.0
10044,"Saarlouis, Landkreis",8215.0,2053.0,911.0,8463.0,90.0,710.0,8038.0,106.0,396.0
10045,Saarpfalz-Kreis,7646.0,2332.0,2769.0,7318.0,1255.0,2188.0,6328.0,812.0,1696.0
10046,"St. Wendel, Landkreis",13408.0,3257.0,2431.0,11543.0,1500.0,1834.0,8940.0,758.0,1342.0
12051,"Brandenburg an der Havel, kreisfreie Stadt",492.0,0.0,,284.0,0.0,,312.0,0.0,
12052,"Cottbus, kreisfreie Stadt",1723.0,,,1963.0,,,1452.0,,
12053,"Frankfurt (Oder), kreisfreie Stadt",4401.0,,1102.0,4389.0,40.0,,4300.0,,
12054,"Potsdam, kreisfreie Stadt",1474.0,6.0,,1484.0,,,1513.0,,
12060,"Barnim, Landkreis",18515.0,21618.0,4685.0,20325.0,23596.0,2328.0,19147.0,23243.0,1660.0
12061,"Dahme-Spreewald, Landkreis",36956.0,20746.0,4022.0,35888.0,20405.0,3673.0,30996.0,20397.0,3490.0
12062,"Elbe-Elster, Landkreis",53227.0,110928.0,5896.0,52644.0,112675.0,6063.0,46475.0,106208.0,6313.0
12063,"Havelland, Landkreis",40950.0,13029.0,4969.0,36491.0,5787.0,4236.0,31970.0,4823.0,4596.0
12064,"Märkisch-Oderland, Landkreis",29787.0,70610.0,16857.0,26172.0,99005.0,13365.0,22785.0,83761.0,13685.0
12065,"Oberhavel, Landkreis",29947.0,24536.0,4661.0,28732.0,17782.0,3418.0,23673.0,15487.0,2301.0
12066,"Oberspreewald-Lausitz, Landkreis",16614.0,75741.0,481.0,15597.0,97460.0,349.0,14096.0,120827.0,261.0
12067,"Oder-Spree, Landkreis",32157.0,37699.0,10471.0,35303.0,35114.0,7038.0,31596.0,26013.0,7408.0
12068,"Ostprignitz-Ruppin, Landkreis",58686.0,24884.0,7884.0,52754.0,18202.0,4086.0,46230.0,23086.0,4059.0
12069,"Potsdam-Mittelmark, Landkreis",49101.0,95971.0,3734.0,46574.0,93457.0,2176.0,40554.0,99679.0,2063.0
12070,"Prignitz, Landkreis",73089.0,86376.0,11873.0,64635.0,72434.0,6023.0,55117.0,72808.0,5884.0
12071,"Spree-Neiße, Landkreis",25219.0,38844.0,2837.0,27488.0,30300.0,1697.0,27171.0,28319.0,862.0
12072,"Teltow-Fläming, Landkreis",33665.0,102612.0,13787.0,33664.0,106574.0,13191.0,24735.0,86399.0,17572.0
12073,"Uckermark, Landkreis",48489.0,80962.0,9480.0,47113.0,70519.0,10688.0,44226.0,66279.0,11716.0
13001,"Greifswald, Hansestadt,  kreisfreie Stadt",437.0,,1310.0,0.0,0.0,0.0,0.0,0.0,0.0
13002,"Neubrandenburg, Stadt,  kreisfreie Stadt",,0.0,,0.0,0.0,0.0,0.0,0.0,0.0
13003,"Rostock, Hanse- und Universitätsstadt, kreisfreie Stadt",,,,1311.0,,,,0.0,
13004,"Schwerin, Landeshauptstadt, kreisfreie Stadt",176.0,,108.0,172.0,,,,,
13005,"Stralsund, Hansestadt,  kreisfreie Stadt",0.0,0.0,0.0,0.0,0.0,0.0,0.0,0.0,0.0
13006,"Wismar, Hansestadt,  kreisfreie Stadt",0.0,0.0,0.0,0.0,0.0,0.0,0.0,0.0,0.0
13051,"Bad Doberan, Landkreis",35887.0,65713.0,4132.0,0.0,0.0,0.0,0.0,0.0,0.0
13052,Landkreis Demmin,42719.0,61265.0,2054.0,0.0,0.0,0.0,0.0,0.0,0.0
13053,"Güstrow, Landkreis",54109.0,144305.0,5202.0,0.0,0.0,0.0,0.0,0.0,0.0
13054,Landkreis Ludwigslust,71997.0,88447.0,11675.0,0.0,0.0,0.0,0.0,0.0,0.0
13055,"Mecklenburg-Strelitz, Landkreis",29510.0,26386.0,8275.0,0.0,0.0,0.0,0.0,0.0,0.0
13056,Landkreis Müritz,33764.0,53733.0,4411.0,0.0,0.0,0.0,0.0,0.0,0.0
13057,"Nordvorpommern, Landkreis",53744.0,35663.0,11178.0,0.0,0.0,0.0,0.0,0.0,0.0
13058,Landkreis Nordwestmecklenburg,43788.0,139284.0,11361.0,0.0,0.0,0.0,0.0,0.0,0.0
13059,"Ostvorpommern, Landkreis",42231.0,25781.0,7773.0,0.0,0.0,0.0,0.0,0.0,0.0
13060,Landkreis Parchim,58892.0,100394.0,8092.0,0.0,0.0,0.0,0.0,0.0,0.0
13061,"Rügen, Landkreis",15989.0,9342.0,6332.0,0.0,0.0,0.0,0.0,0.0,0.0
13062,Landkreis Uecker-Randow,59347.0,14993.0,1663.0,0.0,0.0,0.0,0.0,0.0,0.0
13071,"Mecklenburgische Seenplatte, Landkreis",0.0,0.0,0.0,92733.0,122841.0,13764.0,82244.0,109116.0,11291.0
13072,Landkreis Rostock,0.0,0.0,0.0,93749.0,179583.0,13782.0,86631.0,167182.0,13306.0
13073,"Vorpommern-Rügen, Landkreis",0.0,0.0,0.0,63826.0,32918.0,13264.0,56848.0,,12091.0
13074,Landkreis Nordwestmecklenburg,0.0,0.0,0.0,46019.0,105038.0,9859.0,40223.0,135040.0,25686.0
13075,"Vorpommern-Greifswald, Landkreis",0.0,0.0,0.0,110003.0,131501.0,8470.0,94110.0,99905.0,7590.0
13076,Landkreis Ludwigslust-Parchim,0.0,0.0,0.0,139601.0,210427.0,14551.0,124677.0,208160.0,16341.0
14161,"Chemnitz, kreisfreie Stadt",0.0,0.0,0.0,0.0,0.0,0.0,0.0,0.0,0.0
14166,"Plauen, kreisfreie Stadt",0.0,0.0,0.0,0.0,0.0,0.0,0.0,0.0,0.0
14167,"Zwickau, kreisfreie Stadt",0.0,0.0,0.0,0.0,0.0,0.0,0.0,0.0,0.0
14171,"Annaberg, Landkreis",0.0,0.0,0.0,0.0,0.0,0.0,0.0,0.0,0.0
14173,"Chemnitzer Land, Landkreis",0.0,0.0,0.0,0.0,0.0,0.0,0.0,0.0,0.0
14177,"Freiberg, Landkreis",0.0,0.0,0.0,0.0,0.0,0.0,0.0,0.0,0.0
14178,Vogtlandkreis,0.0,0.0,0.0,0.0,0.0,0.0,0.0,0.0,0.0
14181,Mittlerer Erzgebirgskreis,0.0,0.0,0.0,0.0,0.0,0.0,0.0,0.0,0.0
14182,"Mittweida, Landkreis",0.0,0.0,0.0,0.0,0.0,0.0,0.0,0.0,0.0
14188,"Stollberg, Landkreis",0.0,0.0,0.0,0.0,0.0,0.0,0.0,0.0,0.0
14191,"Aue-Schwarzenberg, Landkreis",0.0,0.0,0.0,0.0,0.0,0.0,0.0,0.0,0.0
14193,"Zwickauer Land, Landkreis",0.0,0.0,0.0,0.0,0.0,0.0,0.0,0.0,0.0
14262,"Dresden, kreisfreie Stadt",0.0,0.0,0.0,0.0,0.0,0.0,0.0,0.0,0.0
14263,"Görlitz, kreisfreie Stadt",0.0,0.0,0.0,0.0,0.0,0.0,0.0,0.0,0.0
14264,"Hoyerswerda, kreisfreie Stadt",0.0,0.0,0.0,0.0,0.0,0.0,0.0,0.0,0.0
14272,"Bautzen, Landkreis",0.0,0.0,0.0,0.0,0.0,0.0,0.0,0.0,0.0
14280,"Meißen, Landkreis",0.0,0.0,0.0,0.0,0.0,0.0,0.0,0.0,0.0
14284,Niederschlesischer Oberlausitzkreis,0.0,0.0,0.0,0.0,0.0,0.0,0.0,0.0,0.0
14285,"Riesa-Großenhain, Landkreis",0.0,0.0,0.0,0.0,0.0,0.0,0.0,0.0,0.0
14286,"Löbau-Zittau, Landkreis",0.0,0.0,0.0,0.0,0.0,0.0,0.0,0.0,0.0
14287,"Sächsische Schweiz, Landkreis",0.0,0.0,0.0,0.0,0.0,0.0,0.0,0.0,0.0
14290,Weißeritzkreis,0.0,0.0,0.0,0.0,0.0,0.0,0.0,0.0,0.0
14292,"Kamenz, Landkreis",0.0,0.0,0.0,0.0,0.0,0.0,0.0,0.0,0.0
14365,"Leipzig, kreisfreie Stadt",0.0,0.0,0.0,0.0,0.0,0.0,0.0,0.0,0.0
14374,"Delitzsch, Landkreis",0.0,0.0,0.0,0.0,0.0,0.0,0.0,0.0,0.0
14375,"Döbeln, Landkreis",0.0,0.0,0.0,0.0,0.0,0.0,0.0,0.0,0.0
14379,"Leipziger Land, Landkreis",0.0,0.0,0.0,0.0,0.0,0.0,0.0,0.0,0.0
14383,Muldentalkreis,0.0,0.0,0.0,0.0,0.0,0.0,0.0,0.0,0.0
14389,"Torgau-Oschatz, Landkreis",0.0,0.0,0.0,0.0,0.0,0.0,0.0,0.0,0.0
14511,"Chemnitz, Stadt",5467.0,945.0,168.0,4736.0,,,4272.0,,465.0
14521,Erzgebirgskreis,60380.0,20776.0,7291.0,61807.0,13933.0,6586.0,55327.0,9990.0,6116.0
14522,"Mittelsachsen, Landkreis",86998.0,111621.0,11069.0,84315.0,126371.0,10922.0,76158.0,128680.0,10519.0
14523,Vogtlandkreis,40355.0,28738.0,9945.0,40575.0,54675.0,6374.0,37739.0,59288.0,4777.0
14524,"Zwickau, Landkreis",37909.0,48967.0,7024.0,37198.0,28502.0,7835.0,31377.0,32041.0,6150.0
14612,"Dresden, Stadt",1676.0,488.0,1108.0,997.0,,1165.0,981.0,604.0,1175.0
14625,"Bautzen, Landkreis",51093.0,87456.0,7584.0,50434.0,83942.0,6879.0,43378.0,88812.0,6439.0
14626,"Görlitz, Landkreis",44056.0,31793.0,7172.0,43612.0,35410.0,7790.0,41805.0,35011.0,6235.0
14627,"Meißen, Landkreis",34256.0,121472.0,8430.0,34652.0,120048.0,7567.0,31481.0,116452.0,7162.0
14628,"Sächsische Schweiz-Osterzgebirge, Landkreis",47815.0,6306.0,8521.0,47979.0,4669.0,9514.0,43638.0,1621.0,7741.0
14713,"Leipzig, Stadt",2386.0,181.0,2356.0,2555.0,95.0,,2288.0,,3342.0
14729,"Leipzig, Landkreis",37990.0,58788.0,10505.0,39189.0,55178.0,9966.0,37373.0,46889.0,8872.0
14730,"Nordsachsen, Landkreis",38663.0,140948.0,21003.0,37474.0,129813.0,17182.0,35881.0,122808.0,16708.0
15001,"Dessau-Roßlau, kreisfreie Stadt",,1610.0,3521.0,1562.0,,2331.0,1211.0,1422.0,2027.0
15002,"Halle (Saale), kreisfreie Stadt",,,,,0.0,,,,1014.0
15003,"Magdeburg, kreisfreie Stadt",,,,,,,,,121.0
15081,Altmarkkreis Salzwedel,64954.0,76689.0,9569.0,59020.0,55323.0,7713.0,54686.0,107914.0,5617.0
15082,"Anhalt-Bitterfeld, Landkreis",18862.0,47449.0,7293.0,20043.0,39132.0,7201.0,17559.0,38927.0,7705.0
15083,"Börde, Landkreis",36073.0,179787.0,8162.0,37871.0,214079.0,6405.0,32223.0,204866.0,6097.0
15084,Burgenlandkreis,22315.0,74325.0,13818.0,23736.0,80276.0,10052.0,24847.0,78653.0,8142.0
15085,"Harz, Landkreis",17871.0,68058.0,9304.0,18399.0,49876.0,7362.0,14860.0,65050.0,6685.0
15086,"Jerichower Land, Landkreis",30050.0,160432.0,5200.0,31267.0,213577.0,3479.0,28286.0,137466.0,2912.0
15087,"Mansfeld-Südharz, Landkreis",9641.0,52743.0,11921.0,11016.0,72716.0,10834.0,10641.0,59373.0,9272.0
15088,Saalekreis,18008.0,163689.0,9905.0,16995.0,131446.0,7823.0,13562.0,130334.0,7920.0
15089,Salzlandkreis,9169.0,91169.0,8611.0,8783.0,135954.0,6333.0,6253.0,129890.0,3921.0
15090,"Stendal, Landkreis",68529.0,72741.0,7450.0,66261.0,74938.0,6269.0,55646.0,73962.0,5550.0
15091,"Wittenberg, Landkreis",38933.0,93967.0,7243.0,39963.0,119786.0,5329.0,38452.0,94070.0,4214.0
15101,"Dessau, kreisfreie Stadt",0.0,0.0,0.0,0.0,0.0,0.0,0.0,0.0,0.0
15151,"Anhalt-Zerbst, Kreis",0.0,0.0,0.0,0.0,0.0,0.0,0.0,0.0,0.0
15153,"Bernburg, Kreis",0.0,0.0,0.0,0.0,0.0,0.0,0.0,0.0,0.0
15154,"Bitterfeld, Kreis",0.0,0.0,0.0,0.0,0.0,0.0,0.0,0.0,0.0
15159,"Köthen, Kreis",0.0,0.0,0.0,0.0,0.0,0.0,0.0,0.0,0.0
15171,"Wittenberg, Kreis",0.0,0.0,0.0,0.0,0.0,0.0,0.0,0.0,0.0
15202,"Halle (Saale), kreisfreie Stadt",0.0,0.0,0.0,0.0,0.0,0.0,0.0,0.0,0.0
15256,Burgenlandkreis,0.0,0.0,0.0,0.0,0.0,0.0,0.0,0.0,0.0
15260,"Mansfelder Land, Kreis",0.0,0.0,0.0,0.0,0.0,0.0,0.0,0.0,0.0
15261,"Merseburg-Querfurt, Kreis",0.0,0.0,0.0,0.0,0.0,0.0,0.0,0.0,0.0
15265,Saalkreis,0.0,0.0,0.0,0.0,0.0,0.0,0.0,0.0,0.0
15266,"Sangerhausen, Kreis",0.0,0.0,0.0,0.0,0.0,0.0,0.0,0.0,0.0
15268,"Weißenfels, Kreis",0.0,0.0,0.0,0.0,0.0,0.0,0.0,0.0,0.0
15303,"Magdeburg, kreisfreie Stadt",0.0,0.0,0.0,0.0,0.0,0.0,0.0,0.0,0.0
15352,"Aschersleben-Staßfurt, Kreis",0.0,0.0,0.0,0.0,0.0,0.0,0.0,0.0,0.0
15355,Bördekreis,0.0,0.0,0.0,0.0,0.0,0.0,0.0,0.0,0.0
15357,"Halberstadt, Kreis",0.0,0.0,0.0,0.0,0.0,0.0,0.0,0.0,0.0
15358,"Jerichower Land, Kreis",0.0,0.0,0.0,0.0,0.0,0.0,0.0,0.0,0.0
15362,Ohrekreis,0.0,0.0,0.0,0.0,0.0,0.0,0.0,0.0,0.0
15363,"Stendal, Kreis",0.0,0.0,0.0,0.0,0.0,0.0,0.0,0.0,0.0
15364,"Quedlinburg, Kreis",0.0,0.0,0.0,0.0,0.0,0.0,0.0,0.0,0.0
15367,"Schönebeck, Kreis",0.0,0.0,0.0,0.0,0.0,0.0,0.0,0.0,0.0
15369,"Wernigerode, Kreis",0.0,0.0,0.0,0.0,0.0,0.0,0.0,0.0,0.0
15370,"Altmarkkreis Salzwedel, Kreis",0.0,0.0,0.0,0.0,0.0,0.0,0.0,0.0,0.0
16051,"Erfurt, kreisfreie Stadt",2150.0,604.0,1855.0,2014.0,706.0,693.0,1780.0,526.0,607.0
16052,"Gera, kreisfreie Stadt",1446.0,1850.0,657.0,1315.0,,769.0,942.0,,610.0
16053,"Jena, kreisfreie Stadt",,47.0,,57.0,,,85.0,,3209.0
16054,"Suhl, kreisfreie Stadt",0.0,,,,0.0,,,0.0,
16055,"Weimar, kreisfreie Stadt",,,862.0,,,,,,
16056,"Eisenach, kreisfreie Stadt",1664.0,142.0,1909.0,1743.0,50.0,1444.0,1761.0,,1891.0
16061,"Eichsfeld, Kreis",20150.0,40692.0,6318.0,19976.0,30977.0,4445.0,17992.0,23458.0,3713.0
16062,"Nordhausen, Kreis",10059.0,87080.0,8648.0,10103.0,78003.0,8296.0,9973.0,,5717.0
16063,Wartburgkreis,36343.0,16378.0,18515.0,32925.0,12896.0,17844.0,29106.0,8688.0,17260.0
16064,Unstrut-Hainich-Kreis,13747.0,54451.0,15874.0,11444.0,61766.0,14185.0,10568.0,33989.0,14268.0
16065,Kyffhäuserkreis,8291.0,53195.0,19077.0,6328.0,64329.0,17461.0,5604.0,52555.0,15524.0
16066,"Schmalkalden-Meiningen, Kreis",24949.0,57660.0,25858.0,24533.0,60684.0,21099.0,22182.0,57104.0,20491.0
16067,"Gotha, Kreis",18720.0,25385.0,11851.0,16770.0,24996.0,10782.0,14223.0,12921.0,11273.0
16068,"Sömmerda, Kreis",13959.0,43065.0,3306.0,13870.0,34236.0,2866.0,9651.0,29224.0,2570.0
16069,"Hildburghausen, Kreis",22587.0,28508.0,18773.0,22214.0,20488.0,15734.0,20212.0,15635.0,14724.0
16070,Ilm-Kreis,12472.0,13795.0,8001.0,10342.0,42444.0,7451.0,9069.0,37579.0,7863.0
16071,"Weimarer Land, Kreis",14909.0,80224.0,9899.0,13430.0,82141.0,4343.0,12325.0,77879.0,4310.0
16072,"Sonneberg, Kreis",6533.0,,3911.0,6487.0,,3406.0,6005.0,,3369.0
16073,"Saalfeld-Rudolstadt, Kreis",23973.0,25146.0,10570.0,23769.0,20668.0,7995.0,20959.0,18779.0,7937.0
16074,Saale-Holzland-Kreis,22635.0,87850.0,12152.0,22399.0,99032.0,8336.0,19788.0,92711.0,9551.0
16075,Saale-Orla-Kreis,37877.0,42328.0,6568.0,37326.0,48335.0,4643.0,33294.0,60415.0,4788.0
16076,"Greiz, Kreis",29902.0,59439.0,2588.0,33357.0,49732.0,2633.0,29690.0,52023.0,3762.0
16077,"Altenburger Land, Kreis",13797.0,36733.0,1502.0,12381.0,31199.0,825.0,12050.0,29186.0,1173.0
3241001,"Hannover, Landeshauptstadt",0.0,0.0,0.0,,,,,,
5334002,"Aachen, krfr. Stadt",0.0,0.0,0.0,,,,,,
10041100,"Saarbrücken, Landeshauptstadt",406.0,,34.0,,,,,,
11001001,Berlin-Mitte,0.0,0.0,0.0,0.0,0.0,0.0,,,
11002002,Berlin-Friedrichshain-Kreuzberg,0.0,0.0,0.0,0.0,0.0,0.0,,,
11003003,Berlin-Pankow,0.0,0.0,0.0,0.0,0.0,0.0,,,
11004004,Berlin-Charlottenburg-Wilmersdorf,0.0,0.0,0.0,0.0,0.0,0.0,,,
11005005,Berlin-Spandau,0.0,0.0,0.0,0.0,0.0,0.0,,,
11006006,Berlin-Steglitz-Zehlendorf,0.0,0.0,0.0,0.0,0.0,0.0,,,
11007007,Berlin-Tempelhof-Schöneberg,0.0,0.0,0.0,0.0,0.0,0.0,,,
11008008,Berlin-Neukölln,0.0,0.0,0.0,0.0,0.0,0.0,,,
11009009,Berlin-Treptow-Köpenick,0.0,0.0,0.0,0.0,0.0,0.0,,,
11010010,Berlin-Marzahn-Hellersdorf,0.0,0.0,0.0,0.0,0.0,0.0,,,
11011011,Berlin-Lichtenberg,0.0,0.0,0.0,0.0,0.0,0.0,,,
11012012,Berlin-Reinickendorf,0.0,0.0,0.0,0.0,0.0,0.0,,,
