,AGS,Name,Bundesland,mobility_car_density,mobility_ev_hybrid,mobility_rank,mobility_third,mobility_pc_km_umweltfreundlich_2002,mobility_pc_km_umweltfreundlich_2017
0,0,Deutschland,Deutschland,58.301443716387915,1.913849161823515,0,,17.920187364501487,22.63424391877212
1,1,Schleswig-Holstein,Schleswig-Holstein,58.96461505028227,1.6323038461604278,10,mittleren Drittel,16.211492518546457,23.762643150795007
2,2,Hamburg,Hamburg,43.858711335618565,2.044731881106943,2,besten Drittel,32.60608658379768,38.24048230434297
3,3,Niedersachsen,Niedersachsen,61.08098997001506,1.7951718387533322,12,schlechtesten Drittel,17.783738249171822,21.924873678261154
4,4,Bremen,Bremen,44.32555808669507,1.5492347696769815,3,besten Drittel,24.97065327181895,30.888652176869208
5,5,Nordrhein-Westfalen,Nordrhein-Westfalen,58.17280851763926,1.92575105339921,9,mittleren Drittel,16.5324459466038,21.401120709362583
6,6,Hessen,Hessen,60.31713655419836,2.203028204689519,11,mittleren Drittel,19.563925179273795,21.518746641312887
7,7,Rheinland-Pfalz,Rheinland-Pfalz,63.331072681380796,1.7027214272059923,15,schlechtesten Drittel,14.824903843387014,18.740222930100728
8,8,Baden-Württemberg,Baden-Württemberg,61.61686821023094,2.3461608921887103,13,schlechtesten Drittel,20.48288103333975,24.08454341300107
9,9,Bayern,Bayern,62.397949941371294,2.278904535778242,14,schlechtesten Drittel,17.898872919036293,22.598619523580734
10,10,Saarland,Saarland,66.1640274118744,1.8439493947155186,16,schlechtesten Drittel,14.543507484791174,12.816284079934626
11,11,Berlin,Berlin,33.82097810669939,1.5732274780066304,1,besten Drittel,32.870549803443886,40.79359554472676
12,12,Brandenburg,Brandenburg,57.624746440713224,1.44814466315821,8,mittleren Drittel,18.39490208413425,21.336105844698594
13,13,Mecklenburg-Vorpommern,Mecklenburg-Vorpommern,54.55199980138534,1.0916358400158894,5,besten Drittel,11.567771213288808,15.785968508499938
14,14,Sachsen,Sachsen,54.06116544092731,1.2927027985640374,4,besten Drittel,14.347751037947543,16.751224051221836
15,15,Sachsen-Anhalt,Sachsen-Anhalt,56.53093484254718,1.1616441235761803,6,mittleren Drittel,12.794277170248321,15.191166606470254
16,16,Thüringen,Thüringen,56.88434952863228,1.3379247490235262,7,mittleren Drittel,15.502948703683098,16.07102084960644
17,1001,Flensburg,Schleswig-Holstein,49.712993755007524,1.6089910331127286,33,besten Drittel,16.211492518546457,23.762643150795007
18,1002,Kiel,Schleswig-Holstein,45.831962735996555,1.5464398987991537,12,besten Drittel,16.211492518546457,23.762643150795007
19,1003,Lübeck,Schleswig-Holstein,47.04291256120623,1.4407449705701485,22,besten Drittel,16.211492518546457,23.762643150795007
20,1004,Neumünster,Schleswig-Holstein,54.6568380799034,1.7862533963973033,71,besten Drittel,16.211492518546457,23.762643150795007
21,1051,Dithmarschen,Schleswig-Holstein,62.2479827422762,1.2174458270196837,191,mittleren Drittel,16.211492518546457,23.762643150795007
22,1053,Herzogtum Lauenburg,Schleswig-Holstein,59.838461500156846,1.5352133015302338,134,mittleren Drittel,16.211492518546457,23.762643150795007
23,1054,Nordfriesland,Schleswig-Holstein,63.34805442826449,1.795774647887324,219,mittleren Drittel,16.211492518546457,23.762643150795007
24,1055,Ostholstein,Schleswig-Holstein,64.28168344768184,1.4078232201728593,248,mittleren Drittel,16.211492518546457,23.762643150795007
25,1056,Pinneberg,Schleswig-Holstein,56.75816615670726,1.929154388896917,88,besten Drittel,16.211492518546457,23.762643150795007
26,1057,Plön,Schleswig-Holstein,63.088821547263784,1.4727767625128192,212,mittleren Drittel,16.211492518546457,23.762643150795007
27,1058,Rendsburg-Eckernförde,Schleswig-Holstein,64.0862443081582,1.5848405922051199,240,mittleren Drittel,16.211492518546457,23.762643150795007
28,1059,Schleswig-Flensburg,Schleswig-Holstein,64.25056060137685,1.3356297135903512,245,mittleren Drittel,16.211492518546457,23.762643150795007
29,1060,Segeberg,Schleswig-Holstein,61.13124108416548,1.8990727532097005,161,mittleren Drittel,16.211492518546457,23.762643150795007
30,1061,Steinburg,Schleswig-Holstein,63.40728965248428,1.2243681358574783,221,mittleren Drittel,16.211492518546457,23.762643150795007
31,1062,Stormarn,Schleswig-Holstein,63.28899863899009,2.13686706926481,218,mittleren Drittel,16.211492518546457,23.762643150795007
32,3101,Braunschweig,Niedersachsen,58.01151822781655,3.212323619601082,106,besten Drittel,17.783738249171822,21.924873678261154
33,3102,Salzgitter,Niedersachsen,54.57692826971667,0.9730553358921441,70,besten Drittel,17.783738249171822,21.924873678261154
34,3103,Wolfsburg,Niedersachsen,115.93477962710472,19.5870882379043,399,schlechtesten Drittel,17.783738249171822,21.924873678261154
35,3151,Gifhorn,Niedersachsen,61.59151074365301,1.3005918423552292,171,mittleren Drittel,17.783738249171822,21.924873678261154
36,3153,Goslar,Niedersachsen,60.48638567698619,1.3121969414397612,147,mittleren Drittel,17.783738249171822,21.924873678261154
37,3154,Helmstedt,Niedersachsen,61.92232350977795,1.3285328138850283,180,mittleren Drittel,17.783738249171822,21.924873678261154
38,3155,Northeim,Niedersachsen,67.28038553485372,1.3433005729897927,332,schlechtesten Drittel,17.783738249171822,21.924873678261154
39,3157,Peine,Niedersachsen,62.808119158878505,1.2412383177570092,206,mittleren Drittel,17.783738249171822,21.924873678261154
40,3158,Wolfenbüttel,Niedersachsen,63.64658122525667,1.3462054619875192,230,mittleren Drittel,17.783738249171822,21.924873678261154
41,3159,Göttingen,Niedersachsen,57.47278788609068,1.4685118071068186,102,besten Drittel,17.783738249171822,21.924873678261154
42,3241,Region Hannover,Niedersachsen,51.42668812594976,1.5917362754321447,49,besten Drittel,17.783738249171822,21.924873678261154
43,3251,Diepholz,Niedersachsen,65.41612783827381,1.6103162598988299,284,schlechtesten Drittel,17.783738249171822,21.924873678261154
44,3252,Hameln-Pyrmont,Niedersachsen,62.749139047951516,1.4728489624940422,204,mittleren Drittel,17.783738249171822,21.924873678261154
45,3254,Hildesheim,Niedersachsen,59.379560582735564,1.378956447685908,126,besten Drittel,17.783738249171822,21.924873678261154
46,3255,Holzminden,Niedersachsen,65.16274942028572,1.0835647419197847,274,schlechtesten Drittel,17.783738249171822,21.924873678261154
47,3256,Nienburg (Weser),Niedersachsen,64.57999720791966,1.6571818054905443,261,mittleren Drittel,17.783738249171822,21.924873678261154
48,3257,Schaumburg,Niedersachsen,65.13206162876008,1.4926505932653629,271,schlechtesten Drittel,17.783738249171822,21.924873678261154
49,3351,Celle,Niedersachsen,61.941472361948705,1.3334074424033573,182,mittleren Drittel,17.783738249171822,21.924873678261154
50,3352,Cuxhaven,Niedersachsen,63.904851129492044,1.2960727043180713,237,mittleren Drittel,17.783738249171822,21.924873678261154
51,3353,Harburg,Niedersachsen,65.86539208225261,2.0520446674018045,298,schlechtesten Drittel,17.783738249171822,21.924873678261154
52,3354,Lüchow-Dannenberg,Niedersachsen,64.8333058260439,1.1841888100346591,265,mittleren Drittel,17.783738249171822,21.924873678261154
53,3355,Lüneburg,Niedersachsen,57.41888088846157,1.65830312916939,101,besten Drittel,17.783738249171822,21.924873678261154
54,3356,Osterholz,Niedersachsen,64.27938185547656,1.4202026874337266,247,mittleren Drittel,17.783738249171822,21.924873678261154
55,3357,Rotenburg (Wümme),Niedersachsen,69.38321585929782,1.5678692856406928,379,schlechtesten Drittel,17.783738249171822,21.924873678261154
56,3358,Heidekreis,Niedersachsen,62.714117778772945,1.2063367666815943,203,mittleren Drittel,17.783738249171822,21.924873678261154
57,3359,Stade,Niedersachsen,61.74599023709901,1.6382883929955057,174,mittleren Drittel,17.783738249171822,21.924873678261154
58,3360,Uelzen,Niedersachsen,62.16440243718647,1.482334704071307,189,mittleren Drittel,17.783738249171822,21.924873678261154
59,3361,Verden,Niedersachsen,63.3744142895305,1.4432483556787745,220,mittleren Drittel,17.783738249171822,21.924873678261154
60,3401,Delmenhorst,Niedersachsen,55.29398106344005,1.6692035809189647,75,besten Drittel,17.783738249171822,21.924873678261154
61,3402,Emden,Niedersachsen,50.9904488823375,1.0439593724128182,48,besten Drittel,17.783738249171822,21.924873678261154
62,3403,Oldenburg (Oldenburg),Niedersachsen,53.161295623543765,1.9009443097852556,57,besten Drittel,17.783738249171822,21.924873678261154
63,3404,Osnabrück,Niedersachsen,52.684901293066886,2.158949065041143,55,besten Drittel,17.783738249171822,21.924873678261154
64,3405,Wilhelmshaven,Niedersachsen,54.09919095792181,0.9876444479987203,66,besten Drittel,17.783738249171822,21.924873678261154
65,3451,Ammerland,Niedersachsen,64.4625420043487,1.3536271990511959,253,mittleren Drittel,17.783738249171822,21.924873678261154
66,3452,Aurich,Niedersachsen,62.42510174609426,1.1238020217933569,197,mittleren Drittel,17.783738249171822,21.924873678261154
67,3453,Cloppenburg,Niedersachsen,59.40108058397517,0.9822968157259456,127,besten Drittel,17.783738249171822,21.924873678261154
68,3454,Emsland,Niedersachsen,61.99452620271156,1.2694743766539829,183,mittleren Drittel,17.783738249171822,21.924873678261154
69,3455,Friesland,Niedersachsen,67.9875923250245,1.5297410352527507,345,schlechtesten Drittel,17.783738249171822,21.924873678261154
70,3456,Grafschaft Bentheim,Niedersachsen,62.27635126367843,1.7214284684476866,193,mittleren Drittel,17.783738249171822,21.924873678261154
71,3457,Leer,Niedersachsen,60.998950243879804,1.0607756595774298,156,mittleren Drittel,17.783738249171822,21.924873678261154
72,3458,Oldenburg,Niedersachsen,64.46919169360515,1.4754979521693379,254,mittleren Drittel,17.783738249171822,21.924873678261154
73,3459,Osnabrück,Niedersachsen,64.91550269672243,1.5115475038030701,266,mittleren Drittel,17.783738249171822,21.924873678261154
74,3460,Vechta,Niedersachsen,61.93018196885466,1.5683160111874588,181,mittleren Drittel,17.783738249171822,21.924873678261154
75,3461,Wesermarsch,Niedersachsen,61.35135135135133,1.016623317878548,167,mittleren Drittel,17.783738249171822,21.924873678261154
76,3462,Wittmund,Niedersachsen,64.02401879731964,1.0112261770080933,239,mittleren Drittel,17.783738249171822,21.924873678261154
77,4011,Bremen,Bremen,43.99829572689024,1.5931403007331926,9,besten Drittel,24.97065327181895,30.888652176869208
78,4012,Bremerhaven,Bremen,45.954423758316906,1.330706087140926,14,besten Drittel,24.97065327181895,30.888652176869208
79,5111,Düsseldorf,Nordrhein-Westfalen,51.998702130991134,3.147816625960286,52,besten Drittel,16.5324459466038,21.401120709362583
80,5112,Duisburg,Nordrhein-Westfalen,47.60114065983779,1.1776181859307848,24,besten Drittel,16.5324459466038,21.401120709362583
81,5113,Essen,Nordrhein-Westfalen,51.49612033853843,2.070993662759392,50,besten Drittel,16.5324459466038,21.401120709362583
82,5114,Krefeld,Nordrhein-Westfalen,53.514644351464426,1.729574983483814,62,besten Drittel,16.5324459466038,21.401120709362583
83,5116,Mönchengladbach,Nordrhein-Westfalen,54.38331653901709,1.6157026218290351,68,besten Drittel,16.5324459466038,21.401120709362583
84,5117,Mülheim an der Ruhr,Nordrhein-Westfalen,56.215627361059866,1.9661588740709504,82,besten Drittel,16.5324459466038,21.401120709362583
85,5119,Oberhausen,Nordrhein-Westfalen,54.36403004522113,1.3513642983061238,67,besten Drittel,16.5324459466038,21.401120709362583
86,5120,Remscheid,Nordrhein-Westfalen,57.03319316453432,1.882437147714056,92,besten Drittel,16.5324459466038,21.401120709362583
87,5122,Solingen,Nordrhein-Westfalen,61.21592631969652,3.100838591568789,164,mittleren Drittel,16.5324459466038,21.401120709362583
88,5124,Wuppertal,Nordrhein-Westfalen,50.18529381902689,1.7818665884503004,39,besten Drittel,16.5324459466038,21.401120709362583
89,5154,Kleve,Nordrhein-Westfalen,63.03181685288996,1.5024978072684285,210,mittleren Drittel,16.5324459466038,21.401120709362583
90,5158,Mettmann,Nordrhein-Westfalen,62.26530776551316,2.4369801676675387,192,mittleren Drittel,16.5324459466038,21.401120709362583
91,5162,Rhein-Kreis Neuss,Nordrhein-Westfalen,61.55988119231993,2.0800183869028674,170,mittleren Drittel,16.5324459466038,21.401120709362583
92,5166,Viersen,Nordrhein-Westfalen,64.38089308845532,1.572829117588976,249,mittleren Drittel,16.5324459466038,21.401120709362583
93,5170,Wesel,Nordrhein-Westfalen,63.53562841933571,1.7283730749099218,226,mittleren Drittel,16.5324459466038,21.401120709362583
94,5314,Bonn,Nordrhein-Westfalen,53.468219413351015,2.7352848125103573,61,besten Drittel,16.5324459466038,21.401120709362583
95,5315,Köln,Nordrhein-Westfalen,46.392214676040176,2.6525119840163414,16,besten Drittel,16.5324459466038,21.401120709362583
96,5316,Leverkusen,Nordrhein-Westfalen,56.22181127976027,2.4272052047286863,83,besten Drittel,16.5324459466038,21.401120709362583
97,5334,Städteregion Aachen,Nordrhein-Westfalen,53.91585365196445,1.9269840642531613,65,besten Drittel,16.5324459466038,21.401120709362583
98,5358,Düren,Nordrhein-Westfalen,62.60088240475913,1.7505650914079864,200,mittleren Drittel,16.5324459466038,21.401120709362583
99,5362,Rhein-Erft-Kreis,Nordrhein-Westfalen,60.75619157813986,1.8476724497818353,152,mittleren Drittel,16.5324459466038,21.401120709362583
100,5366,Euskirchen,Nordrhein-Westfalen,69.70791110471954,2.300964042300759,383,schlechtesten Drittel,16.5324459466038,21.401120709362583
101,5370,Heinsberg,Nordrhein-Westfalen,63.714741430706226,1.7185044094988116,233,mittleren Drittel,16.5324459466038,21.401120709362583
102,5374,Oberbergischer Kreis,Nordrhein-Westfalen,66.4238037559688,1.7962528670463622,314,schlechtesten Drittel,16.5324459466038,21.401120709362583
103,5378,Rheinisch-Bergischer Kreis,Nordrhein-Westfalen,65.07908506186735,2.4397644560013267,269,schlechtesten Drittel,16.5324459466038,21.401120709362583
104,5382,Rhein-Sieg-Kreis,Nordrhein-Westfalen,62.50923872875093,1.9198244808000904,199,mittleren Drittel,16.5324459466038,21.401120709362583
105,5512,Bottrop,Nordrhein-Westfalen,59.514453035094746,1.4772698212443847,131,besten Drittel,16.5324459466038,21.401120709362583
106,5513,Gelsenkirchen,Nordrhein-Westfalen,48.07554800365977,1.3070588868471433,27,besten Drittel,16.5324459466038,21.401120709362583
107,5515,Münster,Nordrhein-Westfalen,47.67164075753903,1.9448370069842909,25,besten Drittel,16.5324459466038,21.401120709362583
108,5554,Borken,Nordrhein-Westfalen,61.603342773474104,1.5230926543570087,172,mittleren Drittel,16.5324459466038,21.401120709362583
109,5558,Coesfeld,Nordrhein-Westfalen,64.40646571975857,1.7542195236546316,250,mittleren Drittel,16.5324459466038,21.401120709362583
110,5562,Recklinghausen,Nordrhein-Westfalen,58.95388551911632,1.587464772413883,120,besten Drittel,16.5324459466038,21.401120709362583
111,5566,Steinfurt,Nordrhein-Westfalen,62.07483295422237,1.597819519476827,187,mittleren Drittel,16.5324459466038,21.401120709362583
112,5570,Warendorf,Nordrhein-Westfalen,63.13556884849881,1.623792131600138,214,mittleren Drittel,16.5324459466038,21.401120709362583
113,5711,Bielefeld,Nordrhein-Westfalen,52.73860635565055,2.0371135502182622,56,besten Drittel,16.5324459466038,21.401120709362583
114,5754,Gütersloh,Nordrhein-Westfalen,63.90861613093547,1.8601271769770338,238,mittleren Drittel,16.5324459466038,21.401120709362583
115,5758,Herford,Nordrhein-Westfalen,65.80685059947733,1.8429189857761288,297,schlechtesten Drittel,16.5324459466038,21.401120709362583
116,5762,Höxter,Nordrhein-Westfalen,64.7834907210309,1.3800591453919453,264,mittleren Drittel,16.5324459466038,21.401120709362583
117,5766,Lippe,Nordrhein-Westfalen,63.47085520480946,1.5542350014877901,222,mittleren Drittel,16.5324459466038,21.401120709362583
118,5770,Minden-Lübbecke,Nordrhein-Westfalen,66.09053577281229,1.7589183005905906,304,schlechtesten Drittel,16.5324459466038,21.401120709362583
119,5774,Paderborn,Nordrhein-Westfalen,60.22431960695584,1.9707156247979831,140,mittleren Drittel,16.5324459466038,21.401120709362583
120,5911,Bochum,Nordrhein-Westfalen,57.49654001612366,2.3291263231170953,103,besten Drittel,16.5324459466038,21.401120709362583
121,5913,Dortmund,Nordrhein-Westfalen,50.81178900301951,1.7333160660609495,46,besten Drittel,16.5324459466038,21.401120709362583
122,5914,Hagen,Nordrhein-Westfalen,53.242754871153565,1.562160529481276,58,besten Drittel,16.5324459466038,21.401120709362583
123,5915,Hamm,Nordrhein-Westfalen,55.43523136834823,1.419899798033899,77,besten Drittel,16.5324459466038,21.401120709362583
124,5916,Herne,Nordrhein-Westfalen,50.387879020054775,1.1543790424017213,42,besten Drittel,16.5324459466038,21.401120709362583
125,5954,Ennepe-Ruhr-Kreis,Nordrhein-Westfalen,62.71407418444604,1.8907752147338297,202,mittleren Drittel,16.5324459466038,21.401120709362583
126,5958,Hochsauerlandkreis,Nordrhein-Westfalen,65.66092454033988,1.696730661407884,290,schlechtesten Drittel,16.5324459466038,21.401120709362583
127,5962,Märkischer Kreis,Nordrhein-Westfalen,63.064752834979956,1.7972285658799436,211,mittleren Drittel,16.5324459466038,21.401120709362583
128,5966,Olpe,Nordrhein-Westfalen,68.29326923076923,1.7931189903846154,354,schlechtesten Drittel,16.5324459466038,21.401120709362583
129,5970,Siegen-Wittgenstein,Nordrhein-Westfalen,65.15480677402658,2.0306770381494634,273,schlechtesten Drittel,16.5324459466038,21.401120709362583
130,5974,Soest,Nordrhein-Westfalen,64.15788394233505,1.8098035713104288,242,mittleren Drittel,16.5324459466038,21.401120709362583
131,5978,Unna,Nordrhein-Westfalen,61.834362430450085,1.8063262123374624,177,mittleren Drittel,16.5324459466038,21.401120709362583
132,6411,Darmstadt,Hessen,46.29113392762058,2.2977992996347822,15,besten Drittel,19.563925179273795,21.518746641312887
133,6412,Frankfurt am Main,Hessen,45.78266756583036,2.8920318641138847,11,besten Drittel,19.563925179273795,21.518746641312887
134,6413,Offenbach am Main,Hessen,44.48455767546365,2.1021364103735865,10,besten Drittel,19.563925179273795,21.518746641312887
135,6414,Wiesbaden,Hessen,62.95787775587022,3.499910378203979,209,mittleren Drittel,19.563925179273795,21.518746641312887
136,6431,Bergstraße,Hessen,65.13832855151456,2.1304293311108324,272,schlechtesten Drittel,19.563925179273795,21.518746641312887
137,6432,Darmstadt-Dieburg,Hessen,64.55675311552712,2.4132704614348266,257,mittleren Drittel,19.563925179273795,21.518746641312887
138,6433,Groß-Gerau,Hessen,57.23705877882211,1.8660403102346301,95,besten Drittel,19.563925179273795,21.518746641312887
139,6434,Hochtaunuskreis,Hessen,69.30109137237862,3.473238806788699,377,schlechtesten Drittel,19.563925179273795,21.518746641312887
140,6435,Main-Kinzig-Kreis,Hessen,61.996859244565655,1.9689938955994006,184,mittleren Drittel,19.563925179273795,21.518746641312887
141,6436,Main-Taunus-Kreis,Hessen,73.71947040238051,3.7705411324161218,397,schlechtesten Drittel,19.563925179273795,21.518746641312887
142,6437,Odenwaldkreis,Hessen,65.13052716264582,1.982403845162089,270,schlechtesten Drittel,19.563925179273795,21.518746641312887
143,6438,Offenbach,Hessen,61.234634902340346,2.19013836280933,166,mittleren Drittel,19.563925179273795,21.518746641312887
144,6439,Rheingau-Taunus-Kreis,Hessen,66.0084709099552,2.249117391002462,302,schlechtesten Drittel,19.563925179273795,21.518746641312887
145,6440,Wetteraukreis,Hessen,62.610657092161055,2.127311405661921,201,mittleren Drittel,19.563925179273795,21.518746641312887
146,6531,Gießen,Hessen,57.529116002257446,1.8986785109611026,104,besten Drittel,19.563925179273795,21.518746641312887
147,6532,Lahn-Dill-Kreis,Hessen,65.2859127579293,1.5819137683333069,279,schlechtesten Drittel,19.563925179273795,21.518746641312887
148,6533,Limburg-Weilburg,Hessen,65.73145248583288,2.000474649656458,294,schlechtesten Drittel,19.563925179273795,21.518746641312887
149,6534,Marburg-Biedenkopf,Hessen,58.73090691881656,1.4018862481054217,117,besten Drittel,19.563925179273795,21.518746641312887
150,6535,Vogelsbergkreis,Hessen,68.91483945453339,1.5131871563626729,371,schlechtesten Drittel,19.563925179273795,21.518746641312887
151,6611,Kassel,Hessen,45.84443579533547,1.6865762502120696,13,besten Drittel,19.563925179273795,21.518746641312887
152,6631,Fulda,Hessen,64.58053781332188,1.5891972161093517,262,mittleren Drittel,19.563925179273795,21.518746641312887
153,6632,Hersfeld-Rotenburg,Hessen,66.4414170751396,1.1659162970298678,316,schlechtesten Drittel,19.563925179273795,21.518746641312887
154,6633,Kassel,Hessen,64.15951582177115,1.717045703592562,243,mittleren Drittel,19.563925179273795,21.518746641312887
155,6634,Schwalm-Eder-Kreis,Hessen,66.78515095639037,1.5534401172994468,322,schlechtesten Drittel,19.563925179273795,21.518746641312887
156,6635,Waldeck-Frankenberg,Hessen,67.61291394325072,1.4075508104758072,339,schlechtesten Drittel,19.563925179273795,21.518746641312887
157,6636,Werra-Meißner-Kreis,Hessen,63.52367771827426,1.1512926971137454,225,mittleren Drittel,19.563925179273795,21.518746641312887
158,7111,Koblenz,Rheinland-Pfalz,57.17717664865627,2.0670902339006316,94,besten Drittel,14.824903843387014,18.740222930100728
159,7131,Ahrweiler,Rheinland-Pfalz,67.72275373402213,1.651241552604061,342,schlechtesten Drittel,14.824903843387014,18.740222930100728
160,7132,Altenkirchen (Westerwald),Rheinland-Pfalz,65.99593071382705,1.507028415376641,300,schlechtesten Drittel,14.824903843387014,18.740222930100728
161,7133,Bad Kreuznach,Rheinland-Pfalz,63.78464511110275,1.5024905584622528,234,mittleren Drittel,14.824903843387014,18.740222930100728
162,7134,Birkenfeld,Rheinland-Pfalz,65.34527328723917,1.4681690558943212,281,schlechtesten Drittel,14.824903843387014,18.740222930100728
163,7135,Cochem-Zell,Rheinland-Pfalz,68.1752652466186,1.300720822871953,351,schlechtesten Drittel,14.824903843387014,18.740222930100728
164,7137,Mayen-Koblenz,Rheinland-Pfalz,65.3806522284006,1.6198954726474386,283,schlechtesten Drittel,14.824903843387014,18.740222930100728
165,7138,Neuwied,Rheinland-Pfalz,66.19176744942784,1.7251477845870167,310,schlechtesten Drittel,14.824903843387014,18.740222930100728
166,7140,Rhein-Hunsrück-Kreis,Rheinland-Pfalz,68.81185733421994,1.638285774860987,369,schlechtesten Drittel,14.824903843387014,18.740222930100728
167,7141,Rhein-Lahn-Kreis,Rheinland-Pfalz,66.15250480753562,1.4658909422769792,306,schlechtesten Drittel,14.824903843387014,18.740222930100728
168,7143,Westerwaldkreis,Rheinland-Pfalz,68.31002153745015,1.7735280698225495,355,schlechtesten Drittel,14.824903843387014,18.740222930100728
169,7211,Trier,Rheinland-Pfalz,48.91019263814778,1.8024780681920956,30,besten Drittel,14.824903843387014,18.740222930100728
170,7231,Bernkastel-Wittlich,Rheinland-Pfalz,67.15903669805822,1.5848896584624628,331,schlechtesten Drittel,14.824903843387014,18.740222930100728
171,7232,Eifelkreis Bitburg-Prüm,Rheinland-Pfalz,66.95292148297823,1.6709753464277575,325,schlechtesten Drittel,14.824903843387014,18.740222930100728
172,7233,Vulkaneifel,Rheinland-Pfalz,68.96126934069184,1.478269439243126,372,schlechtesten Drittel,14.824903843387014,18.740222930100728
173,7235,Trier-Saarburg,Rheinland-Pfalz,67.06093261095346,1.6683535427705785,328,schlechtesten Drittel,14.824903843387014,18.740222930100728
174,7311,Frankenthal (Pfalz),Rheinland-Pfalz,55.97359194636376,1.748918458983454,79,besten Drittel,14.824903843387014,18.740222930100728
175,7312,Kaiserslautern,Rheinland-Pfalz,50.290053579341745,1.9004552229786889,40,besten Drittel,14.824903843387014,18.740222930100728
176,7313,Landau in der Pfalz,Rheinland-Pfalz,59.5600929261067,2.240030691191202,132,besten Drittel,14.824903843387014,18.740222930100728
177,7314,Ludwigshafen am Rhein,Rheinland-Pfalz,49.60004647245055,1.811263760202155,32,besten Drittel,14.824903843387014,18.740222930100728
178,7315,Mainz,Rheinland-Pfalz,46.63167184540992,1.791262939197264,18,besten Drittel,14.824903843387014,18.740222930100728
179,7316,Neustadt an der Weinstraße,Rheinland-Pfalz,62.33385055429885,1.6750481389392609,195,mittleren Drittel,14.824903843387014,18.740222930100728
180,7317,Pirmasens,Rheinland-Pfalz,58.29629999500675,1.827532830678584,111,besten Drittel,14.824903843387014,18.740222930100728
181,7318,Speyer,Rheinland-Pfalz,58.997330169089295,1.8194403243350141,121,besten Drittel,14.824903843387014,18.740222930100728
182,7319,Worms,Rheinland-Pfalz,55.666070363744765,1.7352415026833632,78,besten Drittel,14.824903843387014,18.740222930100728
183,7320,Zweibrücken,Rheinland-Pfalz,63.21316476489395,2.2381273649936935,216,mittleren Drittel,14.824903843387014,18.740222930100728
184,7331,Alzey-Worms,Rheinland-Pfalz,66.3953399832483,1.6325287443843748,313,schlechtesten Drittel,14.824903843387014,18.740222930100728
185,7332,Bad Dürkheim,Rheinland-Pfalz,69.21309850907616,1.764935513415312,375,schlechtesten Drittel,14.824903843387014,18.740222930100728
186,7333,Donnersbergkreis,Rheinland-Pfalz,67.293466897802,1.3854887586179516,333,schlechtesten Drittel,14.824903843387014,18.740222930100728
187,7334,Germersheim,Rheinland-Pfalz,65.23164724350995,2.0632109687347753,276,schlechtesten Drittel,14.824903843387014,18.740222930100728
188,7335,Kaiserslautern,Rheinland-Pfalz,65.02765481549419,1.6723910418986834,268,schlechtesten Drittel,14.824903843387014,18.740222930100728
189,7336,Kusel,Rheinland-Pfalz,68.47274442808333,1.3166735764628517,361,schlechtesten Drittel,14.824903843387014,18.740222930100728
190,7337,Südliche Weinstraße,Rheinland-Pfalz,70.00332497596135,1.7451630586184277,387,schlechtesten Drittel,14.824903843387014,18.740222930100728
191,7338,Rhein-Pfalz-Kreis,Rheinland-Pfalz,66.51596259271201,1.580135440180587,317,schlechtesten Drittel,14.824903843387014,18.740222930100728
192,7339,Mainz-Bingen,Rheinland-Pfalz,67.5722624988231,1.880708031258827,338,schlechtesten Drittel,14.824903843387014,18.740222930100728
193,7340,Südwestpfalz,Rheinland-Pfalz,71.6301585125344,1.651567723768443,392,schlechtesten Drittel,14.824903843387014,18.740222930100728
194,8111,Stuttgart,Baden-Württemberg,50.48964113209054,4.532673346373398,43,besten Drittel,20.48288103333975,24.08454341300107
195,8115,Böblingen,Baden-Württemberg,67.02094380650821,5.166901918895205,326,schlechtesten Drittel,20.48288103333975,24.08454341300107
196,8116,Esslingen,Baden-Württemberg,63.49711654555407,2.5904219817468706,224,mittleren Drittel,20.48288103333975,24.08454341300107
197,8117,Göppingen,Baden-Württemberg,65.18880816534515,2.030913428503046,275,schlechtesten Drittel,20.48288103333975,24.08454341300107
198,8118,Ludwigsburg,Baden-Württemberg,62.09528915195924,2.4788912368569376,188,mittleren Drittel,20.48288103333975,24.08454341300107
199,8119,Rems-Murr-Kreis,Baden-Württemberg,63.21410852858306,2.2042235722509806,217,mittleren Drittel,20.48288103333975,24.08454341300107
200,8121,Heilbronn,Baden-Württemberg,55.08904333150232,2.007753974509008,73,besten Drittel,20.48288103333975,24.08454341300107
201,8125,Heilbronn,Baden-Württemberg,71.72151651245838,3.2961661654178576,393,schlechtesten Drittel,20.48288103333975,24.08454341300107
202,8126,Hohenlohekreis,Baden-Württemberg,74.96072998111508,2.861857780758573,398,schlechtesten Drittel,20.48288103333975,24.08454341300107
203,8127,Schwäbisch Hall,Baden-Württemberg,66.42945265248399,1.7728362370735915,315,schlechtesten Drittel,20.48288103333975,24.08454341300107
204,8128,Main-Tauber-Kreis,Baden-Württemberg,68.36622642077077,1.9705767321519905,360,schlechtesten Drittel,20.48288103333975,24.08454341300107
205,8135,Heidenheim,Baden-Württemberg,64.4609575956317,1.5711728515771899,252,mittleren Drittel,20.48288103333975,24.08454341300107
206,8136,Ostalbkreis,Baden-Württemberg,66.28477281601478,1.9402620242596242,311,schlechtesten Drittel,20.48288103333975,24.08454341300107
207,8211,Baden-Baden,Baden-Württemberg,64.52176418679201,2.834657013705044,255,mittleren Drittel,20.48288103333975,24.08454341300107
208,8212,Karlsruhe,Baden-Württemberg,46.708014955856726,2.1021070009331093,19,besten Drittel,20.48288103333975,24.08454341300107
209,8215,Karlsruhe,Baden-Württemberg,63.65446490087784,1.9380717835745518,231,mittleren Drittel,20.48288103333975,24.08454341300107
210,8216,Rastatt,Baden-Württemberg,66.16816475531218,2.2299135585632124,307,schlechtesten Drittel,20.48288103333975,24.08454341300107
211,8221,Heidelberg,Baden-Württemberg,38.95067349053345,1.6672422996012433,2,besten Drittel,20.48288103333975,24.08454341300107
212,8222,Mannheim,Baden-Württemberg,50.03094624973142,2.163992675519753,37,besten Drittel,20.48288103333975,24.08454341300107
213,8225,Neckar-Odenwald-Kreis,Baden-Württemberg,66.86352298702833,1.7876869845548846,323,schlechtesten Drittel,20.48288103333975,24.08454341300107
214,8226,Rhein-Neckar-Kreis,Baden-Württemberg,65.52173833852432,2.7251698449993627,285,schlechtesten Drittel,20.48288103333975,24.08454341300107
215,8231,Pforzheim,Baden-Württemberg,50.66319336567647,1.7621426124640522,45,besten Drittel,20.48288103333975,24.08454341300107
216,8235,Calw,Baden-Württemberg,66.91559936771094,2.1097046413502114,324,schlechtesten Drittel,20.48288103333975,24.08454341300107
217,8236,Enzkreis,Baden-Württemberg,67.301248021095,1.9566813326208443,335,schlechtesten Drittel,20.48288103333975,24.08454341300107
218,8237,Freudenstadt,Baden-Württemberg,66.00270172759538,1.8979216834615673,301,schlechtesten Drittel,20.48288103333975,24.08454341300107
219,8311,Freiburg im Breisgau,Baden-Württemberg,41.23693109278493,1.6006176460439598,4,besten Drittel,20.48288103333975,24.08454341300107
220,8315,Breisgau-Hochschwarzwald,Baden-Württemberg,60.940509872381426,1.8062996628942933,155,mittleren Drittel,20.48288103333975,24.08454341300107
221,8316,Emmendingen,Baden-Württemberg,61.78332192086697,1.9768376551847333,175,mittleren Drittel,20.48288103333975,24.08454341300107
222,8317,Ortenaukreis,Baden-Württemberg,63.86643193298583,1.64221524158008,235,mittleren Drittel,20.48288103333975,24.08454341300107
223,8325,Rottweil,Baden-Württemberg,68.09022684875326,1.8163564644062486,348,schlechtesten Drittel,20.48288103333975,24.08454341300107
224,8326,Schwarzwald-Baar-Kreis,Baden-Württemberg,62.95240996321204,2.0873069803406987,208,mittleren Drittel,20.48288103333975,24.08454341300107
225,8327,Tuttlingen,Baden-Württemberg,63.69247405451712,2.1381324869745955,232,mittleren Drittel,20.48288103333975,24.08454341300107
226,8335,Konstanz,Baden-Württemberg,56.93846169866398,1.9142858134586618,91,besten Drittel,20.48288103333975,24.08454341300107
227,8336,Lörrach,Baden-Württemberg,60.506875286016246,2.0288086469524287,148,mittleren Drittel,20.48288103333975,24.08454341300107
228,8337,Waldshut,Baden-Württemberg,63.883000776646874,1.805557988659788,236,mittleren Drittel,20.48288103333975,24.08454341300107
229,8415,Reutlingen,Baden-Württemberg,63.609200508054585,2.0578987916351443,229,mittleren Drittel,20.48288103333975,24.08454341300107
230,8416,Tübingen,Baden-Württemberg,56.06903214015299,1.8889846218114408,80,besten Drittel,20.48288103333975,24.08454341300107
231,8417,Zollernalbkreis,Baden-Württemberg,68.35603138366267,1.9281534545645385,359,schlechtesten Drittel,20.48288103333975,24.08454341300107
232,8421,Ulm,Baden-Württemberg,53.398608890184256,2.2142750238284665,60,besten Drittel,20.48288103333975,24.08454341300107
233,8425,Alb-Donau-Kreis,Baden-Württemberg,65.5683616045501,1.561592533995554,286,schlechtesten Drittel,20.48288103333975,24.08454341300107
234,8426,Biberach,Baden-Württemberg,65.91928913030644,1.4873747810513467,299,schlechtesten Drittel,20.48288103333975,24.08454341300107
235,8435,Bodenseekreis,Baden-Württemberg,64.55627384242868,2.498572309660324,256,mittleren Drittel,20.48288103333975,24.08454341300107
236,8436,Ravensburg,Baden-Württemberg,64.2254129632662,1.749410301347335,244,mittleren Drittel,20.48288103333975,24.08454341300107
237,8437,Sigmaringen,Baden-Württemberg,67.02144619472386,1.8508255836022016,327,schlechtesten Drittel,20.48288103333975,24.08454341300107
238,9161,Ingolstadt,Bayern,72.70896127985162,10.293734059819153,396,schlechtesten Drittel,17.898872919036293,22.598619523580734
239,9162,München,Bayern,49.92263266716317,4.035805413427903,35,besten Drittel,17.898872919036293,22.598619523580734
240,9163,Rosenheim,Bayern,56.09844429048307,1.7068715752346162,81,besten Drittel,17.898872919036293,22.598619523580734
241,9171,Altötting,Bayern,64.5706232830283,1.735702308323522,259,mittleren Drittel,17.898872919036293,22.598619523580734
242,9172,Berchtesgadener Land,Bayern,62.43126639032232,1.6853246106270388,198,mittleren Drittel,17.898872919036293,22.598619523580734
243,9173,Bad Tölz-Wolfratshausen,Bayern,64.1194818596143,2.1013297477309862,241,mittleren Drittel,17.898872919036293,22.598619523580734
244,9174,Dachau,Bayern,60.939600769384164,1.9324665967616383,154,mittleren Drittel,17.898872919036293,22.598619523580734
245,9175,Ebersberg,Bayern,60.27102558071967,2.4176477912591134,141,mittleren Drittel,17.898872919036293,22.598619523580734
246,9176,Eichstätt,Bayern,64.42671775147045,1.5445171139081375,251,mittleren Drittel,17.898872919036293,22.598619523580734
247,9177,Erding,Bayern,64.98331208548794,2.20380742289897,267,schlechtesten Drittel,17.898872919036293,22.598619523580734
248,9178,Freising,Bayern,61.21925098264364,2.146910745042618,165,mittleren Drittel,17.898872919036293,22.598619523580734
249,9179,Fürstenfeldbruck,Bayern,57.285924082368396,1.8908495326632475,97,besten Drittel,17.898872919036293,22.598619523580734
250,9180,Garmisch-Partenkirchen,Bayern,60.08931000090671,1.608260041708224,136,mittleren Drittel,17.898872919036293,22.598619523580734
251,9181,Landsberg am Lech,Bayern,68.67271499843577,2.5595639932162086,366,schlechtesten Drittel,17.898872919036293,22.598619523580734
252,9182,Miesbach,Bayern,67.29980595731061,2.539558702914641,334,schlechtesten Drittel,17.898872919036293,22.598619523580734
253,9183,Mühldorf am Inn,Bayern,64.56303249834193,1.8434433617332453,258,mittleren Drittel,17.898872919036293,22.598619523580734
254,9184,München,Bayern,69.88397453671283,4.976889236987512,385,schlechtesten Drittel,17.898872919036293,22.598619523580734
255,9185,Neuburg-Schrobenhausen,Bayern,67.55936367420283,1.7502005015075681,337,schlechtesten Drittel,17.898872919036293,22.598619523580734
256,9186,Pfaffenhofen an der Ilm,Bayern,65.78614801343896,1.8093271275775975,296,schlechtesten Drittel,17.898872919036293,22.598619523580734
257,9187,Rosenheim,Bayern,66.11306655731356,1.9174763732737965,305,schlechtesten Drittel,17.898872919036293,22.598619523580734
258,9188,Starnberg,Bayern,65.32282243851785,3.075021755504691,280,schlechtesten Drittel,17.898872919036293,22.598619523580734
259,9189,Traunstein,Bayern,66.35359518512499,1.8022157839582618,312,schlechtesten Drittel,17.898872919036293,22.598619523580734
260,9190,Weilheim-Schongau,Bayern,65.69356420427103,1.7666603240584888,292,schlechtesten Drittel,17.898872919036293,22.598619523580734
261,9261,Landshut,Bayern,52.292549555707446,1.9876965140123033,54,besten Drittel,17.898872919036293,22.598619523580734
262,9262,Passau,Bayern,54.81325221780649,2.3694272314617746,72,besten Drittel,17.898872919036293,22.598619523580734
263,9263,Straubing,Bayern,58.53429180423789,1.9872946880093618,116,besten Drittel,17.898872919036293,22.598619523580734
264,9271,Deggendorf,Bayern,66.04492163191478,1.5391508533782494,303,schlechtesten Drittel,17.898872919036293,22.598619523580734
265,9272,Freyung-Grafenau,Bayern,68.10077322209786,1.3785736087089226,349,schlechtesten Drittel,17.898872919036293,22.598619523580734
266,9273,Kelheim,Bayern,66.17971089355038,1.5448066570351657,308,schlechtesten Drittel,17.898872919036293,22.598619523580734
267,9274,Landshut,Bayern,68.17613394853724,2.0914058312953165,352,schlechtesten Drittel,17.898872919036293,22.598619523580734
268,9275,Passau,Bayern,67.12813643155238,1.6440826420732648,330,schlechtesten Drittel,17.898872919036293,22.598619523580734
269,9276,Regen,Bayern,65.66678760236343,1.5186068207732974,291,schlechtesten Drittel,17.898872919036293,22.598619523580734
270,9277,Rottal-Inn,Bayern,68.7407976965612,1.6392369858979816,367,schlechtesten Drittel,17.898872919036293,22.598619523580734
271,9278,Straubing-Bogen,Bayern,68.12437742924666,1.3711205296978457,350,schlechtesten Drittel,17.898872919036293,22.598619523580734
272,9279,Dingolfing-Landau,Bayern,72.09240654801366,2.193890560456933,394,schlechtesten Drittel,17.898872919036293,22.598619523580734
273,9361,Amberg,Bayern,60.60627708720294,2.390817735867029,151,mittleren Drittel,17.898872919036293,22.598619523580734
274,9362,Regensburg,Bayern,56.23803259043128,2.627945448150995,84,besten Drittel,17.898872919036293,22.598619523580734
275,9363,Weiden in der Oberpfalz,Bayern,62.04793746468262,1.8576944810698812,186,mittleren Drittel,17.898872919036293,22.598619523580734
276,9371,Amberg-Sulzbach,Bayern,68.7839499598168,1.5434220591225538,368,schlechtesten Drittel,17.898872919036293,22.598619523580734
277,9372,Cham,Bayern,70.00326990750834,1.2285509638441658,386,schlechtesten Drittel,17.898872919036293,22.598619523580734
278,9373,Neumarkt in der Oberpfalz,Bayern,66.52114477223618,1.6896708853316866,318,schlechtesten Drittel,17.898872919036293,22.598619523580734
279,9374,Neustadt an der Waldnaab,Bayern,69.36670954680613,1.4255888989645502,378,schlechtesten Drittel,17.898872919036293,22.598619523580734
280,9375,Regensburg,Bayern,65.72928672045077,1.7928031758227685,293,schlechtesten Drittel,17.898872919036293,22.598619523580734
281,9376,Schwandorf,Bayern,68.2589671600587,1.5042984742594094,353,schlechtesten Drittel,17.898872919036293,22.598619523580734
282,9377,Tirschenreuth,Bayern,68.57693166592227,1.254745422063421,365,schlechtesten Drittel,17.898872919036293,22.598619523580734
283,9461,Bamberg,Bayern,53.25084567004078,1.827676240208877,59,besten Drittel,17.898872919036293,22.598619523580734
284,9462,Bayreuth,Bayern,54.40609398043539,2.148588128644685,69,besten Drittel,17.898872919036293,22.598619523580734
285,9463,Coburg,Bayern,61.61152484434134,1.9167378830423636,173,mittleren Drittel,17.898872919036293,22.598619523580734
286,9464,Hof,Bayern,57.38060941828254,1.9767313019390582,99,besten Drittel,17.898872919036293,22.598619523580734
287,9471,Bamberg,Bayern,69.52070793584161,1.4157362708788939,380,schlechtesten Drittel,17.898872919036293,22.598619523580734
288,9472,Bayreuth,Bayern,69.68489502933004,1.389317690645261,382,schlechtesten Drittel,17.898872919036293,22.598619523580734
289,9473,Coburg,Bayern,68.54201331114811,1.569144019227214,364,schlechtesten Drittel,17.898872919036293,22.598619523580734
290,9474,Forchheim,Bayern,67.70532662972258,1.7515609877262253,341,schlechtesten Drittel,17.898872919036293,22.598619523580734
291,9475,Hof,Bayern,68.49329655936192,1.4461115784765777,363,schlechtesten Drittel,17.898872919036293,22.598619523580734
292,9476,Kronach,Bayern,69.21971221497633,1.316366827555946,376,schlechtesten Drittel,17.898872919036293,22.598619523580734
293,9477,Kulmbach,Bayern,70.34404441453566,1.892664872139973,391,schlechtesten Drittel,17.898872919036293,22.598619523580734
294,9478,Lichtenfels,Bayern,67.66605235162793,1.2810716051602464,340,schlechtesten Drittel,17.898872919036293,22.598619523580734
295,9479,Wunsiedel im Fichtelgebirge,Bayern,66.59858425897428,1.4870876584314932,319,schlechtesten Drittel,17.898872919036293,22.598619523580734
296,9561,Ansbach,Bayern,61.83572560126735,2.097834957515242,178,mittleren Drittel,17.898872919036293,22.598619523580734
297,9562,Erlangen,Bayern,49.82434770328002,1.9304099142040037,34,besten Drittel,17.898872919036293,22.598619523580734
298,9563,Fürth,Bayern,50.034076299933375,1.731695605706231,38,besten Drittel,17.898872919036293,22.598619523580734
299,9564,Nürnberg,Bayern,49.00358771091511,1.9924329066725157,31,besten Drittel,17.898872919036293,22.598619523580734
300,9565,Schwabach,Bayern,64.57978904389249,2.87512759441987,260,mittleren Drittel,17.898872919036293,22.598619523580734
301,9571,Ansbach,Bayern,68.34050000268414,1.4633963033943707,358,schlechtesten Drittel,17.898872919036293,22.598619523580734
302,9572,Erlangen-Höchstadt,Bayern,67.11598228576761,2.739676865987669,329,schlechtesten Drittel,17.898872919036293,22.598619523580734
303,9573,Fürth,Bayern,65.35350659789671,1.8119097059414564,282,schlechtesten Drittel,17.898872919036293,22.598619523580734
304,9574,Nürnberger Land,Bayern,65.57191525107336,2.0615549747993276,287,schlechtesten Drittel,17.898872919036293,22.598619523580734
305,9575,Neustadt an der Aisch-Bad Windsheim,Bayern,67.3114709003026,1.7330137147797384,336,schlechtesten Drittel,17.898872919036293,22.598619523580734
306,9576,Roth,Bayern,68.81195106649938,2.0224278544542034,370,schlechtesten Drittel,17.898872919036293,22.598619523580734
307,9577,Weißenburg-Gunzenhausen,Bayern,66.18824785653717,1.7137233964594916,309,schlechtesten Drittel,17.898872919036293,22.598619523580734
308,9661,Aschaffenburg,Bayern,60.60296157240723,2.4474299883722557,150,mittleren Drittel,17.898872919036293,22.598619523580734
309,9662,Schweinfurt,Bayern,55.190818326024065,2.748903611085192,74,besten Drittel,17.898872919036293,22.598619523580734
310,9663,Würzburg,Bayern,51.656385652273244,2.294123671543255,51,besten Drittel,17.898872919036293,22.598619523580734
311,9671,Aschaffenburg,Bayern,68.33823907638671,2.1021347126568175,357,schlechtesten Drittel,17.898872919036293,22.598619523580734
312,9672,Bad Kissingen,Bayern,69.00941481238038,1.3561582925744777,373,schlechtesten Drittel,17.898872919036293,22.598619523580734
313,9673,Röhn-Grabfeld,Bayern,69.70872807901631,2.087532755492844,384,schlechtesten Drittel,17.898872919036293,22.598619523580734
314,9674,Haßberge,Bayern,70.09634094252766,1.3157894736842102,388,schlechtesten Drittel,17.898872919036293,22.598619523580734
315,9675,Kitzingen,Bayern,67.98869319417264,1.8362687540769733,346,schlechtesten Drittel,17.898872919036293,22.598619523580734
316,9676,Miltenberg,Bayern,67.84410864872419,2.1074373747884017,344,schlechtesten Drittel,17.898872919036293,22.598619523580734
317,9677,Main-Spessart,Bayern,68.4810277149994,1.628008405693668,362,schlechtesten Drittel,17.898872919036293,22.598619523580734
318,9678,Schweinfurt,Bayern,68.31418878192434,1.6592901303666454,356,schlechtesten Drittel,17.898872919036293,22.598619523580734
319,9679,Würzburg,Bayern,65.78081622170313,1.925593454572138,295,schlechtesten Drittel,17.898872919036293,22.598619523580734
320,9761,Augsburg,Bayern,47.329650092081025,1.9030079803560465,23,besten Drittel,17.898872919036293,22.598619523580734
321,9762,Kaufbeuren,Bayern,56.72015603528523,1.73544926636819,87,besten Drittel,17.898872919036293,22.598619523580734
322,9763,Kempten (Allgäu),Bayern,58.43772174996017,2.147625736752929,115,besten Drittel,17.898872919036293,22.598619523580734
323,9764,Memmingen,Bayern,60.87073187093313,1.7911048500704367,153,mittleren Drittel,17.898872919036293,22.598619523580734
324,9771,Aichach-Friedberg,Bayern,65.24443329545957,1.8393365698180582,277,schlechtesten Drittel,17.898872919036293,22.598619523580734
325,9772,Augsburg,Bayern,65.61387175608051,2.196361379417355,289,schlechtesten Drittel,17.898872919036293,22.598619523580734
326,9773,Dillingen an der Donau,Bayern,67.74404245547788,1.7023013726590803,343,schlechtesten Drittel,17.898872919036293,22.598619523580734
327,9774,Günzburg,Bayern,66.68768880999097,1.4917935781245135,321,schlechtesten Drittel,17.898872919036293,22.598619523580734
328,9775,Neu-Ulm,Bayern,63.09648677606721,1.7380025940337227,213,mittleren Drittel,17.898872919036293,22.598619523580734
329,9776,Lindau (Bodensee),Bayern,64.58520587878051,1.6968298311672538,263,mittleren Drittel,17.898872919036293,22.598619523580734
330,9777,Ostallgäu,Bayern,65.28247088720714,1.6699712362813819,278,schlechtesten Drittel,17.898872919036293,22.598619523580734
331,9778,Unterallgäu,Bayern,67.9981864443482,1.408889129493287,347,schlechtesten Drittel,17.898872919036293,22.598619523580734
332,9779,Donau-Ries,Bayern,69.07160742595529,2.0202095032077403,374,schlechtesten Drittel,17.898872919036293,22.598619523580734
333,9780,Oberallgäu,Bayern,65.59140468950775,1.5960356738463886,288,schlechtesten Drittel,17.898872919036293,22.598619523580734
334,10041,Regionalverband Saarbrücken,Saarland,59.22868212317131,1.896212463792914,123,besten Drittel,14.543507484791174,12.816284079934626
335,10042,Merzig-Wadern,Saarland,70.26859783806779,1.7258716376926497,390,schlechtesten Drittel,14.543507484791174,12.816284079934626
336,10043,Neunkirchen,Saarland,66.67711143549336,1.7921694803854884,320,schlechtesten Drittel,14.543507484791174,12.816284079934626
337,10044,Saarlouis,Saarland,69.64076401547032,1.8160600224102943,381,schlechtesten Drittel,14.543507484791174,12.816284079934626
338,10045,Saarpfalz-Kreis,Saarland,70.2255959137344,1.9828320090805902,389,schlechtesten Drittel,14.543507484791174,12.816284079934626
339,10046,Sankt Wendel,Saarland,72.34188232563537,1.7012881513287688,395,schlechtesten Drittel,14.543507484791174,12.816284079934626
340,12051,Brandenburg an der Havel,Brandenburg,48.2135217565311,1.4324947212983534,28,besten Drittel,18.39490208413425,21.336105844698594
341,12052,Cottbus,Brandenburg,49.99644160676706,1.399973566221698,36,besten Drittel,18.39490208413425,21.336105844698594
342,12053,Frankfurt (Oder),Brandenburg,50.357275181284066,1.2385539617847878,41,besten Drittel,18.39490208413425,21.336105844698594
343,12054,Potsdam,Brandenburg,42.25951931161756,1.5582515260381975,8,besten Drittel,18.39490208413425,21.336105844698594
344,12060,Barnim,Brandenburg,57.24733232716393,1.5759790293113034,96,besten Drittel,18.39490208413425,21.336105844698594
345,12061,Dahme-Spreewald,Brandenburg,60.306311634837414,1.8380972963135682,142,mittleren Drittel,18.39490208413425,21.336105844698594
346,12062,Elbe-Elster,Brandenburg,63.49173121205778,1.2221258610205648,223,mittleren Drittel,18.39490208413425,21.336105844698594
347,12063,Havelland,Brandenburg,57.36983593118996,1.6557568743746458,98,besten Drittel,18.39490208413425,21.336105844698594
348,12064,Märkisch-Oderland,Brandenburg,60.184376026065216,1.5149142525193846,138,mittleren Drittel,18.39490208413425,21.336105844698594
349,12065,Oberhavel,Brandenburg,58.076415116198234,1.6316411408976113,107,besten Drittel,18.39490208413425,21.336105844698594
350,12066,Oberspreewald-Lausitz,Brandenburg,61.20790643187862,1.139850127373138,163,mittleren Drittel,18.39490208413425,21.336105844698594
351,12067,Oder-Spree,Brandenburg,60.44799018103713,1.2385282713604284,146,mittleren Drittel,18.39490208413425,21.336105844698594
352,12068,Ostprignitz-Ruppin,Brandenburg,59.74966861953476,0.9632800089042689,133,besten Drittel,18.39490208413425,21.336105844698594
353,12069,Potsdam-Mittelmark,Brandenburg,59.504102113237444,1.5934694175044757,130,besten Drittel,18.39490208413425,21.336105844698594
354,12070,Prignitz,Brandenburg,61.02495567258582,1.2067642310847646,158,mittleren Drittel,18.39490208413425,21.336105844698594
355,12071,Spree-Neiße,Brandenburg,63.53713545621008,1.075432093251753,227,mittleren Drittel,18.39490208413425,21.336105844698594
356,12072,Teltow-Fläming,Brandenburg,61.01828508505027,1.5572749137906055,157,mittleren Drittel,18.39490208413425,21.336105844698594
357,12073,Uckermark,Brandenburg,58.3853207881639,1.1769618872298357,114,besten Drittel,18.39490208413425,21.336105844698594
358,13003,Rostock,Mecklenburg-Vorpommern,41.5662188099808,1.1156429942418424,6,besten Drittel,11.567771213288808,15.785968508499938
359,13004,Schwerin,Mecklenburg-Vorpommern,46.96782953833299,1.3881345310215167,21,besten Drittel,11.567771213288808,15.785968508499938
360,13071,Mecklenburgische Seenplatte,Mecklenburg-Vorpommern,56.81157169206873,1.063197747791477,89,besten Drittel,11.567771213288808,15.785968508499938
361,13072,Rostock,Mecklenburg-Vorpommern,58.761868904846736,1.216734926261272,119,besten Drittel,11.567771213288808,15.785968508499938
362,13073,Vorpommern-Rügen,Mecklenburg-Vorpommern,55.38468348826915,1.0973882248782647,76,besten Drittel,11.567771213288808,15.785968508499938
363,13074,Nordwestmecklenburg,Mecklenburg-Vorpommern,57.79651496696097,0.982650568952786,105,besten Drittel,11.567771213288808,15.785968508499938
364,13075,Vorpommern-Greifswald,Mecklenburg-Vorpommern,53.86556013777812,1.1480095646227877,64,besten Drittel,11.567771213288808,15.785968508499938
365,13076,Ludwigslust-Parchim,Mecklenburg-Vorpommern,61.12581937621225,0.8527647605698941,160,mittleren Drittel,11.567771213288808,15.785968508499938
366,14511,Chemnitz,Sachsen,52.233397091791616,1.5075790296373994,53,besten Drittel,14.347751037947543,16.751224051221836
367,14521,Erzgebirgskreis,Sachsen,61.92092973729444,1.067250794809778,179,mittleren Drittel,14.347751037947543,16.751224051221836
368,14522,Mittelsachsen,Sachsen,60.37236619238363,1.0573649729895866,143,mittleren Drittel,14.347751037947543,16.751224051221836
369,14523,Vogtlandkreis,Sachsen,62.30621205550737,1.2887575888985257,194,mittleren Drittel,14.347751037947543,16.751224051221836
370,14524,Zwickau,Sachsen,60.38931467826795,1.3594039164010197,145,mittleren Drittel,14.347751037947543,16.751224051221836
371,14612,Dresden,Sachsen,41.92879818349116,1.5336246806073999,7,besten Drittel,14.347751037947543,16.751224051221836
372,14625,Bautzen,Sachsen,61.54915791960578,1.2197509197070437,169,mittleren Drittel,14.347751037947543,16.751224051221836
373,14626,Görlitz,Sachsen,58.167823323518874,0.8857185436998787,108,besten Drittel,14.347751037947543,16.751224051221836
374,14627,Meißen,Sachsen,58.19113911357711,1.2559328832141183,109,besten Drittel,14.347751037947543,16.751224051221836
375,14628,Sächsische Schweiz-Osterzgebirge,Sachsen,59.22240573093616,1.4298652918539891,122,besten Drittel,14.347751037947543,16.751224051221836
376,14713,Leipzig,Sachsen,38.84801600356225,1.373561556891401,1,besten Drittel,14.347751037947543,16.751224051221836
377,14729,Leipzig,Sachsen,60.11370413687871,1.34345930119978,137,mittleren Drittel,14.347751037947543,16.751224051221836
378,14730,Nordsachsen,Sachsen,59.2869907709754,1.1659047532261089,124,besten Drittel,14.347751037947543,16.751224051221836
379,15001,Dessau-Rolau,Sachsen-Anhalt,53.79837675121617,1.440347512415694,63,besten Drittel,12.794277170248321,15.191166606470254
380,15002,Halle (Saale),Sachsen-Anhalt,40.24892779581704,1.127442126177744,3,besten Drittel,12.794277170248321,15.191166606470254
381,15003,Magdeburg,Sachsen-Anhalt,47.74544007316206,1.348078649211645,26,besten Drittel,12.794277170248321,15.191166606470254
382,15081,Altmarkkreis Salzwedel,Sachsen-Anhalt,62.370404703242016,1.0392018149440148,196,mittleren Drittel,12.794277170248321,15.191166606470254
383,15082,Anhalt-Bitterfeld,Sachsen-Anhalt,59.94932649134059,1.0641436818473382,135,mittleren Drittel,12.794277170248321,15.191166606470254
384,15083,Börde,Sachsen-Anhalt,62.90371885765346,1.0164250526142522,207,mittleren Drittel,12.794277170248321,15.191166606470254
385,15084,Burgenlandkreis,Sachsen-Anhalt,58.274968383683145,1.1376202979589753,110,besten Drittel,12.794277170248321,15.191166606470254
386,15085,Harz,Sachsen-Anhalt,59.46049340799649,1.1682455276232921,128,besten Drittel,12.794277170248321,15.191166606470254
387,15086,Jerichower Land,Sachsen-Anhalt,61.79335263358693,1.1063982584887453,176,mittleren Drittel,12.794277170248321,15.191166606470254
388,15087,Mansfeld-Südharz,Sachsen-Anhalt,60.586319218241044,1.1079453131494819,149,mittleren Drittel,12.794277170248321,15.191166606470254
389,15088,Saalekreis,Sachsen-Anhalt,63.21178903147462,1.4107234675681295,215,mittleren Drittel,12.794277170248321,15.191166606470254
390,15089,Salzlandkreis,Sachsen-Anhalt,57.13199816706649,1.0194344861047466,93,besten Drittel,12.794277170248321,15.191166606470254
391,15090,Stendal,Sachsen-Anhalt,58.379348677856136,1.0515189619667233,113,besten Drittel,12.794277170248321,15.191166606470254
392,15091,Wittenberg,Sachsen-Anhalt,61.469422171054234,1.16100891025693,168,mittleren Drittel,12.794277170248321,15.191166606470254
393,16051,Erfurt,Thüringen,46.506774470400096,1.496058191504828,17,besten Drittel,15.502948703683098,16.07102084960644
394,16052,Gera,Thüringen,50.56037124595045,1.3462043603887577,44,besten Drittel,15.502948703683098,16.07102084960644
395,16053,Jena,Thüringen,41.425494561184415,1.553818030442888,5,besten Drittel,15.502948703683098,16.07102084960644
396,16054,Suhl,Thüringen,56.839740389415866,1.8305874521551009,90,besten Drittel,15.502948703683098,16.07102084960644
397,16055,Weimar,Thüringen,48.497037059780766,3.8303294543891426,29,besten Drittel,15.502948703683098,16.07102084960644
398,16056,Eisenach,Thüringen,50.97688825351442,0.6957350488444127,47,besten Drittel,15.502948703683098,16.07102084960644
399,16061,Eichsfeld,Thüringen,61.18460794974025,1.1729290000402723,162,mittleren Drittel,15.502948703683098,16.07102084960644
400,16062,Nordhausen,Thüringen,58.30425893961095,1.1446129739126178,112,besten Drittel,15.502948703683098,16.07102084960644
401,16063,Wartburgkreis,Thüringen,46.84581497797357,0.8653241032095658,20,besten Drittel,15.502948703683098,16.07102084960644
402,16064,Unstrut-Hainich-Kreis,Thüringen,56.63134819145049,1.2264365205541676,86,besten Drittel,15.502948703683098,16.07102084960644
403,16065,Kyffhäuserkreis,Thüringen,61.038320267529194,0.9100378268735266,159,mittleren Drittel,15.502948703683098,16.07102084960644
404,16066,Schmalkalden-Meiningen,Thüringen,62.211921817769294,1.2608991604810218,190,mittleren Drittel,15.502948703683098,16.07102084960644
405,16067,Gotha,Thüringen,57.41453390622081,1.1926022790958342,100,besten Drittel,15.502948703683098,16.07102084960644
406,16068,Sömmerda,Thüringen,59.36667782353711,0.9226246780272712,125,besten Drittel,15.502948703683098,16.07102084960644
407,16069,Hildburghausen,Thüringen,63.549098874196716,1.0678219974552658,228,mittleren Drittel,15.502948703683098,16.07102084960644
408,16070,Ilm-Kreis,Thüringen,56.242466806495386,1.2907266981123122,85,besten Drittel,15.502948703683098,16.07102084960644
409,16071,Weimarer Land,Thüringen,59.49478094588504,1.3276006966858702,129,besten Drittel,15.502948703683098,16.07102084960644
410,16072,Sonneberg,Thüringen,62.00445986124877,1.2636273538156593,185,mittleren Drittel,15.502948703683098,16.07102084960644
411,16073,Saalfeld-Rudolstadt,Thüringen,60.19966524378769,1.2073012508789827,139,mittleren Drittel,15.502948703683098,16.07102084960644
412,16074,Saale-Holzland-Kreis,Thüringen,60.38806006326276,1.4627998012434404,144,mittleren Drittel,15.502948703683098,16.07102084960644
413,16075,Saale-Orla-Kreis,Thüringen,64.25914209793748,0.9781095786410223,246,mittleren Drittel,15.502948703683098,16.07102084960644
414,16076,Greiz,Thüringen,62.805144533932705,1.1976857921791428,205,mittleren Drittel,15.502948703683098,16.07102084960644
415,16077,Altenburger Land,Thüringen,58.74702472468026,1.012447754734816,118,besten Drittel,15.502948703683098,16.07102084960644
