AGS,Name,mobility_mid_percentage_wegkm_Fahrrad_2002,mobility_mid_percentage_wegkm_Fahrrad_2008,mobility_mid_percentage_wegkm_Fahrrad_2017,mobility_mid_percentage_wegkm_Fahrrad_und_ÖV_2002,mobility_mid_percentage_wegkm_Fahrrad_und_ÖV_2008,mobility_mid_percentage_wegkm_Fahrrad_und_ÖV_2017,mobility_mid_percentage_wegkm_MIV_(Fahrer)_und_ÖV_2002,mobility_mid_percentage_wegkm_MIV_(Fahrer)_und_ÖV_2008,mobility_mid_percentage_wegkm_MIV_(Fahrer)_und_ÖV_2017,mobility_mid_percentage_wegkm_MIV_(Mitfahrer)_und_ÖV_2002,mobility_mid_percentage_wegkm_MIV_(Mitfahrer)_und_ÖV_2008,mobility_mid_percentage_wegkm_MIV_(Mitfahrer)_und_ÖV_2017,mobility_mid_percentage_wegkm_anderes_2002,mobility_mid_percentage_wegkm_anderes_2008,mobility_mid_percentage_wegkm_anderes_2017,mobility_mid_percentage_wegkm_nur_MIV_(Fahrer)_2002,mobility_mid_percentage_wegkm_nur_MIV_(Fahrer)_2008,mobility_mid_percentage_wegkm_nur_MIV_(Fahrer)_2017,mobility_mid_percentage_wegkm_nur_MIV_(Mitfahrer)_2002,mobility_mid_percentage_wegkm_nur_MIV_(Mitfahrer)_2008,mobility_mid_percentage_wegkm_nur_MIV_(Mitfahrer)_2017,mobility_mid_percentage_wegkm_nur_ÖV_2002,mobility_mid_percentage_wegkm_nur_ÖV_2008,mobility_mid_percentage_wegkm_nur_ÖV_2017,mobility_mid_percentage_wegkm_zu_Fuß_2002,mobility_mid_percentage_wegkm_zu_Fuß_2008,mobility_mid_percentage_wegkm_zu_Fuß_2017,mobility_mid_percentage_sum_2002,mobility_mid_percentage_wegkm_Fahrrad_2002,mobility_mid_percentage_wegkm_Fahrrad_2008,mobility_mid_percentage_wegkm_Fahrrad_2017,mobility_mid_percentage_wegkm_Fahrrad_und_ÖV_2002,mobility_mid_percentage_wegkm_Fahrrad_und_ÖV_2008,mobility_mid_percentage_wegkm_Fahrrad_und_ÖV_2017,mobility_mid_percentage_wegkm_MIV_(Fahrer)_und_ÖV_2002,mobility_mid_percentage_wegkm_MIV_(Fahrer)_und_ÖV_2008,mobility_mid_percentage_wegkm_MIV_(Fahrer)_und_ÖV_2017,mobility_mid_percentage_wegkm_MIV_(Mitfahrer)_und_ÖV_2002,mobility_mid_percentage_wegkm_MIV_(Mitfahrer)_und_ÖV_2008,mobility_mid_percentage_wegkm_MIV_(Mitfahrer)_und_ÖV_2017,mobility_mid_percentage_wegkm_anderes_2002,mobility_mid_percentage_wegkm_anderes_2008,mobility_mid_percentage_wegkm_anderes_2017,mobility_mid_percentage_wegkm_nur_MIV_(Fahrer)_2002,mobility_mid_percentage_wegkm_nur_MIV_(Fahrer)_2008,mobility_mid_percentage_wegkm_nur_MIV_(Fahrer)_2017,mobility_mid_percentage_wegkm_nur_MIV_(Mitfahrer)_2002,mobility_mid_percentage_wegkm_nur_MIV_(Mitfahrer)_2008,mobility_mid_percentage_wegkm_nur_MIV_(Mitfahrer)_2017,mobility_mid_percentage_wegkm_nur_ÖV_2002,mobility_mid_percentage_wegkm_nur_ÖV_2008,mobility_mid_percentage_wegkm_nur_ÖV_2017,mobility_mid_percentage_wegkm_zu_Fuß_2002,mobility_mid_percentage_wegkm_zu_Fuß_2008,mobility_mid_percentage_wegkm_zu_Fuß_2017,mobility_mid_percentage_sum_2002,mobility_mid_percentage_sum_2008,mobility_mid_percentage_wegkm_Fahrrad_2002,mobility_mid_percentage_wegkm_Fahrrad_2008,mobility_mid_percentage_wegkm_Fahrrad_2017,mobility_mid_percentage_wegkm_Fahrrad_und_ÖV_2002,mobility_mid_percentage_wegkm_Fahrrad_und_ÖV_2008,mobility_mid_percentage_wegkm_Fahrrad_und_ÖV_2017,mobility_mid_percentage_wegkm_MIV_(Fahrer)_und_ÖV_2002,mobility_mid_percentage_wegkm_MIV_(Fahrer)_und_ÖV_2008,mobility_mid_percentage_wegkm_MIV_(Fahrer)_und_ÖV_2017,mobility_mid_percentage_wegkm_MIV_(Mitfahrer)_und_ÖV_2002,mobility_mid_percentage_wegkm_MIV_(Mitfahrer)_und_ÖV_2008,mobility_mid_percentage_wegkm_MIV_(Mitfahrer)_und_ÖV_2017,mobility_mid_percentage_wegkm_anderes_2002,mobility_mid_percentage_wegkm_anderes_2008,mobility_mid_percentage_wegkm_anderes_2017,mobility_mid_percentage_wegkm_nur_MIV_(Fahrer)_2002,mobility_mid_percentage_wegkm_nur_MIV_(Fahrer)_2008,mobility_mid_percentage_wegkm_nur_MIV_(Fahrer)_2017,mobility_mid_percentage_wegkm_nur_MIV_(Mitfahrer)_2002,mobility_mid_percentage_wegkm_nur_MIV_(Mitfahrer)_2008,mobility_mid_percentage_wegkm_nur_MIV_(Mitfahrer)_2017,mobility_mid_percentage_wegkm_nur_ÖV_2002,mobility_mid_percentage_wegkm_nur_ÖV_2008,mobility_mid_percentage_wegkm_nur_ÖV_2017,mobility_mid_percentage_wegkm_zu_Fuß_2002,mobility_mid_percentage_wegkm_zu_Fuß_2008,mobility_mid_percentage_wegkm_zu_Fuß_2017,mobility_mid_percentage_sum_2002,mobility_mid_percentage_sum_2008,mobility_mid_percentage_sum_2017,mobility_mid_wegkm_Fahrrad_2002,mobility_mid_wegkm_Fahrrad_2008,mobility_mid_wegkm_Fahrrad_2017,mobility_mid_wegkm_Fahrrad_und_ÖV_2002,mobility_mid_wegkm_Fahrrad_und_ÖV_2008,mobility_mid_wegkm_Fahrrad_und_ÖV_2017,mobility_mid_wegkm_MIV_(Fahrer)_und_ÖV_2002,mobility_mid_wegkm_MIV_(Fahrer)_und_ÖV_2008,mobility_mid_wegkm_MIV_(Fahrer)_und_ÖV_2017,mobility_mid_wegkm_MIV_(Mitfahrer)_und_ÖV_2002,mobility_mid_wegkm_MIV_(Mitfahrer)_und_ÖV_2008,mobility_mid_wegkm_MIV_(Mitfahrer)_und_ÖV_2017,mobility_mid_wegkm_anderes_2002,mobility_mid_wegkm_anderes_2008,mobility_mid_wegkm_anderes_2017,mobility_mid_wegkm_nur_MIV_(Fahrer)_2002,mobility_mid_wegkm_nur_MIV_(Fahrer)_2008,mobility_mid_wegkm_nur_MIV_(Fahrer)_2017,mobility_mid_wegkm_nur_MIV_(Mitfahrer)_2002,mobility_mid_wegkm_nur_MIV_(Mitfahrer)_2008,mobility_mid_wegkm_nur_MIV_(Mitfahrer)_2017,mobility_mid_wegkm_nur_ÖV_2002,mobility_mid_wegkm_nur_ÖV_2008,mobility_mid_wegkm_nur_ÖV_2017,mobility_mid_wegkm_zu_Fuß_2002,mobility_mid_wegkm_zu_Fuß_2008,mobility_mid_wegkm_zu_Fuß_2017,mobility_mid_sum_2002,mobility_mid_sum_2008,mobility_mid_sum_2017
0,Deutschland,0.33515795417869676,0.40581078517032876,2.684063786912987,0.05900740100983452,0.11135714543020056,0.8187021667791833,0.14808728370090452,0.26896786780125387,1.2260880382839319,0.12863205064427594,0.27972366568675877,1.197080198291702,0.03747392903973549,0.041134546353988694,0.21793798739260062,6.634402189836697,7.570528501260141,42.43797404811918,3.0614719735992195,3.4371081881592302,15.049877004716656,1.07741009720762,1.3438111576490785,8.751857836207646,0.330884803289947,0.4209272387409401,1.9245221545372622,100.0,0.16757897708934838,0.20290539258516438,1.3420318934564934,0.02950370050491726,0.05567857271510028,0.40935108338959164,0.07404364185045226,0.13448393390062693,0.6130440191419659,0.06431602532213797,0.13986183284337939,0.598540099145851,0.018736964519867744,0.020567273176994347,0.10896899369630031,3.3172010949183486,3.7852642506300707,21.21898702405959,1.5307359867996098,1.7185540940796151,7.524938502358328,0.53870504860381,0.6719055788245393,4.375928918103823,0.1654424016449735,0.21046361937047006,0.9622610772686311,50.0,100.0,0.08378948854467419,0.10145269629258219,0.6710159467282467,0.01475185025245863,0.02783928635755014,0.20467554169479582,0.03702182092522613,0.06724196695031347,0.30652200957098297,0.032158012661068984,0.06993091642168969,0.2992700495729255,0.009368482259933872,0.010283636588497173,0.054484496848150155,1.6586005474591743,1.8926321253150353,10.609493512029795,0.7653679933998049,0.8592770470398076,3.762469251179164,0.269352524301905,0.33595278941226964,2.1879644590519116,0.08272120082248675,0.10523180968523503,0.48113053863431554,25.0,50.0,100.0,45962.0,55651.0,368080.0,8092.0,15271.0,112273.0,20308.0,36885.0,168140.0,17640.0,38360.0,164162.0,5139.0,5641.0,29887.0,909811.0,1038187.0,5819746.0,419836.0,471349.0,2063870.0,147751.0,184284.0,1200189.0,45376.0,57724.0,263920.0,13713534.0,27427068.0,54854136.0
1,Schleswig-Holstein,0.35004431622045434,0.587234775494386,2.3683162348077897,0.006100208483595822,0.16075843533240752,0.9564768066485096,0.04521330993723962,0.35022373411703067,1.268843364587931,0.11177734956706462,0.5308975559694128,1.0499535307647867,0.09383555990942985,0.05633721952497318,0.1334869150528027,7.8104198737615675,8.792194603827342,39.36374825516096,4.145450500396514,4.055920970004916,13.404849306908664,1.3434812095636917,1.5022660480337593,8.843687540144755,0.3624241510842223,0.47922520175542466,1.8268330229403722,100.0,0.17502215811022717,0.293617387747193,1.1841581174038949,0.003050104241797911,0.08037921766620376,0.4782384033242548,0.02260665496861981,0.17511186705851534,0.6344216822939654,0.05588867478353231,0.2654487779847064,0.5249767653823934,0.046917779954714925,0.02816860976248659,0.06674345752640135,3.9052099368807838,4.396097301913671,19.68187412758048,2.072725250198257,2.027960485002458,6.702424653454332,0.6717406047818458,0.7511330240168796,4.421843770072377,0.18121207554211116,0.23961260087771233,0.9134165114701861,50.0,100.0,0.08751107905511359,0.1468086938735965,0.5920790587019474,0.0015250521208989554,0.04018960883310188,0.2391192016621274,0.011303327484309905,0.08755593352925767,0.3172108411469827,0.027944337391766154,0.1327243889923532,0.2624883826911967,0.023458889977357462,0.014084304881243294,0.03337172876320067,1.9526049684403919,2.1980486509568355,9.84093706379024,1.0363626250991285,1.013980242501229,3.351212326727166,0.3358703023909229,0.3755665120084398,2.2109218850361887,0.09060603777105558,0.11980630043885616,0.45670825573509305,25.0,50.0,100.0,1951.0,3273.0,13200.0,34.0,896.0,5331.0,252.0,1952.0,7072.0,623.0,2959.0,5852.0,523.0,314.0,744.0,43532.0,49004.0,219397.0,23105.0,22606.0,74713.0,7488.0,8373.0,49291.0,2020.0,2671.0,10182.0,557358.0,1114716.0,2229432.0
2,Hamburg,0.24872614215389932,0.3368166508334053,4.290525952154764,0.09119958545642974,0.11434493479575093,1.8303825891700494,0.1585629156231108,0.03419984454616115,1.0767769237412557,0.4958977459193367,0.2566715605838156,1.807237239830728,0.020554452025218065,0.02072717851282494,0.18049917954918387,3.717246739787546,3.1000949995681837,36.140772087399604,1.7143103894982297,1.5721564901977718,16.41108904050436,1.3508938595733655,1.0866223335348475,20.770187408239053,0.2616806287244149,0.3285257794282753,2.5832973486484154,100.0,0.12436307107694966,0.16840832541670264,2.145262976077382,0.04559979272821487,0.057172467397875466,0.9151912945850247,0.0792814578115554,0.017099922273080576,0.5383884618706278,0.24794887295966836,0.1283357802919078,0.903618619915364,0.010277226012609032,0.01036358925641247,0.09024958977459194,1.858623369893773,1.5500474997840918,18.070386043699802,0.8571551947491148,0.7860782450988859,8.20554452025218,0.6754469297866827,0.5433111667674237,10.385093704119527,0.13084031436220744,0.16426288971413766,1.2916486743242077,50.0,100.0,0.06218153553847483,0.08420416270835132,1.072631488038691,0.022799896364107435,0.028586233698937733,0.45759564729251234,0.0396407289057777,0.008549961136540288,0.2691942309353139,0.12397443647983418,0.0641678901459539,0.451809309957682,0.005138613006304516,0.005181794628206235,0.04512479488729597,0.9293116849468865,0.7750237498920459,9.035193021849901,0.4285775973745574,0.39303912254944295,4.10277226012609,0.3377234648933414,0.2716555833837119,5.192546852059763,0.06542015718110372,0.08213144485706883,0.6458243371621039,25.0,50.0,100.0,1440.0,1950.0,24840.0,528.0,662.0,10597.0,918.0,198.0,6234.0,2871.0,1486.0,10463.0,119.0,120.0,1045.0,21521.0,17948.0,209237.0,9925.0,9102.0,95012.0,7821.0,6291.0,120249.0,1515.0,1902.0,14956.0,578950.0,1157900.0,2315800.0
3,Niedersachsen,0.6264974655502288,0.6771940502852442,2.709914597504787,0.1162682152904846,0.2412641360368476,1.0383692699767693,0.154821905478191,0.3409117644157029,1.3257764052933911,0.16590229675261053,0.4501978153414848,1.122382921625964,0.030584915641034785,0.08932616801364254,0.1839648523917328,8.247150404168655,10.06638368662832,39.155370612525545,3.8263778580389376,4.531045207237469,13.366898317677853,1.1791509536346338,1.2087492590937,6.8876774665064815,0.33817961314255834,0.4363852727939207,1.4832545689538061,100.0,0.3132487327751144,0.3385970251426221,1.3549572987523935,0.0581341076452423,0.1206320680184238,0.5191846349883846,0.0774109527390955,0.17045588220785146,0.6628882026466956,0.08295114837630527,0.2250989076707424,0.561191460812982,0.015292457820517392,0.04466308400682127,0.0919824261958664,4.123575202084328,5.03319184331416,19.577685306262772,1.9131889290194688,2.2655226036187344,6.683449158838926,0.5895754768173169,0.60437462954685,3.4438387332532407,0.16908980657127917,0.21819263639696035,0.7416272844769031,50.0,100.0,0.1566243663875572,0.16929851257131104,0.6774786493761967,0.02906705382262115,0.0603160340092119,0.2595923174941923,0.03870547636954775,0.08522794110392573,0.3314441013233478,0.041475574188152634,0.1125494538353712,0.280595730406491,0.007646228910258696,0.022331542003410636,0.0459912130979332,2.061787601042164,2.51659592165708,9.788842653131386,0.9565944645097344,1.1327613018093672,3.341724579419463,0.29478773840865846,0.302187314773425,1.7219193666266204,0.08454490328563959,0.10909631819848017,0.37081364223845154,25.0,50.0,100.0,8255.0,8923.0,35707.0,1532.0,3179.0,13682.0,2040.0,4492.0,17469.0,2186.0,5932.0,14789.0,403.0,1177.0,2424.0,108668.0,132639.0,515928.0,50418.0,59703.0,176128.0,15537.0,15927.0,90755.0,4456.0,5750.0,19544.0,1317643.0,2635286.0,5270572.0
4,Bremen,0.9960132860899605,1.4257269433567332,4.103344138998399,0.057206462112914025,0.3388041632113668,0.4638601501558765,0.051884930753573186,0.8572100098004869,0.9197380032727418,0.014190750291575573,0.6319318489217247,1.3024448001986706,0.050111086967126246,0.06474529820531355,0.29844921706969874,8.401811094505963,10.811134417447528,29.28172630477297,3.7862695621710074,5.640379779954678,11.286968013161921,2.290032328303008,4.521084350706655,9.169885454037491,0.5955680512995623,0.7663005157450808,1.8731790384879754,100.0,0.49800664304498027,0.7128634716783666,2.0516720694991997,0.028603231056457012,0.1694020816056834,0.23193007507793825,0.025942465376786593,0.42860500490024345,0.4598690016363709,0.0070953751457877865,0.31596592446086236,0.6512224000993353,0.025055543483563123,0.032372649102656775,0.14922460853484937,4.200905547252981,5.405567208723764,14.640863152386485,1.8931347810855037,2.820189889977339,5.643484006580961,1.145016164151504,2.2605421753533275,4.5849427270187455,0.2977840256497811,0.3831502578725404,0.9365895192439877,50.0,100.0,0.24900332152249013,0.3564317358391833,1.0258360347495998,0.014301615528228506,0.0847010408028417,0.11596503753896913,0.012971232688393296,0.21430250245012172,0.22993450081818545,0.0035476875728938932,0.15798296223043118,0.32561120004966765,0.012527771741781562,0.016186324551328388,0.07461230426742468,2.1004527736264906,2.702783604361882,7.320431576193243,0.9465673905427519,1.4100949449886695,2.8217420032904803,0.572508082075752,1.1302710876766637,2.2924713635093728,0.14889201282489056,0.1915751289362702,0.46829475962199385,25.0,50.0,100.0,2246.0,3215.0,9253.0,129.0,764.0,1046.0,117.0,1933.0,2074.0,32.0,1425.0,2937.0,113.0,146.0,673.0,18946.0,24379.0,66030.0,8538.0,12719.0,25452.0,5164.0,10195.0,20678.0,1343.0,1728.0,4224.0,225499.0,450998.0,901996.0
5,Nordrhein-Westfalen,0.39217924537276055,0.4543139284599333,2.731072270808633,0.06031863807001113,0.12223712532180751,0.7449243703728686,0.1822530892222917,0.31015454543096044,1.1908931395872735,0.1494345614121566,0.28667567770908514,0.9611202057492526,0.031002482792973463,0.05711893970644065,0.19972171272070352,7.060610070056099,8.612507015554858,41.968973303273465,3.318562833860419,3.6607576020941592,14.672043889484149,0.870274715724096,1.4986695308290938,7.614374082789169,0.3703002268326705,0.4993691405523717,1.9801376562123008,100.0,0.19608962268638028,0.22715696422996665,1.3655361354043165,0.030159319035005565,0.06111856266090376,0.3724621851864343,0.09112654461114585,0.15507727271548022,0.5954465697936367,0.0747172807060783,0.14333783885454257,0.4805601028746263,0.015501241396486731,0.028559469853220325,0.09986085636035176,3.5303050350280496,4.306253507777429,20.984486651636733,1.6592814169302095,1.8303788010470796,7.3360219447420745,0.435137357862048,0.7493347654145469,3.8071870413945845,0.18515011341633525,0.24968457027618585,0.9900688281061504,50.0,100.0,0.09804481134319014,0.11357848211498332,0.6827680677021583,0.015079659517502782,0.03055928133045188,0.18623109259321716,0.04556327230557292,0.07753863635774011,0.2977232848968184,0.03735864035303915,0.07166891942727129,0.24028005143731315,0.007750620698243366,0.014279734926610162,0.04993042818017588,1.7651525175140248,2.1531267538887144,10.492243325818366,0.8296407084651047,0.9151894005235398,3.6680109723710372,0.217568678931024,0.37466738270727346,1.9035935206972923,0.09257505670816762,0.12484228513809292,0.4950344140530752,25.0,50.0,100.0,9070.0,10507.0,63162.0,1395.0,2827.0,17228.0,4215.0,7173.0,27542.0,3456.0,6630.0,22228.0,717.0,1321.0,4619.0,163292.0,199183.0,970624.0,76749.0,84663.0,339323.0,20127.0,34660.0,176099.0,8564.0,11549.0,45795.0,2312718.0,4625436.0,9250872.0
6,Hessen,0.2047420399092231,0.26806922899742464,2.2410920845179905,0.01987902364234899,0.0536257494064564,0.5514345929531838,0.23122756542073597,0.2917574068706429,1.63960282424979,0.07237393038651607,0.2529516481436623,1.2757690771669177,0.014998544784047737,0.022140708966927613,0.16498399262452512,5.510001112987252,6.2886160449908735,46.22361044731969,2.060692920865416,2.658789653146748,15.924942996602114,1.0325188687050006,1.202204786083255,8.939073173257594,0.26545043546370206,0.36097688140972034,2.2284742611282358,100.0,0.10237101995461155,0.13403461449871232,1.1205460422589952,0.009939511821174495,0.0268128747032282,0.2757172964765919,0.11561378271036798,0.14587870343532144,0.819801412124895,0.036186965193258036,0.12647582407183114,0.6378845385834588,0.007499272392023869,0.011070354483463806,0.08249199631226256,2.755000556493626,3.1443080224954367,23.111805223659847,1.030346460432708,1.329394826573374,7.962471498301057,0.5162594343525003,0.6011023930416275,4.469536586628797,0.13272521773185103,0.18048844070486017,1.1142371305641179,50.0,100.0,0.051185509977305775,0.06701730724935616,0.5602730211294976,0.004969755910587247,0.0134064373516141,0.13785864823829594,0.05780689135518399,0.07293935171766072,0.4099007060624475,0.018093482596629018,0.06323791203591557,0.3189422692917294,0.0037496361960119343,0.005535177241731903,0.04124599815613128,1.377500278246813,1.5721540112477184,11.555902611829923,0.515173230216354,0.664697413286687,3.9812357491505286,0.25812971717625016,0.30055119652081375,2.2347682933143984,0.06636260886592552,0.09024422035243009,0.5571185652820589,25.0,50.0,100.0,3440.0,4504.0,37654.0,334.0,901.0,9265.0,3885.0,4902.0,27548.0,1216.0,4250.0,21435.0,252.0,372.0,2772.0,92577.0,105659.0,776632.0,34623.0,44672.0,267565.0,17348.0,20199.0,150191.0,4460.0,6065.0,37442.0,1680163.0,3360326.0,6720652.0
7,Rheinland-Pfalz,0.2872404922250078,0.39505808713890117,1.559258713070835,0.03719543168002097,0.01556637008635239,0.3652361991839945,0.25414147372560586,0.37146274721853545,0.9172688394042178,0.081928263612381,0.10159104687935244,0.7283422635140671,0.08684395942912386,0.041455701387864786,0.1125694342034115,10.218584607317831,11.363941732618919,38.985072670369824,4.332038866768258,4.845237510036212,12.59515967818578,1.3292041488472695,1.726720083894542,6.504284848186928,0.4556850022120631,0.5808713890117813,1.7080404397909192,100.0,0.1436202461125039,0.19752904356945059,0.7796293565354175,0.018597715840010486,0.007783185043176195,0.18261809959199726,0.12707073686280293,0.18573137360926772,0.4586344197021089,0.0409641318061905,0.05079552343967622,0.36417113175703353,0.04342197971456193,0.020727850693932393,0.05628471710170575,5.109292303658916,5.6819708663094595,19.492536335184912,2.166019433384129,2.422618755018106,6.29757983909289,0.6646020744236347,0.863360041947271,3.252142424093464,0.22784250110603155,0.29043569450589063,0.8540202198954596,50.0,100.0,0.07181012305625195,0.09876452178472529,0.38981467826770877,0.009298857920005243,0.0038915925215880975,0.09130904979599863,0.06353536843140146,0.09286568680463386,0.22931720985105444,0.02048206590309525,0.02539776171983811,0.18208556587851676,0.021710989857280965,0.010363925346966197,0.028142358550852876,2.554646151829458,2.8409854331547297,9.746268167592456,1.0830097166920645,1.211309377509053,3.148789919546445,0.33230103721181736,0.4316800209736355,1.626071212046732,0.11392125055301577,0.14521784725294531,0.4270101099477298,25.0,50.0,100.0,1753.0,2411.0,9516.0,227.0,95.0,2229.0,1551.0,2267.0,5598.0,500.0,620.0,4445.0,530.0,253.0,687.0,62363.0,69353.0,237922.0,26438.0,29570.0,76867.0,8112.0,10538.0,39695.0,2781.0,3545.0,10424.0,610290.0,1220580.0,2441160.0
8,Baden-Württemberg,0.3084678221145838,0.35515297456466094,2.752637278843499,0.03752102993209904,0.09100722928231088,0.7933017757072369,0.2545781708296182,0.3586111340054074,1.319518370607489,0.09008505343144516,0.2300252388003184,1.2352545522346337,0.03642594610919599,0.031181070957397205,0.21163935777368303,6.031030064661818,7.456829202081582,41.19497852194807,2.541286101023212,3.6342373922711286,15.736527443088782,1.1565237889669728,1.6579569078752088,9.71154915744827,0.3244329915326966,0.411463337458149,2.037778086450528,100.0,0.1542339110572919,0.17757648728233047,1.3763186394217495,0.01876051496604952,0.04550361464115544,0.39665088785361846,0.1272890854148091,0.1793055670027037,0.6597591853037446,0.04504252671572258,0.1150126194001592,0.6176272761173168,0.018212973054597997,0.015590535478698602,0.10581967888684152,3.015515032330909,3.728414601040791,20.597489260974037,1.270643050511606,1.8171186961355643,7.868263721544391,0.5782618944834864,0.8289784539376044,4.855774578724135,0.1622164957663483,0.2057316687290745,1.018889043225264,50.0,100.0,0.07711695552864595,0.08878824364116523,0.6881593197108747,0.00938025748302476,0.02275180732057772,0.19832544392680923,0.06364454270740455,0.08965278350135185,0.3298795926518723,0.02252126335786129,0.0575063097000796,0.3088136380586584,0.009106486527298998,0.007795267739349301,0.05290983944342076,1.5077575161654544,1.8642073005203954,10.298744630487018,0.635321525255803,0.9085593480677822,3.9341318607721956,0.2891309472417432,0.4144892269688022,2.4278872893620673,0.08110824788317415,0.10286583436453725,0.509444521612632,25.0,50.0,100.0,5352.0,6162.0,47759.0,651.0,1579.0,13764.0,4417.0,6222.0,22894.0,1563.0,3991.0,21432.0,632.0,541.0,3672.0,104640.0,129378.0,714744.0,44092.0,63055.0,273033.0,20066.0,28766.0,168498.0,5629.0,7139.0,35356.0,1735027.0,3470054.0,6940108.0
9,Bayern,0.1299676388827355,0.16658952661143375,3.3739269127041656,0.04128799697598415,0.04701458559765318,1.0270389247776057,0.08040790278656273,0.07986587999521134,1.4983866573784386,0.08599309415831402,0.13991257879361751,1.5211751808235163,0.027030440942610628,0.01720333207332673,0.2842791709596443,2.707026783467079,2.9839768636393202,51.05468208713653,1.2224027917473024,1.416187722759584,18.416803272120895,0.3583241974999081,0.46170915339810586,10.421048017563423,0.1335732687556382,0.14189214029246608,2.1622938781589323,100.0,0.06498381944136775,0.08329476330571688,1.6869634563520828,0.020643998487992074,0.02350729279882659,0.5135194623888029,0.04020395139328137,0.03993293999760567,0.7491933286892193,0.04299654707915701,0.06995628939680876,0.7605875904117582,0.013515220471305314,0.008601666036663364,0.14213958547982214,1.3535133917335396,1.4919884318196601,25.527341043568264,0.6112013958736512,0.708093861379792,9.208401636060447,0.17916209874995406,0.23085457669905293,5.210524008781712,0.0667866343778191,0.07094607014623304,1.0811469390794661,50.0,100.0,0.03249190972068387,0.04164738165285844,0.8434817281760414,0.010321999243996037,0.011753646399413295,0.25675973119440143,0.020101975696640684,0.019966469998802836,0.37459666434460964,0.021498273539578505,0.03497814469840438,0.3802937952058791,0.006757610235652657,0.004300833018331682,0.07106979273991107,0.6767566958667698,0.7459942159098301,12.763670521784132,0.3056006979368256,0.354046930689896,4.604200818030224,0.08958104937497703,0.11542728834952647,2.605262004390856,0.03339331718890955,0.03547303507311652,0.5405734695397331,25.0,50.0,100.0,5515.0,7069.0,143168.0,1752.0,1995.0,43581.0,3412.0,3389.0,63582.0,3649.0,5937.0,64549.0,1147.0,730.0,12063.0,114869.0,126621.0,2166436.0,51871.0,60094.0,781492.0,15205.0,19592.0,442203.0,5668.0,6021.0,91754.0,4243364.0,8486728.0,16973456.0
10,Saarland,0.3153158336881596,0.2543240848360703,0.48160465838866706,,0.2094433639826461,0.07767817070784952,0.08113053385042061,0.7928927350771603,0.45513654096228867,0.05984096113789889,0.6956511732280746,0.16168567384374605,0.19333233598398103,0.02416654199799763,0.06501950585175553,14.92341507762063,20.451799256591137,26.774802352210088,6.657306926591251,9.77536623819004,6.988733788278076,2.216992531387735,2.7101050669183055,2.715283611632162,0.8055513999332542,1.1070577810511295,1.0063638560594728,100.0,0.1576579168440798,0.12716204241803514,0.24080232919433353,,0.10472168199132305,0.03883908535392476,0.04056526692521031,0.39644636753858015,0.22756827048114434,0.029920480568949446,0.3478255866140373,0.08084283692187302,0.09666616799199051,0.012083270998998814,0.032509752925877766,7.461707538810315,10.225899628295569,13.387401176105044,3.3286534632956255,4.88768311909502,3.494366894139038,1.1084962656938675,1.3550525334591528,1.357641805816081,0.4027756999666271,0.5535288905255648,0.5031819280297364,50.0,100.0,0.0788289584220399,0.06358102120901757,0.12040116459716677,,0.052360840995661524,0.01941954267696238,0.020282633462605153,0.19822318376929007,0.11378413524057217,0.014960240284474723,0.17391279330701864,0.04042141846093651,0.04833308399599526,0.006041635499499407,0.016254876462938883,3.7308537694051576,5.112949814147784,6.693700588052522,1.6643267316478128,2.44384155954751,1.747183447069519,0.5542481328469337,0.6775262667295764,0.6788209029080405,0.20138784998331355,0.2767644452627824,0.2515909640148682,25.0,50.0,100.0,548.0,442.0,837.0,,364.0,135.0,141.0,1378.0,791.0,104.0,1209.0,281.0,336.0,42.0,113.0,25936.0,35544.0,46533.0,11570.0,16989.0,12146.0,3853.0,4710.0,4719.0,1400.0,1924.0,1749.0,173794.0,347588.0,695176.0
11,Berlin,0.6993602421249405,1.0039515595307669,2.0318988772307347,0.1904179519233374,0.3177502815631301,0.962152496913449,0.4942352126140282,0.5658354587640637,0.3990262366523595,0.5383564453767528,0.3765785919134295,1.6665441076867702,0.01896438952082019,0.042960147690021246,0.3181373099206979,11.873642981821279,12.211518737977931,16.93713498388027,6.896071275142329,6.2508950030768755,8.737939228807294,6.151428715181961,6.7373896485395495,11.097264096540354,1.0972253937045968,1.1688256398546322,1.2144949860476277,100.0,0.34968012106247026,0.5019757797653834,1.0159494386153674,0.0952089759616687,0.15887514078156506,0.4810762484567245,0.2471176063070141,0.28291772938203186,0.19951311832617974,0.2691782226883764,0.18828929595671476,0.8332720538433851,0.009482194760410095,0.021480073845010623,0.15906865496034894,5.936821490910639,6.1057593689889655,8.468567491940135,3.4480356375711647,3.1254475015384378,4.368969614403647,3.0757143575909804,3.3686948242697747,5.548632048270177,0.5486126968522984,0.5844128199273161,0.6072474930238139,50.0,100.0,0.17484006053123513,0.2509878898826917,0.5079747193076837,0.04760448798083435,0.07943757039078253,0.24053812422836224,0.12355880315350705,0.14145886469101593,0.09975655916308987,0.1345891113441882,0.09414464797835738,0.41663602692169255,0.004741097380205048,0.010740036922505311,0.07953432748017447,2.9684107454553197,3.0528796844944828,4.2342837459700675,1.7240178187855824,1.5627237507692189,2.1844848072018235,1.5378571787954902,1.6843474121348874,2.7743160241350884,0.2743063484261492,0.29220640996365804,0.30362374651190693,25.0,50.0,100.0,1807.0,2594.0,5250.0,492.0,821.0,2486.0,1277.0,1462.0,1031.0,1391.0,973.0,4306.0,49.0,111.0,822.0,30679.0,31552.0,43762.0,17818.0,16151.0,22577.0,15894.0,17408.0,28673.0,2835.0,3020.0,3138.0,258379.0,516758.0,1033516.0
12,Brandenburg,0.8053006647382235,0.6846133215838778,1.765052393632306,0.2825616367502538,0.28112488266508306,0.9686117124193023,0.23371199785444724,0.9549625486101798,1.3972433478285857,0.17624183444761593,0.8359514185552,1.3313921189249247,0.023945901419513037,0.01317024578073217,0.2519108829332771,11.281393076760981,10.986858489300971,34.29675676711174,5.492471408593705,4.823662381946706,11.903268136625735,1.8507787207141624,1.6235321162429837,5.532700522978487,0.407798701174307,0.5117239133349936,1.2832608570717037,100.0,0.40265033236911174,0.3423066607919389,0.882526196816153,0.1412808183751269,0.14056244133254153,0.48430585620965116,0.11685599892722362,0.4774812743050899,0.6986216739142929,0.08812091722380797,0.4179757092776,0.6656960594624624,0.011972950709756519,0.006585122890366085,0.12595544146663856,5.640696538380491,5.4934292446504855,17.14837838355587,2.7462357042968524,2.411831190973353,5.951634068312868,0.9253893603570812,0.8117660581214918,2.7663502614892437,0.2038993505871535,0.2558619566674968,0.6416304285358518,50.0,100.0,0.20132516618455587,0.17115333039596944,0.4412630984080765,0.07064040918756345,0.07028122066627077,0.24215292810482558,0.05842799946361181,0.23874063715254495,0.34931083695714643,0.04406045861190398,0.2089878546388,0.3328480297312312,0.005986475354878259,0.0032925614451830426,0.06297772073331928,2.8203482691902453,2.7467146223252428,8.574189191777934,1.3731178521484262,1.2059155954866765,2.975817034156434,0.4626946801785406,0.4058830290607459,1.3831751307446218,0.10194967529357675,0.1279309783337484,0.3208152142679259,25.0,50.0,100.0,3363.0,2859.0,7371.0,1180.0,1174.0,4045.0,976.0,3988.0,5835.0,736.0,3491.0,5560.0,100.0,55.0,1052.0,47112.0,45882.0,143226.0,22937.0,20144.0,49709.0,7729.0,6780.0,23105.0,1703.0,2137.0,5359.0,417608.0,835216.0,1670432.0
13,Mecklenburg-Vorpommern,0.3445521248802454,0.5694207146329469,1.9899875199354107,0.01620418409090263,0.11712497974476989,0.15919900159483286,0.07846236507173905,0.06908099533490068,0.36871625905088967,0.006254246491225576,0.0506025397926433,0.5847720469295914,0.07959950079741643,0.015919900159483285,0.308732349521408,9.476320569932426,10.721768473480573,42.09420600919374,5.204101648562518,4.267101810604359,13.265541091820868,1.0114822279900273,1.330733082973951,5.1418434675816815,0.38321473955327623,0.521661014154497,1.823397136123675,100.0,0.1722760624401227,0.28471035731647343,0.9949937599677053,0.008102092045451315,0.058562489872384944,0.07959950079741643,0.039231182535869526,0.03454049766745034,0.18435812952544484,0.003127123245612788,0.02530126989632165,0.2923860234647957,0.039799750398708214,0.007959950079741642,0.154366174760704,4.738160284966213,5.3608842367402865,21.04710300459687,2.602050824281259,2.1335509053021795,6.632770545910434,0.5057411139950136,0.6653665414869755,2.5709217337908408,0.19160736977663811,0.2608305070772485,0.9116985680618375,50.0,100.0,0.08613803122006135,0.14235517865823671,0.49749687998385267,0.004051046022725657,0.029281244936192472,0.039799750398708214,0.019615591267934763,0.01727024883372517,0.09217906476272242,0.001563561622806394,0.012650634948160825,0.14619301173239785,0.019899875199354107,0.003979975039870821,0.077183087380352,2.3690801424831065,2.6804421183701432,10.523551502298435,1.3010254121406295,1.0667754526510898,3.316385272955217,0.2528705569975068,0.33268327074348775,1.2854608668954204,0.09580368488831906,0.13041525353862424,0.45584928403091873,25.0,50.0,100.0,1212.0,2003.0,7000.0,57.0,412.0,560.0,276.0,243.0,1297.0,22.0,178.0,2057.0,280.0,56.0,1086.0,33334.0,37715.0,148071.0,18306.0,15010.0,46663.0,3558.0,4681.0,18087.0,1348.0,1835.0,6414.0,351761.0,703522.0,1407044.0
14,Sachsen,0.6811930548392642,0.7339598494833152,1.0858976562947682,0.0482302828873226,0.11580043168490821,0.09884820354134434,0.19387618665597006,0.26264015433690524,0.27768227226710984,0.07664317231104234,0.2717131778503619,0.6499150000955055,0.047513991557312854,0.06780891257425553,0.18241552537581418,14.752736232880636,16.781989570798235,26.261866559700497,7.757912631558842,8.965102286401926,9.625284128894238,1.965503409546731,2.455924206826734,3.7280576089240345,0.7575974633736366,0.956010161786335,1.1978778675529578,100.0,0.3405965274196321,0.3669799247416576,0.5429488281473841,0.0241151414436613,0.057900215842454104,0.04942410177067217,0.09693809332798503,0.13132007716845262,0.13884113613355492,0.03832158615552117,0.13585658892518096,0.32495750004775276,0.023756995778656427,0.033904456287127765,0.09120776268790709,7.376368116440318,8.390994785399117,13.130933279850248,3.878956315779421,4.482551143200963,4.812642064447119,0.9827517047733655,1.227962103413367,1.8640288044620172,0.3787987316868183,0.4780050808931675,0.5989389337764789,50.0,100.0,0.17029826370981604,0.1834899623708288,0.27147441407369205,0.01205757072183065,0.028950107921227052,0.024712050885336085,0.048469046663992515,0.06566003858422631,0.06942056806677746,0.019160793077760585,0.06792829446259048,0.16247875002387638,0.011878497889328214,0.016952228143563883,0.045603881343953545,3.688184058220159,4.195497392699559,6.565466639925124,1.9394781578897105,2.2412755716004815,2.4063210322235595,0.49137585238668274,0.6139810517066835,0.9320144022310086,0.18939936584340916,0.23900254044658376,0.29946946688823944,25.0,50.0,100.0,2853.0,3074.0,4548.0,202.0,485.0,414.0,812.0,1100.0,1163.0,321.0,1138.0,2722.0,199.0,284.0,764.0,61788.0,70287.0,109991.0,32492.0,37548.0,40313.0,8232.0,10286.0,15614.0,3173.0,4004.0,5017.0,418824.0,837648.0,1675296.0
15,Sachsen-Anhalt,0.586742588351798,0.8830022075055187,1.194116069402323,0.09201378143632274,0.2797549049947391,0.3045119762332116,0.09448948856017,0.715479358791855,0.2785170514328155,0.07138288873759568,0.7249695694332693,0.06189267809618122,0.07344597800746838,0.08334880650285738,0.14647933816096223,17.31674609560356,16.975923748220588,25.088403375214046,7.2298900373419155,7.589280188153741,8.822182335829671,1.915784696003796,3.5889500938705616,3.237812300138227,0.7666439726846981,1.0282436921045575,0.8499927791875553,100.0,0.293371294175899,0.44150110375275936,0.5970580347011615,0.04600689071816137,0.13987745249736955,0.1522559881166058,0.047244744280085,0.3577396793959275,0.13925852571640776,0.03569144436879784,0.36248478471663464,0.03094633904809061,0.03672298900373419,0.04167440325142869,0.07323966908048112,8.65837304780178,8.487961874110294,12.544201687607023,3.6149450186709577,3.7946400940768705,4.411091167914836,0.957892348001898,1.7944750469352808,1.6189061500691135,0.38332198634234904,0.5141218460522787,0.42499638959377767,50.0,100.0,0.1466856470879495,0.22075055187637968,0.29852901735058074,0.023003445359080686,0.06993872624868477,0.0761279940583029,0.0236223721400425,0.17886983969796375,0.06962926285820388,0.01784572218439892,0.18124239235831732,0.015473169524045306,0.018361494501867096,0.020837201625714345,0.03661983454024056,4.32918652390089,4.243980937055147,6.2721008438035115,1.8074725093354789,1.8973200470384353,2.205545583957418,0.478946174000949,0.8972375234676404,0.8094530750345568,0.19166099317117452,0.25706092302613937,0.21249819479688883,25.0,50.0,100.0,1422.0,2140.0,2894.0,223.0,678.0,738.0,229.0,1734.0,675.0,173.0,1757.0,150.0,178.0,202.0,355.0,41968.0,41142.0,60803.0,17522.0,18393.0,21381.0,4643.0,8698.0,7847.0,1858.0,2492.0,2060.0,242355.0,484710.0,969420.0
16,Thüringen,0.3346386395261492,0.2114965458642728,1.1329072616892633,0.0021549866390828377,0.00554139421478444,0.2881524991687909,0.06372603347002105,0.2074944278202618,0.07049884862142426,0.1108278842956888,0.11544571280800917,0.7351582991614023,0.05941606019185538,0.14099769724284852,0.20564729641533364,13.307350351570676,15.786508552218404,32.37220929230239,5.394855123326807,7.383907791200266,10.62993338012733,2.1673008484490253,1.8305072222837935,3.996884505030354,0.6932899873163643,0.9485019764306033,1.804647382614799,100.0,0.1673193197630746,0.1057482729321364,0.5664536308446316,0.0010774933195414188,0.00277069710739222,0.14407624958439544,0.031863016735010526,0.1037472139101309,0.03524942431071213,0.0554139421478444,0.05772285640400458,0.36757914958070115,0.02970803009592769,0.07049884862142426,0.10282364820766682,6.653675175785338,7.893254276109202,16.186104646151193,2.6974275616634036,3.691953895600133,5.314966690063665,1.0836504242245126,0.9152536111418967,1.998442252515177,0.34664499365818213,0.47425098821530165,0.9023236913073995,50.0,100.0,0.0836596598815373,0.0528741364660682,0.2832268154223158,0.0005387466597707094,0.00138534855369611,0.07203812479219772,0.015931508367505263,0.05187360695506545,0.017624712155356066,0.0277069710739222,0.02886142820200229,0.18378957479035057,0.014854015047963845,0.03524942431071213,0.05141182410383341,3.326837587892669,3.946627138054601,8.093052323075597,1.3487137808317018,1.8459769478000665,2.6574833450318325,0.5418252121122563,0.45762680557094837,0.9992211262575885,0.17332249682909107,0.23712549410765082,0.45116184565369977,25.0,50.0,100.0,1087.0,687.0,3680.0,7.0,18.0,936.0,207.0,674.0,229.0,360.0,375.0,2388.0,193.0,458.0,668.0,43226.0,51279.0,105154.0,17524.0,23985.0,34529.0,7040.0,5946.0,12983.0,2252.0,3081.0,5862.0,324828.0,649656.0,1299312.0
