AGS,Name,PKW_Dichte_1995,PKW_Dichte_1996,PKW_Dichte_1997,PKW_Dichte_1998,PKW_Dichte_1999,PKW_Dichte_2000,PKW_Dichte_2001,PKW_Dichte_2002,PKW_Dichte_2003,PKW_Dichte_2004,PKW_Dichte_2005,PKW_Dichte_2006,PKW_Dichte_2007,PKW_Dichte_2008,PKW_Dichte_2009,PKW_Dichte_2010,PKW_Dichte_2011,PKW_Dichte_2012,PKW_Dichte_2013,PKW_Dichte_2014,PKW_Dichte_2015,PKW_Dichte_2016,PKW_Dichte_2017,PKW_Dichte_2018,PKW_Dichte_2019
1001,"Flensburg, Stadt","437,11","444,73","452,53","457,00","454,05","454,35","466,07","472,81","471,28","472,31","523,86","607,15","598,39","418,30","428,72","436,73","476,90","472,47","474,45","474,44","475,54","473,97","478,10","481,26","486,03"
1002,"Kiel, Stadt","430,41","435,95","441,50","441,51","439,77","434,58","443,47","446,62","447,80","447,26","445,82","453,67","454,65","398,02","397,48","402,01","412,19","415,75","418,58","420,73","421,79","427,41","435,51","440,53","446,35"
1003,"Lübeck, Stadt","430,64","445,29","450,34","452,78","440,52","438,88","448,58","450,86","450,24","455,11","456,52","462,72","463,42","407,04","409,23","411,96","418,10","423,47","427,42","428,28","431,48","437,01","443,93","448,05","454,81"
1004,"Neumünster, Stadt","484,92","492,08","495,78","497,72","499,83","503,83","514,50","514,44","517,90","519,37","524,32","531,71","532,74","470,03","470,82","477,59","484,97","493,48","500,38","500,68","496,34","501,81","513,97","520,17","523,09"
1051,Dithmarschen,"516,71","519,96","521,64","522,06","525,34","530,57","544,56","549,22","550,67","556,38","562,39","575,18","581,02","512,67","515,84","524,41","538,25","547,78","555,18","560,34","565,35","572,99","582,88","594,50","605,82"
1053,Herzogtum Lauenburg,"527,09","533,04","537,13","539,46","540,95","544,75","560,18","560,36","563,90","565,70","567,94","577,32","583,47","521,38","525,12","533,48","541,51","548,61","549,98","557,23","559,47","564,00","571,92","578,31","585,58"
1054,Nordfriesland,"523,67","527,12","532,03","535,39","542,51","551,03","570,92","574,76","575,88","581,97","584,20","596,28","601,43","531,09","533,01","542,97","559,27","568,69","574,93","578,21","578,65","583,85","594,61","604,53","613,23"
1055,Ostholstein,"500,67","514,28","521,69","524,87","526,56","532,27","545,36","550,76","556,72","564,70","570,93","584,68","592,24","524,02","524,23","526,93","552,74","565,77","575,82","580,89","582,48","589,66","601,16","611,09","620,26"
1056,Pinneberg,"508,48","511,86","515,86","518,42","520,89","526,96","537,32","541,98","544,37","546,35","546,77","552,67","556,33","502,15","502,62","507,38","525,78","531,26","533,84","534,02","537,38","540,88","544,73","551,36","553,16"
1057,Plön,"491,91","496,88","501,40","504,20","507,68","510,24","522,92","528,19","531,31","539,50","547,41","562,92","570,06","507,40","510,59","521,06","558,75","566,72","572,23","576,83","578,32","586,65","597,31","608,36","615,33"
1058,Rendsburg-Eckernförde,"514,15","520,51","526,71","528,97","534,88","541,50","559,12","571,60","575,12","580,32","588,28","602,33","608,68","538,95","543,16","553,10","563,71","573,48","579,36","584,22","588,54","595,93","605,67","617,64","623,16"
1059,Schleswig-Flensburg,"513,43","517,77","520,88","525,47","531,07","536,28","554,34","558,96","561,34","569,28","580,10","599,22","606,32","533,81","538,92","549,86","565,82","575,87","580,27","584,83","590,41","595,82","604,03","616,56","625,05"
1060,Segeberg,"571,13","574,56","575,82","576,06","578,77","586,25","603,91","622,79","609,68","606,40","606,78","617,32","619,94","550,99","550,87","554,77","559,33","567,01","572,70","578,40","576,36","577,23","584,08","588,02","595,41"
1061,Steinburg,"515,79","518,11","521,64","524,67","523,38","529,06","542,60","546,97","550,07","557,97","563,17","575,64","586,16","518,15","521,08","530,49","547,87","557,24","565,13","570,37","571,82","578,78","590,63","602,75","613,78"
1062,Stormarn,"554,91","559,84","567,40","572,26","577,66","584,34","593,48","599,22","603,60","604,39","605,81","613,99","616,75","557,29","558,99","565,60","571,73","578,89","582,06","581,76","584,79","591,42","603,31","607,54","614,58"
2000,"Hamburg, Stadt","417,90","416,24","417,94","418,22","415,68","450,09","476,50","477,88","475,54","481,89","479,36","481,28","474,44","402,25","400,99","400,50","422,45","421,67","422,95","421,10","419,89","420,70","421,49","425,41","430,16"
3101,"Braunschweig, Stadt","481,10","496,64","499,89","492,81","496,07","500,31","510,26","511,10","517,78","516,16","516,11","516,06","513,50","450,14","447,32","448,20","465,37","490,81","495,53","509,42","522,58","535,37","541,55","548,95","580,34"
3102,"Salzgitter, Stadt","479,56","486,78","491,59","498,55","498,68","500,05","510,82","515,16","519,29","521,05","522,72","526,94","538,40","473,63","472,27","475,95","497,06","506,20","511,79","510,37","505,12","501,54","507,30","514,13","526,90"
3103,"Wolfsburg, Stadt","588,70","576,58","601,69","623,79","642,77","631,12","676,09","707,77","743,09","919,65","896,59","1.012,03","1.073,40","821,59","880,60","899,30","937,23","996,21","1.064,51","1.127,05","1.133,73","1.155,46","1.124,89","1.127,52","1.108,47"
3151,Gifhorn,"506,35","514,59","524,05","528,21","538,27","545,71","557,05","559,73","568,23","572,55","575,76","579,92","585,77","516,19","513,60","521,05","532,68","541,23","550,29","555,22","561,76","570,53","579,12","586,89","597,93"
3153,Goslar,"494,10","505,93","513,68","514,66","518,10","525,58","536,19","543,13","550,92","554,43","557,54","561,86","569,43","508,35","509,53","517,70","531,72","540,06","546,74","552,07","550,60","558,32","565,30","573,02","583,81"
3154,Helmstedt,"495,24","506,64","512,79","515,72","525,86","534,19","547,69","554,06","562,39","566,35","571,40","575,37","580,58","516,87","517,03","526,82","540,13","548,53","554,84","559,15","565,51","571,95","583,55","593,60","601,90"
3155,Northeim,"518,54","530,75","541,92","545,96","549,24","560,05","576,78","586,59","592,29","594,88","602,23","613,12","619,96","554,07","559,43","565,07","582,10","592,48","599,21","606,30","608,27","621,59","632,98","643,61","655,06"
3157,Peine,"522,21","532,49","540,25","542,71","544,33","552,61","567,12","571,16","576,92","581,84","587,33","596,77","604,07","539,38","539,63","547,18","557,85","566,09","573,50","578,80","580,01","587,31","599,34","606,16","612,71"
3158,Wolfenbüttel,"515,90","526,41","531,68","531,38","536,52","542,27","562,74","568,76","576,51","578,59","584,91","595,28","600,85","538,58","537,51","543,76","555,87","561,72","568,12","573,64","577,66","588,05","600,55","609,44","616,70"
3159,Göttingen,"475,00","483,11","489,19","493,29","494,50","501,23","513,62","520,16","524,12","527,33","533,02","541,87","544,05","486,93","487,23","493,17","515,54","522,34","527,42","529,51","526,30","536,55","542,36","549,04","557,69"
3241,Region Hannover,"469,61","471,61","475,24","477,08","475,13","479,27","490,09","492,19","494,50","496,97","498,70","502,11","503,96","447,93","447,15","452,31","468,56","472,98","476,83","478,91","478,38","484,16","489,88","494,45","500,07"
3251,Diepholz,"544,69","552,55","558,15","554,25","556,03","565,97","577,60","584,97","589,18","594,58","601,05","611,64","617,09","549,99","555,01","562,49","580,95","591,14","598,86","602,86","604,16","610,59","619,19","626,60","636,22"
3252,Hameln-Pyrmont,"510,02","520,35","524,99","526,01","530,27","540,88","554,88","562,76","567,31","574,96","579,41","589,99","594,23","528,71","530,79","537,55","558,50","567,88","575,26","579,28","582,85","592,92","600,02","604,53","611,56"
3254,Hildesheim,"488,63","496,58","504,38","508,09","510,72","514,68","530,27","535,50","540,17","545,31","548,48","552,85","557,15","499,74","502,37","509,06","526,90","534,08","540,53","543,68","544,54","550,76","561,46","568,97","576,63"
3255,Holzminden,"517,38","522,63","533,12","537,31","544,56","553,59","568,37","571,57","577,01","586,05","592,65","600,50","610,27","549,75","555,94","563,16","569,05","580,09","586,45","592,63","593,90","599,26","608,58","618,25","630,56"
3256,Nienburg (Weser),"528,97","537,41","544,63","548,19","545,65","550,18","563,15","570,31","574,43","580,65","584,69","593,89","599,52","533,79","539,95","548,16","560,84","573,49","583,35","590,89","593,68","598,69","607,87","618,21","626,93"
3257,Schaumburg,"572,25","592,60","610,87","860,60","1.027,90","815,83","958,80","809,14","678,07","611,67","598,43","605,91","649,08","549,07","552,00","560,74","576,37","584,35","591,03","595,96","601,56","604,56","613,22","622,10","630,83"
3351,Celle,"506,38","515,40","519,49","522,58","524,69","534,79","546,88","552,77","555,91","564,75","569,44","577,37","583,60","516,62","521,24","530,06","546,26","557,03","565,52","569,43","571,57","580,04","588,31","594,81","602,93"
3352,Cuxhaven,"515,12","520,17","528,75","531,07","533,76","541,91","556,24","565,29","570,05","576,09","581,95","593,71","602,51","532,91","536,42","545,61","559,75","569,04","577,91","583,95","587,44","594,74","606,28","614,50","625,51"
3353,Harburg,"568,87","577,94","582,35","584,09","584,72","589,41","603,56","609,13","612,34","617,97","620,39","629,18","631,53","564,58","564,30","570,43","596,87","604,43","606,97","609,92","611,97","619,01","627,59","634,34","641,64"
3354,Lüchow-Dannenberg,"536,75","542,98","548,54","546,27","552,33","560,31","578,02","584,92","586,51","590,25","590,75","609,87","615,69","532,55","534,60","547,34","557,70","566,89","577,23","583,26","574,39","595,70","612,73","617,03","626,48"
3355,Lüneburg,"490,27","495,83","498,85","499,99","499,72","505,23","518,55","522,15","527,27","532,51","539,41","544,11","547,37","485,71","485,39","492,37","508,54","517,19","520,28","526,38","528,53","535,76","545,19","551,34","560,00"
3356,Osterholz,"535,68","545,68","550,81","549,83","548,53","558,64","573,43","578,95","581,29","587,46","593,73","605,61","611,63","544,47","548,01","558,85","572,39","582,61","588,97","591,60","587,12","601,84","610,37","617,07","625,64"
3357,Rotenburg (Wümme),"547,76","554,87","563,22","567,39","572,49","578,46","597,96","603,55","600,57","601,95","604,48","612,78","619,98","549,29","553,44","562,27","583,05","600,62","610,61","617,65","624,10","636,35","649,01","664,78","673,90"
3358,Heidekreis,"523,21","528,81","533,69","538,82","542,76","548,78","562,23","564,71","569,57","575,82","581,65","591,31","597,00","531,29","535,58","542,28","564,14","572,42","577,73","585,51","576,73","590,32","602,94","610,41","615,60"
3359,Stade,"515,89","521,48","528,90","530,57","534,76","545,36","561,95","566,79","567,46","575,61","577,69","587,20","592,95","526,87","529,68","535,74","549,26","558,98","564,89","570,83","571,39","578,01","587,79","593,97","600,81"
3360,Uelzen,"510,20","519,96","525,81","525,26","526,34","535,64","548,52","551,95","556,06","563,60","567,33","575,82","583,63","523,54","525,63","532,40","543,06","552,19","559,40","563,62","566,71","575,89","587,23","596,66","605,33"
3361,Verden,"539,52","543,90","550,37","555,45","554,83","565,19","579,07","585,51","590,58","595,75","601,74","612,32","619,64","550,73","553,51","560,76","574,23","581,86","587,19","592,10","594,16","600,25","606,08","616,16","623,18"
3401,"Delmenhorst, Stadt","514,43","517,29","509,57","504,32","507,69","509,49","522,88","531,46","532,97","531,59","533,08","544,64","544,90","479,91","481,44","486,81","499,36","507,16","509,61","508,74","509,61","516,85","525,97","533,68","540,05"
3402,"Emden, Stadt","410,13","412,53","414,95","415,04","425,87","429,10","436,36","439,91","441,62","440,27","438,07","441,29","446,38","397,91","400,63","400,96","426,14","434,85","441,90","446,18","448,24","460,23","467,21","479,15","488,05"
3403,"Oldenburg (Oldenburg), Stadt","470,06","474,15","481,30","484,04","487,12","492,87","500,76","500,18","501,05","506,57","507,92","511,61","512,05","458,24","458,10","466,26","489,21","495,08","499,67","501,95","500,71","502,04","506,96","512,09","519,30"
3404,"Osnabrück, Stadt","452,36","457,92","459,37","459,64","461,47","466,49","474,51","477,68","475,03","479,49","481,83","488,95","493,58","436,58","437,04","441,62","477,01","479,69","485,65","491,40","482,00","483,54","493,62","501,35","506,53"
3405,"Wilhelmshaven, Stadt","450,21","456,75","461,69","463,93","469,09","473,67","487,62","489,88","485,72","491,43","493,14","501,17","502,06","443,63","442,71","444,94","475,53","482,81","494,98","500,60","501,16","503,79","511,56","515,57","524,33"
3451,Ammerland,"530,91","535,77","539,28","542,30","545,89","552,89","565,49","571,41","571,66","579,14","584,14","595,00","600,75","545,76","549,07","558,58","573,63","584,64","594,35","596,69","598,76","607,39","615,02","623,36","629,36"
3452,Aurich,"481,38","485,48","486,19","487,21","489,88","494,99","508,17","516,88","521,66","525,27","533,20","543,88","552,16","496,98","501,56","511,66","529,76","543,14","551,82","559,67","566,72","576,63","589,04","598,88","606,21"
3453,Cloppenburg,"487,67","492,67","497,54","500,14","499,32","503,25","518,81","525,77","528,51","528,09","531,05","536,30","541,43","486,78","491,60","499,79","508,52","519,60","529,64","533,61","539,88","551,47","558,89","567,59","576,05"
3454,Emsland,"479,82","487,49","496,80","502,91","505,27","511,74","526,66","535,17","540,41","543,97","547,50","555,88","565,75","507,11","513,34","522,96","537,75","548,05","556,41","560,40","563,84","573,01","582,20","590,93","601,83"
3455,Friesland,"527,53","528,31","536,22","539,08","540,99","545,03","558,25","566,24","573,86","576,67","585,95","601,87","608,33","545,46","550,94","562,27","583,14","596,87","606,72","615,92","618,52","625,96","636,57","647,49","655,55"
3456,Grafschaft Bentheim,"486,84","488,75","493,03","497,01","500,60","507,37","520,70","525,78","532,91","538,18","544,59","553,39","565,36","503,96","511,66","521,07","538,26","548,10","556,57","561,73","564,70","575,55","585,70","594,61","602,20"
3457,Leer,"481,51","481,69","487,17","489,45","488,92","498,78","511,23","517,18","523,05","531,27","536,45","549,06","559,33","497,37","505,21","515,19","529,48","542,33","549,65","556,89","562,22","570,38","579,33","585,75","592,61"
3458,Oldenburg,"546,39","552,25","555,02","556,44","555,44","560,24","573,93","579,50","584,23","589,48","593,08","606,40","611,90","549,88","549,01","555,19","575,67","584,08","590,94","592,41","593,73","601,08","611,96","620,64","627,32"
3459,Osnabrück,"509,72","520,27","526,83","528,72","530,41","541,01","555,57","563,62","567,36","572,49","577,28","587,70","597,08","532,69","535,18","543,72","562,92","572,96","582,29","588,74","586,66","604,05","613,81","623,12","632,45"
3460,Vechta,"494,56","502,06","506,80","511,60","509,62","512,90","524,73","530,68","536,22","540,67","545,94","552,33","556,94","501,31","503,92","512,26","535,74","546,42","554,71","558,07","562,52","570,00","581,19","591,82","600,19"
3461,Wesermarsch,"480,39","486,81","494,33","498,47","499,56","501,31","516,72","522,40","526,04","530,83","537,64","549,92","557,19","493,78","500,83","509,79","524,75","537,68","545,90","551,05","555,89","565,21","576,37","587,06","596,13"
3462,Wittmund,"499,10","501,19","513,94","513,10","509,02","525,12","539,92","545,23","551,26","554,86","557,11","571,03","582,25","519,92","524,40","535,02","552,75","564,07","570,69","577,07","579,85","592,90","604,96","613,59","623,09"
4011,"Bremen, Stadt","434,15","435,99","439,65","437,51","433,61","436,71","445,22","449,00","445,01","443,80","444,77","446,11","443,26","393,50","394,19","396,87","405,94","411,88","415,17","417,14","418,48","418,38","425,27","422,92","427,23"
4012,"Bremerhaven, Stadt","388,31","394,78","399,29","402,23","405,03","411,41","424,71","424,91","426,30","427,31","424,39","426,44","428,75","379,53","380,96","387,66","408,87","414,69","419,57","418,68","410,61","422,88","429,80","434,71","440,27"
5111,"Düsseldorf, Stadt","498,08","497,87","500,09","498,15","493,29","496,94","516,31","527,17","525,34","521,44","520,45","516,19","514,80","457,00","458,73","459,81","466,27","475,74","483,23","481,82","480,74","488,81","493,15","496,65","499,48"
5112,"Duisburg, Stadt","429,61","435,51","441,23","443,78","441,09","444,66","461,64","466,81","466,06","470,09","471,48","476,34","479,81","423,12","426,16","430,73","437,22","441,52","446,42","447,24","445,08","441,47","450,02","456,25","460,43"
5113,"Essen, Stadt","466,54","467,53","468,78","472,36","470,97","474,83","486,36","496,16","491,66","492,02","493,65","498,67","500,61","447,42","448,47","453,52","464,89","470,18","471,72","472,96","470,34","476,32","483,65","488,88","494,00"
5114,"Krefeld, Stadt","447,16","449,82","457,03","460,40","464,00","468,66","481,76","486,33","487,43","489,61","490,47","495,61","497,59","444,17","445,34","448,89","480,64","484,98","489,44","491,96","494,57","499,81","508,80","515,48","520,51"
5116,"Mönchengladbach, Stadt","477,82","481,91","487,11","494,17","492,94","496,86","511,59","514,27","516,87","522,49","524,14","523,04","526,20","463,90","461,23","465,63","476,51","484,03","491,11","493,99","495,27","502,40","510,01","518,77","526,10"
5117,"Mülheim an der Ruhr, Stadt","497,47","501,94","505,35","508,09","511,50","517,27","532,68","539,05","544,63","543,16","545,83","551,50","555,63","502,95","505,59","509,96","515,29","522,38","526,85","528,46","524,59","528,44","534,17","539,09","545,06"
5119,"Oberhausen, Stadt","454,55","458,38","463,96","464,14","465,03","468,19","481,80","489,28","493,55","494,62","496,41","503,11","506,31","456,16","457,84","465,99","476,31","483,52","490,71","494,24","496,79","502,23","510,04","517,86","523,11"
5120,"Remscheid, Stadt","488,06","493,76","498,61","502,34","502,49","510,49","525,69","535,51","533,98","535,25","535,93","546,88","552,62","495,64","499,59","504,65","509,65","520,01","523,49","526,47","530,32","532,29","540,28","544,43","550,98"
5122,"Solingen, Stadt","477,60","483,52","489,40","493,06","506,28","515,98","523,43","525,63","524,62","529,09","538,05","546,92","550,96","487,07","488,38","499,74","522,25","529,39","532,13","532,22","536,65","550,58","563,01","566,79","581,41"
5124,"Wuppertal, Stadt","452,14","454,20","459,10","462,28","462,85","465,23","474,73","478,00","477,01","478,47","490,63","506,44","514,64","434,54","434,75","438,23","450,83","454,12","455,80","458,97","459,48","464,37","470,97","477,38","483,54"
5154,Kleve,"485,75","489,33","498,05","501,02","500,57","509,41","525,74","534,50","538,79","543,60","549,20","563,05","569,99","511,92","518,83","528,54","550,06","559,31","565,45","569,40","569,12","581,28","591,66","601,74","609,57"
5158,Mettmann,"514,16","519,60","523,69","526,80","527,72","533,35","547,41","555,35","557,93","560,06","564,05","573,38","578,38","526,40","529,68","534,16","559,05","566,53","572,16","577,00","576,27","583,09","589,73","599,03","605,32"
5162,Rhein-Kreis Neuss,"521,18","527,27","542,64","540,78","542,66","548,28","562,50","574,44","573,68","572,55","576,81","587,05","596,38","537,62","537,99","541,11","554,24","561,57","567,53","571,08","568,14","579,35","585,82","592,82","600,51"
5166,Viersen,"510,52","515,99","520,99","524,16","528,86","539,86","555,77","561,87","564,40","568,58","574,13","586,17","591,40","532,86","535,24","543,18","559,20","568,98","576,05","581,77","586,39","595,53","605,30","615,50","624,00"
5170,Wesel,"497,62","500,78","507,37","510,53","513,80","522,93","537,44","546,59","553,57","558,06","563,83","576,65","581,94","524,02","528,00","536,10","554,59","564,45","572,00","578,94","578,52","588,91","599,40","608,83","614,93"
5314,"Bonn, Stadt","499,45","484,14","485,76","490,90","499,32","493,78","502,45","510,47","516,07","523,19","531,80","543,57","551,89","494,05","482,88","481,37","524,91","537,43","549,42","547,96","542,51","538,89","536,19","534,03","530,80"
5315,"Köln, Stadt","463,60","465,50","465,63","462,15","462,13","466,64","479,57","487,03","493,07","489,46","479,67","479,89","477,41","424,89","424,67","423,63","426,59","428,51","430,42","429,68","427,70","428,58","434,73","442,43","443,85"
5316,"Leverkusen, Stadt","495,25","496,22","500,49","507,38","502,85","505,80","515,93","523,92","522,69","524,88","529,25","535,37","543,96","488,06","487,84","491,16","502,02","506,82","508,92","511,33","513,04","523,50","531,09","541,33","547,28"
5334,Städteregion Aachen,"458,38","459,50","464,15","466,74","467,37","470,70","486,04","491,83","483,78","708,68","489,71","495,45","500,23","438,90","443,05","450,14","478,04","484,64","489,67","492,53","494,58","502,45","510,50","517,22","521,03"
5358,Düren,"503,82","505,48","507,63","510,18","509,92","516,59","545,98","680,63","745,45","783,00","762,28","615,69","672,93","509,90","513,24","521,74","548,67","555,49","563,19","568,65","570,11","582,04","590,24","598,00","604,24"
5362,Rhein-Erft-Kreis,"508,43","515,64","516,80","519,66","519,87","521,90","534,44","540,27","545,99","548,72","552,16","562,19","566,38","510,93","512,76","519,81","541,40","549,39","556,05","558,73","557,62","568,41","576,45","580,73","588,35"
5366,Euskirchen,"521,57","529,63","532,94","536,70","537,74","542,54","560,62","572,26","571,93","680,55","740,49","778,59","803,95","530,18","534,67","547,20","645,00","588,15","591,26","593,57","601,29","662,33","688,07","659,67","662,87"
5370,Heinsberg,"492,29","495,31","501,40","504,10","506,97","513,81","530,70","539,46","542,63","548,06","554,60","565,61","575,50","516,25","521,82","530,48","553,49","564,72","571,69","575,86","578,36","589,03","601,04","608,77","617,80"
5374,Oberbergischer Kreis,"516,15","522,75","526,22","528,91","533,18","539,03","555,02","564,18","569,72","576,69","583,38","594,46","604,53","541,52","545,31","553,99","578,34","590,06","598,77","603,73","604,91","614,55","625,99","635,16","645,41"
5378,Rheinisch-Bergischer Kreis,"552,24","556,20","561,44","562,31","560,73","567,14","582,59","589,01","593,11","598,95","605,59","617,36","624,26","563,85","566,88","573,31","578,96","587,70","593,30","598,48","598,45","606,38","615,54","621,85","630,50"
5382,Rhein-Sieg-Kreis,"508,39","511,33","515,23","517,00","516,49","522,38","535,02","539,69","542,48","548,05","553,31","562,80","569,41","516,16","515,94","524,18","550,02","559,47","566,24","570,19","569,00","577,91","587,86","595,50","603,33"
5512,"Bottrop, Stadt","483,62","490,62","495,34","500,50","502,39","511,51","523,53","530,81","537,78","539,95","547,96","553,52","560,74","508,79","510,56","517,66","522,17","532,55","539,30","543,90","545,27","550,32","559,07","568,30","575,27"
5513,"Gelsenkirchen, Stadt","419,62","424,47","427,14","427,31","425,95","430,54","441,54","447,08","453,30","455,90","459,23","465,96","473,95","426,32","428,14","435,92","439,92","445,00","448,57","447,29","445,99","447,54","457,04","461,57","468,27"
5515,"Münster, Stadt","461,95","469,34","478,52","479,75","479,83","482,11","496,42","500,13","506,66","525,25","546,29","559,99","574,21","453,24","450,15","448,87","436,00","439,52","442,42","444,37","440,67","445,37","449,54","455,89","462,05"
5554,Borken,"475,23","476,90","481,33","482,39","486,01","495,03","510,53","518,13","517,46","520,25","524,55","535,37","543,03","487,72","493,22","500,78","519,20","530,90","539,88","546,96","550,47","563,01","575,29","584,63","595,29"
5558,Coesfeld,"493,92","496,46","503,03","506,97","511,71","519,45","532,03","541,59","543,80","555,37","569,82","585,04","598,62","550,04","553,59","560,34","554,20","564,04","572,37","578,89","582,03","591,36","604,91","614,94","625,29"
5562,Recklinghausen,"469,99","475,47","481,07","483,03","483,58","488,59","501,40","509,19","511,70","517,81","522,28","530,07","538,25","485,00","489,04","497,78","512,89","520,70","526,88","532,26","535,46","543,57","552,15","561,67","569,99"
5566,Steinfurt,"496,26","501,29","504,87","507,48","509,11","517,09","529,97","537,61","538,37","544,18","548,25","559,34","565,97","503,92","508,02","514,66","534,90","545,58","553,53","558,50","561,15","571,67","579,82","589,24","599,91"
5570,Warendorf,"500,39","506,77","509,64","511,54","512,17","516,55","528,69","539,60","542,43","545,85","551,72","563,99","572,05","516,33","520,05","527,77","544,51","552,42","560,92","566,49","566,74","575,78","587,40","598,76","609,96"
5711,"Bielefeld, Stadt","483,13","485,80","488,43","490,88","487,85","490,32","500,36","500,97","493,76","494,17","496,82","504,42","508,64","452,36","452,05","455,57","455,58","460,36","466,65","470,56","470,10","476,90","489,50","496,85","506,02"
5754,Gütersloh,"541,52","544,97","547,12","547,43","548,45","555,37","568,22","574,07","576,46","577,54","581,01","588,59","593,55","536,68","538,95","544,21","556,72","565,44","572,87","577,56","578,80","587,76","598,59","607,29","617,68"
5758,Herford,"550,94","556,05","560,01","562,28","563,87","572,06","581,67","589,80","593,88","599,67","606,36","615,06","620,83","558,66","562,34","570,04","575,79","584,70","592,56","597,70","599,71","611,18","619,35","629,69","640,06"
5762,Höxter,"483,76","494,05","501,80","507,50","509,04","517,17","532,13","540,69","545,89","553,90","561,06","572,51","582,60","522,99","527,98","538,36","553,18","563,62","572,84","577,81","578,88","595,20","605,96","617,97","628,34"
5766,Lippe,"523,28","529,20","532,99","534,26","537,40","544,71","556,07","562,81","566,70","570,53","576,96","587,36","594,12","532,30","535,48","542,94","555,60","564,97","573,09","578,56","576,63","588,70","596,88","605,82","615,46"
5770,Minden-Lübbecke,"541,35","547,10","551,53","553,70","556,91","565,03","578,65","588,14","591,57","595,35","601,51","609,54","618,62","553,04","556,05","564,25","577,84","587,41","595,10","599,91","601,39","612,20","622,25","633,23","642,36"
5774,Paderborn,"487,18","493,15","498,92","503,53","503,93","508,74","521,38","527,65","531,47","535,79","542,82","553,49","561,04","502,00","506,12","510,57","527,31","536,09","543,61","547,13","547,94","556,22","566,87","574,67","582,74"
5911,"Bochum, Stadt","444,58","449,93","453,79","458,73","457,47","469,27","485,26","495,95","493,89","490,94","495,92","495,88","497,75","514,15","514,65","508,04","518,72","515,08","508,14","503,31","503,70","507,66","515,17","530,13","539,17"
5913,"Dortmund, Stadt","445,07","450,84","453,95","455,61","455,63","458,70","471,64","473,67","474,53","476,57","478,69","485,85","482,47","426,72","428,79","433,34","445,34","451,25","453,16","454,16","456,50","465,60","473,95","480,89","486,97"
5914,"Hagen, Stadt","469,63","464,51","467,49","464,05","465,08","469,49","483,99","488,75","489,93","489,70","493,98","499,64","506,50","451,91","454,13","462,53","468,68","479,06","484,07","486,62","486,76","495,67","505,54","507,47","516,36"
5915,"Hamm, Stadt","460,20","466,14","474,14","476,93","476,39","475,37","485,43","488,02","487,30","489,35","492,51","501,90","507,46","454,30","455,44","460,13","481,26","489,85","497,27","503,13","502,73","511,63","521,31","528,21","533,19"
5916,"Herne, Stadt","424,00","429,01","429,66","428,91","430,15","434,47","444,95","448,70","450,77","453,70","454,22","458,25","464,19","418,27","418,51","423,62","454,16","458,85","462,56","464,74","466,95","470,95","478,62","483,94","489,79"
5954,Ennepe-Ruhr-Kreis,"507,10","512,16","514,90","520,24","517,74","526,41","539,63","545,02","551,73","554,20","560,80","572,37","578,80","526,66","531,10","539,20","554,24","561,73","571,40","574,85","575,70","583,39","592,52","600,30","605,10"
5958,Hochsauerlandkreis,"491,97","499,92","507,31","513,44","518,44","530,28","545,26","550,69","558,18","566,52","573,81","587,57","597,73","529,53","535,25","545,04","557,02","566,87","576,51","583,73","586,12","598,53","610,36","622,42","632,94"
5962,Märkischer Kreis,"491,18","498,46","503,82","505,82","509,98","519,15","534,61","542,11","546,37","552,52","557,08","569,56","580,06","517,11","521,92","527,05","542,89","554,49","564,03","570,47","571,45","581,02","590,74","600,51","610,78"
5966,Olpe,"488,00","498,16","504,55","507,49","516,95","527,10","543,59","549,28","555,83","563,70","571,79","585,29","601,07","538,56","544,94","553,10","574,34","586,17","595,60","603,51","604,76","620,69","634,08","644,50","659,89"
5970,Siegen-Wittgenstein,"504,20","510,89","516,17","521,76","526,91","538,58","553,35","560,15","564,57","569,93","577,96","591,68","600,27","537,74","542,62","548,76","568,63","578,07","586,70","590,38","586,56","599,85","607,55","616,39","628,34"
5974,Soest,"495,08","502,78","510,44","513,61","515,85","525,72","540,55","545,81","550,95","555,87","560,33","574,36","582,71","521,20","525,36","531,85","554,77","565,21","575,42","579,25","575,90","590,14","600,44","610,69","620,43"
5978,Unna,"475,41","478,52","484,80","486,32","485,44","490,95","507,35","514,91","521,21","526,50","533,83","544,02","551,01","500,26","502,39","507,93","538,88","548,04","556,06","562,15","561,77","574,59","584,42","592,88","598,98"
6411,"Darmstadt, Stadt","504,19","513,94","501,35","493,90","493,43","497,90","516,41","524,90","520,21","518,10","516,99","520,26","517,49","466,21","461,34","459,05","457,98","458,62","459,87","457,55","450,29","448,76","451,80","453,08","455,00"
6412,"Frankfurt am Main, Stadt","454,76","452,31","457,03","459,40","467,15","475,89","500,41","510,83","516,96","511,21","508,56","511,39","514,25","439,56","439,44","442,06","448,84","448,03","446,83","438,84","435,55","439,31","441,03","443,22","440,69"
6413,"Offenbach am Main, Stadt","470,71","470,43","469,80","467,20","455,28","450,74","464,58","474,32","471,86","469,61","464,08","477,68","471,29","411,76","409,65","402,33","424,84","424,36","423,80","421,60","419,81","427,07","428,97","429,62","429,64"
6414,"Wiesbaden, Stadt","631,25","657,75","720,40","720,93","762,57","701,95","678,44","658,22","655,23","654,48","656,69","674,80","574,95","483,42","471,07","480,16","491,99","496,59","500,03","503,64","502,79","506,01","512,47","520,06","521,49"
6431,Bergstraße,"554,29","562,85","564,72","565,05","565,10","571,11","589,53","597,18","602,82","606,51","613,48","628,68","635,24","571,91","574,13","579,23","589,79","594,64","600,48","603,49","604,81","612,26","619,63","625,56","632,26"
6432,Darmstadt-Dieburg,"542,37","548,15","552,23","555,81","557,29","565,18","582,32","590,47","599,62","602,76","601,74","611,48","617,12","554,93","555,04","561,48","579,51","589,32","595,33","595,68","594,06","599,80","610,22","617,13","624,55"
6433,Groß-Gerau,"554,19","559,20","574,25","591,04","615,24","614,34","622,89","615,35","633,35","649,63","644,41","642,76","635,49","558,05","555,08","555,68","569,83","573,15","570,99","574,72","582,40","596,76","608,24","628,68","630,74"
6434,Hochtaunuskreis,"579,20","583,32","588,11","593,42","597,98","603,30","625,80","637,82","642,67","641,43","643,53","648,90","653,28","670,59","657,20","650,34","669,45","672,90","674,43","664,86","666,66","678,20","688,46","699,98","703,54"
6435,Main-Kinzig-Kreis,"527,54","533,25","537,88","540,05","539,88","545,99","560,96","570,99","577,43","580,50","583,39","592,98","599,64","539,46","540,87","547,17","562,61","569,83","574,64","578,11","579,49","581,69","590,57","598,48","604,35"
6436,Main-Taunus-Kreis,"588,73","594,19","598,99","597,99","603,87","611,64","630,49","650,35","651,61","648,55","651,73","656,84","666,26","701,69","690,86","705,99","742,22","750,62","758,34","750,17","746,43","752,02","755,16","776,41","791,00"
6437,Odenwaldkreis,"539,95","546,54","549,82","553,20","554,67","560,68","574,50","581,65","583,03","592,90","599,33","613,55","623,82","561,12","564,38","571,61","579,52","587,69","595,60","600,52","600,45","611,62","622,48","628,14","638,19"
6438,Offenbach,"567,11","568,73","572,31","574,65","577,06","582,82","599,46","607,89","611,70","606,95","608,11","609,19","611,23","555,63","555,35","559,22","571,29","574,89","579,49","581,04","578,05","582,07","588,55","592,94","596,98"
6439,Rheingau-Taunus-Kreis,"558,44","562,04","569,22","570,89","573,55","582,75","599,77","607,55","617,17","621,83","627,57","640,61","645,81","582,26","584,13","593,48","608,88","614,89","620,71","617,59","618,55","621,89","628,55","634,50","642,69"
6440,Wetteraukreis,"529,41","533,64","537,04","540,24","544,21","552,15","565,98","572,14","577,61","582,43","584,46","594,45","602,51","545,06","547,66","555,08","572,25","579,16","584,91","586,10","585,03","589,99","598,08","604,98","610,89"
6531,Gießen,"516,01","517,99","522,92","522,59","524,80","529,35","540,93","545,79","548,21","552,75","560,34","572,67","576,48","512,24","512,08","515,90","532,81","541,39","547,10","542,53","541,17","542,47","548,96","553,95","558,53"
6532,Lahn-Dill-Kreis,"523,03","532,22","539,89","542,67","546,44","552,54","568,50","578,77","585,04","591,28","599,88","610,41","623,02","555,65","562,01","570,32","577,64","587,94","597,89","600,75","603,69","609,66","617,88","627,61","635,53"
6533,Limburg-Weilburg,"541,97","549,41","551,94","547,52","549,29","558,53","574,01","582,25","587,59","592,28","600,24","618,35","631,02","558,60","565,55","576,07","585,17","596,64","602,16","606,51","607,45","614,90","623,50","631,64","639,94"
6534,Marburg-Biedenkopf,"480,20","484,81","489,04","494,52","495,96","501,33","515,50","523,85","528,32","534,28","540,61","548,55","556,79","490,94","492,45","499,99","528,00","535,74","541,89","546,64","545,33","552,39","557,16","563,80","568,73"
6535,Vogelsbergkreis,"530,95","537,88","546,43","554,63","559,75","569,10","586,08","597,67","604,37","613,50","624,44","638,03","650,50","581,08","586,86","599,47","609,64","622,07","629,05","634,35","629,85","640,42","650,09","662,27","671,19"
6611,"Kassel, Stadt","442,18","437,66","434,08","431,67","434,10","437,88","444,20","448,83","449,20","444,89","443,56","448,21","449,24","393,55","394,47","398,79","414,12","421,34","423,77","426,30","424,74","429,23","432,95","437,46","441,99"
6631,Fulda,"512,18","515,60","520,15","525,22","531,09","539,37","556,16","564,44","569,47","578,02","587,86","601,02","610,75","548,02","552,02","559,10","571,21","580,62","587,12","591,49","593,33","601,25","609,66","619,14","626,33"
6632,Hersfeld-Rotenburg,"526,35","533,73","541,65","547,34","551,48","561,83","579,29","592,62","597,70","606,57","608,00","621,12","629,94","569,19","574,80","580,92","593,90","603,84","611,73","615,24","610,83","617,73","625,46","634,24","643,60"
6633,Kassel,"529,04","535,29","539,81","544,07","548,45","555,67","569,40","575,34","583,66","587,51","593,68","605,08","613,16","549,58","550,54","558,15","569,84","576,57","584,35","588,74","589,75","594,58","605,12","612,57","621,58"
6634,Schwalm-Eder-Kreis,"534,32","541,97","549,49","556,60","563,48","571,55","585,59","595,47","606,12","609,53","615,60","627,91","637,86","566,91","569,24","577,36","588,16","599,29","607,62","610,34","613,99","619,09","629,68","640,15","650,83"
6635,Waldeck-Frankenberg,"524,96","533,14","542,52","545,59","546,64","553,40","569,40","577,07","588,42","594,86","602,78","618,73","629,47","558,26","563,49","573,25","592,14","600,41","610,17","615,68","617,58","624,63","636,22","648,02","659,06"
6636,Werra-Meißner-Kreis,"509,90","522,16","531,51","536,16","541,27","550,87","565,42","574,79","583,68","591,14","595,38","603,98","613,98","551,03","552,88","558,48","575,19","583,76","590,72","592,19","591,92","596,69","603,03","609,03","616,74"
7111,"Koblenz, Stadt","512,20","514,79","518,62","521,41","522,78","520,79","536,67","538,66","539,39","545,76","549,51","559,96","562,75","486,40","488,21","493,68","498,45","498,99","506,39","509,34","513,07","518,24","527,56","536,68","545,11"
7131,Ahrweiler,"522,88","530,60","534,31","537,29","540,90","547,62","566,14","574,47","582,33","591,94","599,64","613,47","623,18","555,98","558,53","570,66","584,58","595,69","603,75","609,46","610,60","618,05","628,12","635,57","646,25"
7132,Altenkirchen (Westerwald),"513,00","517,30","520,13","524,68","529,51","538,74","555,57","564,68","572,04","581,05","586,15","598,32","607,40","539,20","543,77","554,99","571,44","581,96","593,01","596,02","600,54","609,64","621,95","631,39","640,64"
7133,Bad Kreuznach,"519,49","525,39","526,86","529,79","532,67","540,15","553,15","564,09","570,94","577,87","586,89","599,77","606,56","543,46","547,43","555,71","563,17","574,45","583,75","587,37","591,26","597,19","606,82","613,16","621,49"
7134,Birkenfeld,"529,51","532,83","540,49","544,22","548,44","557,15","575,34","581,64","586,45","597,75","606,32","618,74","628,03","555,24","561,04","572,67","583,79","598,96","606,98","609,47","613,97","620,02","629,47","634,89","638,02"
7135,Cochem-Zell,"536,77","540,45","545,63","552,28","553,65","562,68","581,57","591,03","594,53","603,97","613,34","630,77","644,73","570,07","576,91","589,41","600,86","613,23","620,80","613,04","619,29","630,85","641,42","651,79","664,34"
7137,Mayen-Koblenz,"514,97","519,17","527,04","532,23","537,76","546,43","563,18","571,18","580,29","587,09","593,50","605,48","614,25","553,27","558,22","566,98","575,42","584,73","593,94","600,11","604,73","611,09","619,32","627,65","637,24"
7138,Neuwied,"523,40","530,35","534,49","538,85","541,90","549,97","566,87","576,11","585,10","591,59","599,70","613,68","622,14","557,44","560,65","570,49","580,06","591,25","599,08","605,47","607,99","616,06","626,31","635,16","643,40"
7140,Rhein-Hunsrück-Kreis,"528,67","536,38","543,21","547,81","553,09","561,43","577,76","586,55","597,80","610,71","621,33","636,66","649,72","576,57","583,47","592,19","596,24","608,47","614,65","627,56","630,65","636,21","648,82","658,35","668,98"
7141,Rhein-Lahn-Kreis,"527,55","535,54","542,14","542,58","545,08","554,60","569,76","578,84","586,53","594,71","604,39","615,86","629,31","562,60","570,31","580,29","591,87","601,66","607,13","612,30","607,88","621,68","631,04","638,60","646,70"
7143,Westerwaldkreis,"543,53","548,01","550,91","554,91","559,61","571,74","587,11","597,74","603,74","608,24","615,61","629,65","640,95","572,19","579,42","589,28","595,64","606,85","615,77","619,93","626,26","633,90","644,42","654,40","664,71"
7211,"Trier, Stadt","447,10","446,63","452,31","454,59","452,07","462,32","502,71","538,76","545,05","1.324,79","490,41","475,22","480,20","429,82","434,44","437,35","440,40","445,68","1.269,93","447,10","425,84","450,45","457,04","461,96","465,43"
7231,Bernkastel-Wittlich,"528,18","537,45","548,44","556,42","561,51","569,45","587,66","595,55","602,15","609,38","616,47","631,77","642,43","575,37","581,15","591,93","599,52","604,68","613,45","618,31","622,44","631,11","640,74","647,80","654,53"
7232,Eifelkreis Bitburg-Prüm,"539,06","544,37","552,96","559,01","563,31","569,85","589,57","606,40","618,16","617,42","624,16","640,40","657,82","572,33","578,35","590,73","589,27","598,18","605,81","613,58","619,72","625,94","636,60","645,10","655,42"
7233,Vulkaneifel,"527,11","532,90","539,97","539,82","545,10","553,65","569,95","580,39","587,18","598,60","606,56","623,64","636,08","562,71","569,76","582,42","590,98","605,37","612,56","618,72","626,23","635,50","646,68","658,88","667,91"
7235,Trier-Saarburg,"524,18","531,03","537,75","541,35","543,10","553,78","551,43","538,43","532,40","553,42","611,04","626,55","639,04","570,41","574,72","585,18","588,78","602,33","-0,01","615,33","613,62","625,47","635,31","644,02","654,18"
7311,"Frankenthal (Pfalz), Stadt","495,42","503,00","506,84","512,71","516,29","523,00","532,86","538,00","536,54","537,76","543,63","556,44","559,21","497,96","496,95","502,40","510,46","516,64","521,17","522,42","522,18","527,61","536,22","542,04","546,76"
7312,"Kaiserslautern, Stadt","467,67","468,32","470,10","475,84","478,70","482,59","504,32","517,93","521,19","520,97","531,03","540,39","538,09","478,28","468,97","471,05","485,71","491,14","492,37","495,24","497,41","500,49","498,51","484,22","489,24"
7313,"Landau in der Pfalz, Stadt","542,94","547,34","552,14","545,45","543,25","556,32","580,84","581,77","585,44","582,22","591,08","589,97","591,16","526,88","528,59","529,13","538,60","548,29","557,17","553,85","554,61","557,17","565,37","568,18","581,05"
7314,"Ludwigshafen am Rhein, Stadt","468,87","469,76","470,55","471,32","467,55","470,22","481,36","484,45","483,41","481,54","483,77","484,79","488,15","437,32","437,84","437,66","461,01","464,25","467,24","468,02","472,03","473,74","475,51","473,63","477,30"
7315,"Mainz, Stadt","486,48","483,87","480,52","482,48","495,11","501,92","511,40","517,37","521,34","519,11","495,98","495,66","529,94","448,60","447,10","449,68","453,38","454,49","455,02","451,30","450,02","450,38","452,42","451,81","454,76"
7316,"Neustadt an der Weinstraße, Stadt","547,69","549,10","547,38","546,59","549,31","555,98","570,23","575,08","580,75","586,47","594,88","599,04","602,22","543,01","540,33","553,15","563,74","570,50","579,39","584,32","586,20","589,60","594,77","604,43","609,72"
7317,"Pirmasens, Stadt","514,87","527,33","526,58","526,96","529,48","538,33","556,27","567,34","576,11","575,61","576,26","590,54","600,76","526,98","530,93","540,02","536,49","545,36","546,40","548,62","545,30","542,31","547,79","556,62","565,38"
7318,"Speyer, Stadt","514,90","525,01","525,16","527,44","522,74","529,53","539,13","543,66","544,33","550,40","553,89","560,18","566,85","516,52","517,26","519,45","529,97","536,79","542,14","545,86","550,81","560,82","562,29","575,05","574,75"
7319,"Worms, Stadt","497,63","500,91","506,18","506,75","504,62","505,03","517,18","515,91","517,95","520,71","522,96","527,95","534,43","483,07","482,74","488,49","507,82","512,29","516,22","517,42","519,59","525,39","530,81","537,21","543,07"
7320,"Zweibrücken, Stadt","504,18","521,71","530,83","537,03","543,34","550,94","574,18","583,80","595,08","604,50","610,35","624,88","627,38","561,48","562,34","567,23","568,40","579,88","585,96","586,69","585,11","589,78","600,82","606,13","609,36"
7331,Alzey-Worms,"539,76","544,44","548,14","552,52","553,89","563,68","580,11","587,06","591,93","600,45","611,44","627,00","636,50","569,98","578,62","588,46","595,80","606,56","614,26","616,20","619,21","623,05","630,86","637,47","646,55"
7332,Bad Dürkheim,"557,15","562,97","566,99","571,62","575,22","582,68","595,58","602,08","609,06","618,35","621,48","632,74","640,72","581,54","585,94","595,07","612,82","621,09","627,66","632,26","636,82","644,15","655,11","664,97","674,41"
7333,Donnersbergkreis,"531,66","542,56","550,89","549,77","553,41","562,85","579,71","587,19","593,08","598,08","611,98","619,04","630,17","559,19","566,96","581,50","589,63","600,28","607,79","612,02","616,44","624,62","636,93","648,10","653,85"
7334,Germersheim,"535,94","538,18","537,49","540,94","547,20","556,95","579,19","591,88","599,37","602,04","614,80","623,26","626,16","556,75","563,83","571,86","584,18","590,45","595,18","600,57","602,39","609,01","617,39","624,39","634,52"
7335,Kaiserslautern,"513,68","516,27","525,27","532,49","542,26","555,93","570,76","576,77","578,51","587,05","594,81","609,94","618,34","556,87","562,64","576,80","588,08","598,37","606,21","605,47","607,73","612,92","622,85","629,15","638,80"
7336,Kusel,"529,58","537,72","544,07","552,37","560,57","573,37","592,70","601,59","607,09","614,09","622,95","638,08","651,20","583,85","591,17","601,36","609,53","621,51","630,72","634,48","637,38","642,58","651,07","660,79","670,39"
7337,Südliche Weinstraße,"550,35","552,57","559,41","564,71","567,62","578,06","598,52","603,93","608,47","613,52","624,21","640,19","646,87","586,22","592,38","602,56","617,91","625,53","635,20","638,68","644,35","652,48","665,43","675,54","685,07"
7338,Rhein-Pfalz-Kreis,"550,54","556,54","562,86","568,19","569,59","575,52","588,84","592,10","595,99","602,35","607,27","622,27","633,54","577,68","583,37","592,79","605,63","612,47","619,20","622,98","626,21","629,48","636,71","643,64","651,39"
7339,Mainz-Bingen,"549,55","555,81","563,40","565,83","568,66","701,41","790,66","777,97","757,81","667,99","624,89","629,14","638,34","577,04","578,15","585,83","599,94","608,46","616,71","623,36","621,06","629,58","640,09","647,28","657,29"
7340,Südwestpfalz,"543,51","548,07","556,70","565,29","572,08","585,65","601,52","608,99","614,04","622,68","633,45","648,00","662,63","596,55","601,69","615,11","629,25","640,90","651,20","654,60","659,79","671,13","681,46","691,10","700,65"
8111,"Stuttgart, Stadt","475,91","475,27","478,94","481,99","484,70","495,62","516,34","525,17","526,58","525,20","529,15","529,28","525,72","451,82","453,41","447,88","462,27","464,27","465,58","463,64","462,73","468,07","471,24","474,94","474,58"
8115,Böblingen,"556,65","560,01","565,99","561,31","568,11","586,06","607,52","621,44","628,22","631,71","645,77","652,14","646,50","569,27","578,54","593,64","601,01","606,56","611,25","615,54","615,25","619,75","627,38","633,95","644,08"
8116,Esslingen,"551,42","554,00","559,03","559,23","562,67","573,04","586,82","592,26","596,12","598,14","601,54","609,66","612,99","552,83","555,28","557,21","572,92","578,21","583,41","586,47","587,94","593,46","600,85","608,59","616,23"
8117,Göppingen,"522,34","527,78","532,46","533,82","537,85","547,74","566,18","572,65","578,21","588,78","592,91","602,87","612,40","544,63","551,84","559,53","579,07","587,74","594,05","600,03","603,65","609,04","617,13","626,08","634,42"
8118,Ludwigsburg,"529,32","533,62","541,68","541,95","545,28","555,86","569,50","576,02","579,10","584,15","588,09","596,46","600,15","537,53","540,64","546,28","560,88","566,00","570,47","573,98","576,12","583,56","589,71","597,17","604,11"
8119,Rems-Murr-Kreis,"526,39","531,28","535,26","535,41","538,70","550,51","567,24","572,73","577,14","580,23","585,73","597,24","602,24","537,39","540,11","544,99","563,57","570,93","577,82","582,31","583,44","590,36","599,06","606,52","613,33"
8121,"Heilbronn, Stadt","515,99","542,79","555,96","532,51","536,03","547,03","555,22","566,59","584,67","577,05","569,30","552,21","553,06","476,82","472,38","474,09","503,02","510,00","513,86","507,91","504,13","510,75","515,82","521,20","526,98"
8125,Heilbronn,"548,90","554,22","575,87","572,04","571,30","583,08","608,70","619,03","622,76","623,72","632,02","648,78","656,44","585,91","597,90","595,61","616,84","629,78","640,34","640,53","643,29","649,58","670,28","684,87","701,00"
8126,Hohenlohekreis,"573,54","591,60","601,24","603,05","610,88","616,07","634,09","642,35","645,65","653,17","664,24","677,55","687,21","610,60","618,32","626,78","649,76","661,68","670,16","673,74","680,43","691,70","703,24","714,09","727,83"
8127,Schwäbisch Hall,"520,02","524,32","528,04","532,91","537,95","548,30","566,30","573,75","578,17","580,10","587,38","604,44","615,15","549,41","555,66","565,24","581,04","591,40","600,31","606,07","609,58","618,71","628,63","635,38","645,02"
8128,Main-Tauber-Kreis,"520,67","531,97","540,13","544,98","550,73","558,48","575,10","585,75","588,69","591,19","600,62","615,45","627,31","564,28","570,85","581,05","601,64","613,24","621,83","626,07","627,96","636,65","646,77","655,77","665,88"
8135,Heidenheim,"506,99","512,76","517,76","519,75","525,63","534,38","547,86","555,66","558,53","561,44","570,69","586,46","597,55","529,87","536,93","547,59","568,26","576,01","581,05","583,94","586,28","591,72","602,00","611,18","621,27"
8136,Ostalbkreis,"509,59","518,44","524,63","526,99","534,48","545,16","563,42","572,54","576,35","577,92","584,24","599,45","610,13","542,23","549,54","557,76","573,80","583,45","592,46","597,59","598,14","612,53","623,79","634,22","645,84"
8211,"Baden-Baden, Stadt","561,89","567,70","575,94","577,32","573,72","579,83","592,27","591,00","594,83","598,06","602,72","616,39","621,90","548,59","554,23","558,89","587,71","592,93","596,24","601,87","600,55","607,20","612,21","617,26","624,70"
8212,"Karlsruhe, Stadt","489,55","488,65","492,20","489,73","489,43","492,04","505,06","508,32","509,02","505,55","505,94","510,47","507,54","446,94","441,95","439,12","446,85","445,88","446,10","449,19","437,71","437,59","441,82","444,55","450,91"
8215,Karlsruhe,"538,31","543,14","547,01","545,32","546,56","551,79","566,57","573,97","577,43","581,34","584,30","596,27","602,95","545,08","547,28","553,47","571,77","579,23","586,18","590,34","592,66","596,34","605,65","612,33","620,22"
8216,Rastatt,"554,29","557,67","560,79","563,54","567,86","576,82","597,40","604,34","609,50","612,39","619,62","629,96","632,89","564,53","566,32","571,19","592,80","603,29","611,08","614,39","616,05","622,80","630,13","637,75","647,82"
8221,"Heidelberg, Stadt","432,08","433,71","429,53","426,45","424,75","426,07","430,51","430,10","428,91","427,91","422,19","418,47","418,44","372,00","369,94","370,64","369,30","369,17","369,70","369,33","370,42","365,13","368,63","374,08","374,12"
8222,"Mannheim, Stadt","462,83","459,97","464,84","461,88","465,66","472,75","488,79","498,62","501,57","505,84","505,13","507,72","504,73","433,40","434,07","435,50","472,19","471,79","476,48","474,51","468,70","476,74","477,89","483,89","486,19"
8225,Neckar-Odenwald-Kreis,"510,99","520,03","524,60","527,73","529,04","537,85","552,98","558,82","563,25","567,08","571,74","587,24","599,28","534,17","541,83","552,14","575,83","586,51","595,76","602,45","605,54","614,12","624,88","634,79","646,11"
8226,Rhein-Neckar-Kreis,"541,81","546,57","550,53","549,87","551,44","558,05","571,61","579,93","584,42","589,98","598,55","612,28","654,84","556,15","557,73","563,90","586,08","594,27","597,67","603,29","605,49","613,02","620,70","628,79","636,48"
8231,"Pforzheim, Stadt","454,77","456,92","461,20","458,49","460,64","465,09","478,82","483,80","483,53","486,17","486,33","489,32","493,88","443,20","442,34","442,92","462,73","465,41","467,12","468,01","462,68","467,45","474,68","480,42","486,50"
8235,Calw,"510,37","517,34","524,61","524,52","529,21","537,59","553,83","559,49","566,10","572,87","583,69","595,59","604,68","533,04","537,21","540,35","577,23","592,25","599,02","602,88","604,54","615,86","624,85","634,82","647,31"
8236,Enzkreis,"533,93","541,05","547,00","544,80","549,14","558,17","575,01","582,36","585,35","589,94","597,13","611,32","622,02","563,60","567,44","574,91","591,97","600,44","605,98","611,90","615,01","623,37","633,53","643,34","653,69"
8237,Freudenstadt,"506,56","512,51","515,70","515,71","518,73","533,49","547,90","555,94","560,47","566,56","571,36","586,42","596,09","525,27","530,80","540,53","570,10","579,97","588,75","592,96","597,83","608,11","616,19","628,43","640,46"
8311,"Freiburg im Breisgau, Stadt","414,67","413,57","416,52","413,08","410,46","405,98","413,47","416,16","414,67","415,41","412,44","420,39","416,77","366,58","365,26","367,32","392,69","392,54","395,36","394,09","391,40","389,27","391,48","396,65","399,57"
8315,Breisgau-Hochschwarzwald,"525,38","525,55","528,05","529,19","530,94","536,25","550,65","555,56","555,66","561,23","565,15","578,36","584,37","523,34","525,41","531,14","550,25","556,66","560,65","563,41","564,32","569,22","577,49","587,02","594,60"
8316,Emmendingen,"517,48","520,30","524,11","522,07","522,35","528,65","540,41","545,70","549,63","553,41","559,63","573,69","576,25","518,37","521,69","528,17","544,36","553,01","559,48","562,83","565,99","574,70","582,09","590,93","598,38"
8317,Ortenaukreis,"522,69","528,55","534,67","538,09","540,87","542,83","555,80","564,60","568,14","574,04","581,38","595,30","601,43","540,03","544,35","551,34","570,22","578,93","586,47","590,54","593,98","599,57","607,97","613,34","622,32"
8325,Rottweil,"524,74","531,73","539,40","541,33","548,78","560,19","572,78","583,07","588,00","593,67","603,56","618,56","629,77","562,86","567,58","575,73","596,83","607,57","615,66","620,56","624,17","632,25","640,53","649,78","660,78"
8326,Schwarzwald-Baar-Kreis,"524,01","529,27","533,87","535,82","541,05","546,99","561,79","569,19","575,95","580,51","585,79","598,85","613,18","540,27","544,56","549,47","562,08","568,91","574,32","577,75","576,76","585,01","593,50","599,99","611,02"
8327,Tuttlingen,"507,84","513,56","522,70","523,84","529,92","540,48","554,91","563,07","569,58","574,65","581,34","596,53","608,55","532,38","537,42","543,67","559,93","570,40","575,39","578,35","581,99","588,27","597,32","607,66","619,23"
8335,Konstanz,"498,64","500,22","500,64","499,48","500,84","504,13","517,35","521,79","524,64","528,43","532,16","544,97","549,31","485,94","484,50","489,39","517,19","521,41","524,59","527,22","528,49","534,78","541,27","548,15","553,26"
8336,Lörrach,"501,02","502,82","505,19","505,17","508,18","519,87","535,50","544,67","551,37","557,05","560,81","576,02","584,06","514,65","517,72","525,44","541,95","550,74","558,52","562,23","564,45","573,72","581,20","587,38","592,13"
8337,Waldshut,"530,17","532,51","536,89","537,69","538,30","545,25","561,85","571,14","576,16","578,95","583,93","597,51","605,87","534,21","538,08","546,38","564,27","573,82","583,26","587,75","588,15","597,59","603,21","612,82","619,46"
8415,Reutlingen,"519,17","525,18","531,47","535,12","541,26","547,89","561,46","567,50","568,54","574,29","581,21","592,93","598,97","539,61","543,39","551,02","573,77","580,00","583,72","587,02","589,72","594,95","602,73","610,55","618,67"
8416,Tübingen,"469,39","472,58","476,95","478,79","483,43","494,35","506,82","511,52","513,43","514,11","519,75","532,16","536,46","479,10","478,41","483,75","509,77","512,18","515,75","520,01","520,42","520,94","529,82","536,28","541,81"
8417,Zollernalbkreis,"554,45","562,16","569,42","569,28","571,48","583,55","599,52","602,33","606,00","611,91","619,12","634,30","642,70","573,88","578,88","587,47","604,07","614,85","621,75","622,66","623,80","638,27","648,49","657,43","667,13"
8421,"Ulm, Stadt","473,18","475,47","478,74","475,94","480,39","487,92","504,10","512,63","512,22","517,16","519,47","527,84","529,28","463,09","466,50","470,55","497,96","504,31","505,55","505,11","505,29","506,98","510,63","517,24","522,23"
8425,Alb-Donau-Kreis,"520,96","526,50","533,53","533,82","536,47","547,15","563,99","572,94","576,76","583,73","592,23","604,30","614,41","546,50","553,57","562,98","581,31","590,87","596,05","600,40","601,67","609,45","619,40","627,38","637,05"
8426,Biberach,"519,30","524,47","530,58","533,27","537,33","543,79","562,22","569,81","570,61","577,25","584,60","607,99","639,21","568,24","577,22","561,59","576,48","589,05","596,75","601,04","602,67","609,99","618,24","628,52","638,80"
8435,Bodenseekreis,"537,15","539,10","542,34","542,16","542,34","550,06","566,24","571,07","574,94","581,49","585,69","600,14","603,65","540,00","546,84","553,73","574,13","582,25","588,66","593,86","596,96","605,35","612,29","618,54","625,22"
8436,Ravensburg,"513,39","517,55","522,70","520,82","523,47","532,11","545,71","550,20","554,06","560,23","563,94","579,32","589,09","524,18","527,94","534,85","558,80","565,47","575,22","580,15","582,64","589,16","599,39","608,95","618,36"
8437,Sigmaringen,"522,65","529,72","531,20","530,31","535,17","542,34","557,68","564,90","565,17","569,91","579,36","592,77","606,79","534,66","542,66","553,15","575,01","586,40","594,71","600,54","596,57","611,02","625,17","633,17","647,01"
9161,"Ingolstadt, Stadt","560,86","553,83","593,25","626,53","624,70","638,13","696,97","731,02","738,76","748,05","770,43","762,84","771,67","626,80","638,21","633,85","648,94","664,21","675,37","686,94","694,19","706,37","711,60","697,63","712,96"
9162,"München, Stadt","510,48","522,37","544,72","572,54","583,89","578,87","559,72","553,29","548,95","550,40","550,95","542,41","545,37","457,53","460,28","455,46","453,35","477,65","479,03","478,96","476,46","481,78","496,13","494,17","488,93"
9163,"Rosenheim, Stadt","500,12","503,70","509,24","511,02","513,48","527,92","551,15","552,29","553,34","555,18","559,53","569,00","567,79","491,01","489,82","493,25","513,60","522,38","523,12","526,24","528,52","528,83","535,35","539,56","542,56"
9171,Altötting,"515,70","519,87","523,46","524,05","528,56","538,53","549,45","553,18","558,79","568,64","576,47","595,57","606,58","535,83","542,91","554,57","571,68","580,99","586,55","589,40","593,37","598,48","605,86","613,80","624,38"
9172,Berchtesgadener Land,"512,06","522,12","530,20","529,54","528,14","535,31","550,51","553,58","554,21","560,01","566,96","588,74","599,88","528,52","532,80","541,73","558,62","564,64","567,45","571,24","574,35","581,39","590,28","597,48","605,90"
9173,Bad Tölz-Wolfratshausen,"542,12","545,89","545,73","544,26","544,83","556,53","572,89","584,80","591,15","592,01","596,76","611,48","616,66","545,14","549,95","558,99","577,92","586,27","589,76","591,95","591,72","597,29","604,59","610,48","617,56"
9174,Dachau,"507,88","506,04","509,66","503,51","507,06","514,78","533,74","545,34","547,95","553,45","557,86","569,93","575,77","514,06","518,36","529,40","535,45","541,46","544,18","549,45","551,14","559,23","567,38","577,66","588,30"
9175,Ebersberg,"515,83","519,27","520,43","519,82","525,32","531,97","548,21","553,18","557,71","562,94","567,71","576,54","584,60","521,63","522,34","525,83","537,86","543,43","548,14","550,16","550,43","558,91","566,51","573,93","580,28"
9176,Eichstätt,"482,90","487,49","491,08","493,92","500,19","518,61","528,75","533,97","539,42","551,54","561,78","577,54","588,21","526,37","532,94","542,69","559,76","565,24","574,21","578,32","584,70","590,59","601,58","612,37","620,82"
9177,Erding,"535,14","532,28","537,84","544,14","553,42","557,49","579,90","591,80","590,29","589,36","593,78","608,69","622,26","546,76","550,90","559,94","574,80","582,02","586,25","588,38","594,44","602,15","611,42","621,14","633,90"
9178,Freising,"525,32","528,87","537,26","536,57","538,63","543,49","559,98","568,84","573,43","579,32","584,53","594,58","595,30","527,50","534,54","543,27","558,93","562,18","564,23","568,87","569,55","573,73","581,31","586,40","595,31"
9179,Fürstenfeldbruck,"523,85","524,84","525,34","523,06","522,70","528,33","540,02","541,51","544,78","549,10","545,41","558,86","563,88","504,23","504,19","511,23","524,87","529,43","531,71","531,89","533,16","534,86","543,19","546,95","555,14"
9180,Garmisch-Partenkirchen,"506,88","510,10","514,74","510,06","513,60","521,40","532,90","542,58","549,23","557,34","555,51","578,09","584,26","512,00","514,58","522,97","544,33","550,09","553,49","556,85","553,42","561,08","567,78","574,26","582,07"
9181,Landsberg am Lech,"535,71","543,98","546,54","541,19","546,30","554,77","571,66","577,97","578,44","585,20","593,73","613,48","620,20","553,66","560,48","571,19","590,32","598,74","607,59","612,37","619,62","628,28","642,07","649,95","666,10"
9182,Miesbach,"565,50","565,47","565,88","567,02","570,67","578,29","591,51","606,57","610,08","616,57","619,76","636,54","646,36","567,08","573,73","583,35","601,11","605,86","606,99","612,04","614,94","624,20","633,67","639,05","649,10"
9183,Mühldorf a.Inn,"524,32","525,83","529,02","531,75","532,72","536,74","549,34","554,32","560,03","568,77","574,34","590,07","600,75","533,09","538,19","548,97","578,34","585,67","585,33","589,38","593,01","600,94","608,65","616,36","628,57"
9184,München,"571,90","577,99","585,39","588,36","596,77","606,27","623,67","639,54","651,12","656,54","721,70","901,24","929,34","767,70","760,36","732,61","702,17","680,14","670,91","675,50","672,34","639,11","636,71","690,84","700,54"
9185,Neuburg-Schrobenhausen,"525,17","528,09","532,11","532,39","537,67","549,19","562,09","568,41","576,52","590,00","601,46","619,78","632,56","560,03","566,46","577,87","591,76","596,70","602,56","610,52","616,97","624,49","636,70","648,78","658,10"
9186,Pfaffenhofen a.d.Ilm,"524,28","533,38","537,49","541,09","546,33","555,14","574,11","582,83","588,62","596,68","605,72","620,11","628,88","556,73","562,17","571,38","584,43","589,42","594,90","598,23","601,72","610,66","621,72","631,98","640,58"
9187,Rosenheim,"522,23","527,25","529,90","529,30","532,90","540,21","557,50","566,31","571,81","577,58","583,82","605,03","614,81","541,99","547,32","557,17","580,25","588,53","594,84","600,95","603,84","613,59","623,56","631,62","644,11"
9188,Starnberg,"568,63","569,66","573,71","572,34","576,98","585,39","601,19","608,94","617,96","620,30","624,00","642,83","645,11","580,91","582,62","588,91","605,45","608,31","611,00","611,75","611,98","615,20","620,41","627,08","630,56"
9189,Traunstein,"530,80","537,08","540,99","539,03","544,15","552,64","568,56","573,27","575,48","583,87","592,02","614,12","623,81","551,85","557,32","568,06","584,86","594,75","601,25","604,34","608,93","615,05","624,81","633,55","643,79"
9190,Weilheim-Schongau,"526,20","527,83","529,45","530,41","534,02","542,81","556,65","560,98","566,34","573,81","579,72","605,48","611,51","542,58","548,67","561,36","579,41","587,31","594,17","599,38","603,19","609,51","619,68","627,01","638,85"
9261,"Landshut, Stadt","487,83","493,35","503,74","503,89","505,34","511,97","522,73","532,22","541,92","550,53","548,67","557,45","559,47","492,52","495,56","491,37","488,70","489,57","493,87","494,47","488,19","493,04","497,25","500,08","503,00"
9262,"Passau, Stadt","502,01","511,18","508,82","511,38","508,14","511,66","527,92","536,37","533,22","541,84","546,27","551,73","557,48","486,27","487,51","491,52","514,32","513,87","514,80","511,79","512,24","515,41","519,77","523,13","529,50"
9263,"Straubing, Stadt","501,02","503,17","510,69","514,62","516,06","528,97","541,90","568,61","571,11","578,65","576,82","580,35","585,30","510,63","511,92","520,52","532,21","536,62","538,88","537,03","541,68","548,96","554,07","562,89","565,50"
9271,Deggendorf,"518,41","522,28","527,90","532,18","535,64","547,25","558,88","568,65","574,58","583,56","587,77","600,29","612,41","547,03","555,73","564,12","587,51","596,15","600,92","605,03","609,88","615,26","622,13","631,40","642,27"
9272,Freyung-Grafenau,"510,94","516,75","518,35","522,21","528,53","538,66","559,48","564,97","567,74","581,60","590,77","608,91","622,68","539,00","547,43","559,95","577,51","590,69","599,85","605,34","614,22","624,29","635,70","648,74","660,51"
9273,Kelheim,"520,20","526,34","535,04","539,44","546,46","558,74","572,85","576,46","578,61","590,71","596,90","614,39","623,00","558,10","566,68","576,36","588,73","596,84","601,26","604,21","604,78","613,13","622,21","630,13","640,34"
9274,Landshut,"537,07","545,51","550,45","554,11","557,67","566,32","583,65","594,95","602,33","610,06","617,54","634,10","644,47","572,69","580,49","590,61","607,16","615,79","620,86","624,26","626,06","636,80","644,29","651,39","663,30"
9275,Passau,"520,32","527,83","535,83","539,41","546,02","554,55","573,12","580,43","584,32","592,22","602,25","618,41","630,99","552,95","560,67","571,11","589,99","598,32","602,97","609,53","613,80","624,64","631,13","638,67","650,53"
9276,Regen,"492,20","497,34","503,54","509,15","516,33","528,40","546,48","550,31","552,20","562,56","574,06","591,66","609,04","529,86","536,45","547,86","572,52","581,63","589,23","596,28","598,53","605,76","612,86","620,36","634,08"
9277,Rottal-Inn,"548,03","551,07","556,17","552,84","560,41","571,22","586,81","592,51","595,56","606,25","615,77","630,07","641,80","566,55","578,95","591,87","609,33","616,88","624,87","629,61","636,10","643,47","650,85","661,58","668,29"
9278,Straubing-Bogen,"512,93","519,67","527,98","530,87","539,94","550,54","567,02","572,97","580,49","589,94","602,99","619,35","629,55","562,97","572,02","583,75","602,79","611,02","617,33","622,61","628,68","639,02","648,89","656,07","665,94"
9279,Dingolfing-Landau,"531,38","536,87","545,90","559,06","559,45","568,74","594,39","616,92","642,35","667,59","682,12","698,33","723,80","587,81","593,24","598,71","611,55","620,65","612,83","623,92","635,25","647,11","640,42","678,13","696,69"
9361,"Amberg, Stadt","523,01","529,18","523,17","533,25","525,42","530,19","536,40","547,78","543,10","548,65","552,53","564,24","572,39","500,10","507,15","510,18","541,78","552,07","554,12","557,43","560,74","560,99","571,01","584,39","586,49"
9362,"Regensburg, Stadt","505,28","513,56","520,30","523,63","531,52","539,19","556,99","565,90","574,29","591,57","574,08","570,59","574,43","488,71","523,68","529,84","544,70","541,00","505,02","493,73","491,16","493,74","507,27","557,26","582,43"
9363,"Weiden i.d.OPf., Stadt","536,61","534,80","543,22","547,67","552,46","557,61","573,54","590,50","597,44","605,56","615,18","646,77","654,99","536,13","542,23","549,18","562,42","575,98","580,69","585,93","589,23","588,95","592,76","602,35","607,89"
9371,Amberg-Sulzbach,"506,12","511,00","516,33","522,33","530,87","536,81","555,41","562,83","566,74","575,93","590,84","609,60","633,23","560,22","567,33","577,32","594,92","607,23","617,43","624,80","629,08","640,78","650,55","658,81","670,69"
9372,Cham,"520,67","529,34","539,38","545,91","553,58","566,73","589,61","593,11","595,27","604,60","620,11","641,50","655,72","571,56","580,77","590,64","610,68","619,27","629,46","635,45","642,72","650,10","660,12","668,65","678,24"
9373,Neumarkt i.d.OPf.,"507,99","511,62","515,61","518,44","524,84","537,30","555,19","564,41","568,81","576,16","584,76","599,71","609,11","547,35","555,05","567,94","584,46","594,32","602,20","604,97","611,44","617,10","629,12","638,32","647,31"
9374,Neustadt a.d.Waldnaab,"508,07","515,17","520,92","530,59","536,60","549,55","567,87","573,76","583,85","596,05","606,46","624,92","638,35","564,94","575,08","586,51","601,70","611,43","619,13","627,11","636,84","651,53","659,45","669,45","677,29"
9375,Regensburg,"534,96","537,65","545,45","549,39","555,30","568,14","581,96","589,06","591,36","599,38","608,21","621,58","633,50","568,60","573,87","580,05","593,12","600,29","605,39","609,34","611,54","617,67","623,23","629,68","639,92"
9376,Schwandorf,"533,93","538,90","546,39","555,15","563,03","571,31","587,70","598,93","603,26","606,39","614,34","627,59","644,48","572,19","577,77","587,89","601,33","614,18","622,71","627,22","631,12","639,25","645,64","654,58","664,77"
9377,Tirschenreuth,"508,20","517,79","526,62","533,14","543,81","557,95","576,58","585,53","590,59","601,88","614,17","630,51","645,04","566,92","574,25","585,33","593,38","605,48","614,11","622,18","627,74","636,32","646,02","657,80","670,21"
9461,"Bamberg, Stadt","491,46","494,88","503,26","502,19","510,10","518,56","532,74","535,07","535,22","535,89","536,48","548,97","548,24","490,81","492,75","501,14","503,85","508,01","512,39","510,34","507,08","499,50","502,87","513,20","521,56"
9462,"Bayreuth, Stadt","503,99","501,38","502,95","501,68","501,14","501,71","511,28","517,14","513,11","514,54","518,02","529,68","533,13","474,92","477,07","477,33","494,83","499,57","504,07","510,22","514,19","511,74","516,44","519,00","524,00"
9463,"Coburg, Stadt","493,85","499,09","504,54","506,52","514,17","532,37","541,12","551,53","559,58","567,58","574,21","583,58","596,13","530,23","530,76","534,98","538,29","557,26","570,74","577,83","587,46","600,84","598,77","603,70","605,47"
9464,"Hof, Stadt","498,31","503,38","508,06","507,27","510,02","524,90","535,00","543,63","544,15","544,76","549,49","555,81","561,47","476,78","480,49","485,07","505,87","513,82","521,27","523,77","526,35","522,87","523,55","534,27","546,10"
9471,Bamberg,"524,63","534,20","539,68","543,68","546,14","562,66","582,47","591,55","594,68","600,75","610,05","627,69","639,49","575,45","581,55","593,42","605,94","619,05","627,36","634,53","640,75","651,05","659,25","667,85","676,56"
9472,Bayreuth,"543,84","551,66","558,94","560,22","569,41","582,58","600,55","605,66","607,35","614,20","624,98","640,08","651,85","577,32","582,45","592,25","605,13","616,66","626,16","632,59","641,66","653,25","662,36","670,81","679,17"
9473,Coburg,"506,93","516,14","525,90","529,41","538,55","550,48","566,46","571,53","574,73","587,33","597,19","611,16","623,62","561,86","568,29","580,66","592,54","604,74","612,84","618,80","628,91","637,60","646,72","655,03","666,13"
9474,Forchheim,"519,40","529,08","532,31","535,47","546,76","558,07","577,72","586,82","594,94","604,65","612,78","629,12","640,05","578,63","584,52","596,60","606,59","614,90","623,51","627,59","632,39","638,79","645,49","651,05","660,64"
9475,Hof,"535,52","543,06","549,39","558,35","565,54","574,35","584,32","590,98","596,40","606,49","615,13","630,62","643,95","557,26","562,95","574,82","590,58","601,68","610,26","615,28","620,08","633,51","641,50","651,47","662,26"
9476,Kronach,"521,82","532,49","541,52","545,32","555,19","567,36","584,30","593,71","600,77","607,23","615,27","630,44","641,55","569,98","576,75","588,69","599,05","609,70","619,30","626,50","631,87","640,56","650,84","661,73","673,01"
9477,Kulmbach,"550,28","560,70","572,02","573,63","579,83","589,57","609,46","618,42","617,63","620,31","632,00","646,08","659,87","575,97","583,36","596,46","610,03","621,48","629,10","637,12","644,13","655,63","662,20","672,56","682,81"
9478,Lichtenfels,"516,24","521,28","531,31","536,04","541,16","547,15","569,39","576,45","581,21","590,75","599,48","613,34","623,41","555,75","561,01","569,32","585,41","596,60","609,13","615,75","621,96","631,68","640,83","650,17","658,11"
9479,Wunsiedel i.Fichtelgebirge,"513,20","523,13","530,78","536,46","547,46","557,62","576,01","584,97","590,93","597,96","612,23","629,30","643,35","555,90","561,26","566,79","580,52","589,83","601,15","601,64","607,77","612,95","617,46","627,33","641,15"
9561,"Ansbach, Stadt","501,23","507,52","515,93","512,45","516,92","530,89","544,69","552,78","556,55","574,69","575,67","584,93","590,68","510,56","514,84","524,01","544,70","556,57","563,32","567,38","562,91","571,85","582,04","590,63","601,32"
9562,"Erlangen, Stadt","473,84","483,11","491,30","493,51","495,88","505,09","515,37","523,69","521,53","523,17","521,68","525,28","524,19","481,17","467,44","470,33","480,43","480,95","485,38","485,79","482,12","479,37","484,31","485,00","487,51"
9563,"Fürth, Stadt","484,09","474,42","470,26","474,90","476,67","487,37","501,19","510,58","513,24","507,33","506,94","514,95","519,28","461,96","464,81","464,57","463,70","466,50","469,33","469,84","468,40","473,62","477,66","481,23","486,24"
9564,"Nürnberg, Stadt","478,93","477,24","481,65","479,60","477,33","480,46","492,99","499,93","498,24","494,63","486,79","490,51","488,08","435,92","431,12","434,43","453,11","454,40","457,36","459,39","456,60","459,95","463,49","466,89","472,32"
9565,"Schwabach, Stadt","543,53","542,66","555,45","561,49","563,31","587,23","605,12","629,95","635,26","628,58","625,40","635,66","638,02","569,45","567,29","569,56","582,62","582,44","584,43","590,25","592,16","597,46","611,39","621,76","631,71"
9571,Ansbach,"511,32","518,31","526,58","532,65","537,87","549,67","571,79","581,50","583,72","589,83","600,36","616,21","630,02","565,78","572,05","583,19","599,65","609,85","617,29","623,16","626,68","635,48","643,60","652,20","662,13"
9572,Erlangen-Höchstadt,"531,77","538,31","547,22","550,52","554,55","568,66","587,04","594,67","600,93","610,55","622,59","636,04","646,86","585,15","590,31","596,53","611,13","620,96","626,47","630,10","631,66","638,64","646,05","650,48","657,87"
9573,Fürth,"530,51","533,33","536,83","537,40","547,05","561,22","577,33","583,80","583,48","595,49","603,05","616,40","623,35","566,39","569,13","576,85","591,97","600,80","605,23","613,64","621,28","622,57","633,17","636,37","641,43"
9574,Nürnberger Land,"523,49","530,40","537,46","540,76","544,71","554,59","570,58","578,49","582,52","586,61","596,90","616,19","625,25","557,80","563,88","571,98","585,60","592,60","599,42","601,33","605,02","611,65","620,74","629,07","636,69"
9575,Neustadt a.d.Aisch-Bad Windsheim,"519,16","528,64","534,09","538,50","543,48","556,16","576,36","585,61","586,98","592,56","600,72","617,39","631,64","564,07","570,41","582,68","590,42","600,80","608,78","612,22","615,76","623,86","635,69","643,04","650,82"
9576,Roth,"542,67","549,36","555,16","555,97","561,82","573,92","588,92","596,19","598,23","606,12","616,25","632,87","640,76","577,60","583,08","593,38","608,85","619,83","625,78","632,23","634,97","643,45","653,19","657,34","670,26"
9577,Weißenburg-Gunzenhausen,"516,93","525,13","531,92","536,41","541,03","553,48","575,93","581,40","585,51","596,08","605,35","621,24","632,43","557,20","561,01","570,12","580,75","590,69","598,82","606,57","611,44","615,82","628,56","637,81","643,99"
9661,"Aschaffenburg, Stadt","525,86","530,54","534,95","532,22","539,36","541,00","557,57","567,59","559,71","566,71","591,36","592,36","596,73","539,97","547,12","556,44","581,86","593,06","597,12","592,44","595,32","616,29","618,38","626,51","630,29"
9662,"Schweinfurt, Stadt","474,18","476,67","482,17","480,71","486,09","489,77","504,10","509,09","508,10","508,36","508,32","516,51","520,65","464,32","466,40","471,07","492,34","500,63","507,30","513,49","511,32","511,38","509,16","513,49","527,01"
9663,"Würzburg, Stadt","468,49","471,36","475,91","477,65","471,91","474,89","480,24","480,43","476,79","471,67","472,73","471,12","470,49","420,91","422,94","426,30","466,13","472,37","475,99","483,63","489,27","491,39","492,88","494,12","499,63"
9671,Aschaffenburg,"533,38","539,83","547,99","552,57","559,72","568,21","582,24","590,92","596,41","604,32","612,61","626,61","636,23","579,56","587,72","595,50","606,27","616,04","622,73","627,73","632,61","640,74","647,39","654,98","664,35"
9672,Bad Kissingen,"524,02","534,68","544,06","545,86","553,06","564,48","582,22","594,12","600,83","607,02","617,67","639,25","649,89","577,40","582,07","591,45","603,37","613,83","621,77","627,56","633,40","642,15","651,17","660,55","671,01"
9673,Rhön-Grabfeld,"511,96","519,50","525,28","529,00","535,30","546,93","563,27","569,31","570,95","576,20","588,69","608,28","624,64","555,17","561,02","573,98","599,27","609,90","620,32","627,74","635,70","641,01","652,06","661,27","671,63"
9674,Haßberge,"512,75","523,03","532,64","537,66","543,88","556,54","581,05","591,40","593,55","604,96","614,84","633,25","646,84","575,51","583,36","593,85","607,84","621,76","632,54","639,05","642,74","651,70","660,61","667,73","677,77"
9675,Kitzingen,"521,45","525,86","529,92","535,63","540,04","550,87","572,98","587,22","594,54","603,83","606,22","619,95","634,20","568,31","574,56","585,21","601,33","611,62","619,68","624,62","629,23","635,71","642,71","652,07","663,92"
9676,Miltenberg,"518,06","524,69","529,18","533,66","537,73","544,69","561,88","571,06","571,11","575,23","585,29","603,21","614,32","553,28","560,93","571,39","582,09","593,26","601,29","607,85","611,84","621,03","630,90","639,02","648,52"
9677,Main-Spessart,"516,18","524,55","533,34","539,18","544,84","558,11","576,12","583,05","589,95","600,23","611,93","624,08","640,30","573,11","580,21","591,72","602,83","614,71","622,00","629,60","634,95","641,25","649,29","658,32","668,08"
9678,Schweinfurt,"513,86","524,00","530,39","535,61","540,00","549,44","567,00","577,25","582,75","593,91","604,48","629,58","643,34","572,53","579,79","591,71","602,67","613,60","622,34","627,70","633,53","644,52","653,51","662,62","670,35"
9679,Würzburg,"513,09","521,38","527,58","531,07","537,39","547,45","565,59","572,45","581,06","593,72","603,19","615,95","623,71","567,92","572,39","581,65","594,58","603,63","609,98","612,97","616,21","622,71","632,27","638,21","645,63"
9761,"Augsburg, Stadt","461,18","460,75","457,31","459,27","458,82","465,47","477,71","487,00","491,33","493,24","488,12","495,77","496,24","427,92","431,03","432,73","435,94","439,32","443,07","445,24","444,39","447,14","451,16","456,39","458,97"
9762,"Kaufbeuren, Stadt","487,79","489,60","497,28","494,59","497,68","506,03","513,99","516,23","526,55","523,76","530,12","546,74","545,77","478,96","486,02","490,36","506,83","510,90","517,37","519,21","518,94","527,33","534,91","545,10","552,80"
9763,"Kempten (Allgäu), Stadt","516,34","520,92","519,48","520,22","527,52","539,09","555,87","562,08","577,98","574,15","580,30","597,15","602,42","516,38","524,81","531,94","520,73","529,47","535,55","539,12","534,20","541,49","544,94","548,67","560,58"
9764,"Memmingen, Stadt","523,05","530,67","531,67","535,24","534,04","550,83","571,52","582,17","577,71","577,75","583,48","598,55","607,40","534,32","531,90","537,36","543,35","552,12","561,67","563,26","560,56","560,25","571,06","578,05","587,01"
9771,Aichach-Friedberg,"526,10","528,28","535,38","534,47","539,02","546,81","562,91","572,33","574,89","584,51","591,40","608,89","616,80","549,32","553,69","564,07","578,56","588,20","592,08","599,12","601,57","610,89","618,24","625,33","632,12"
9772,Augsburg,"513,86","520,22","526,32","528,08","536,66","547,62","561,90","570,65","578,42","585,33","594,32","611,14","619,13","552,54","559,23","568,99","584,13","594,00","600,11","605,10","609,26","617,97","623,51","631,68","640,74"
9773,Dillingen a.d.Donau,"519,69","524,57","531,15","532,98","540,14","550,95","565,99","571,46","576,39","587,01","594,42","612,92","625,24","561,52","570,26","583,38","597,18","608,18","617,31","622,45","626,14","635,05","641,21","648,39","659,20"
9774,Günzburg,"518,95","523,84","531,60","533,44","540,20","550,18","568,22","577,65","584,70","594,43","601,39","614,97","624,87","553,94","562,51","575,00","587,83","598,69","604,92","609,74","613,73","624,64","633,61","640,73","648,76"
9775,Neu-Ulm,"527,15","532,98","538,16","539,44","541,30","553,24","570,45","577,43","579,42","584,90","594,40","605,64","613,53","540,36","543,64","550,14","564,74","572,90","579,00","583,39","585,07","593,65","601,05","607,93","616,42"
9776,Lindau (Bodensee),"520,98","524,84","527,74","525,21","532,25","542,91","555,04","563,43","566,89","574,46","577,77","594,52","608,48","534,57","542,94","552,73","571,18","578,71","587,20","593,93","596,08","602,54","614,22","620,75","629,13"
9777,Ostallgäu,"520,03","524,76","527,26","526,72","526,41","536,04","552,15","558,49","559,79","568,08","574,86","593,92","602,94","535,90","543,85","556,74","569,48","580,16","587,48","593,42","598,89","610,02","617,66","625,63","635,39"
9778,Unterallgäu,"526,06","533,37","541,98","545,25","549,58","557,27","574,59","585,08","591,79","599,69","609,46","623,86","632,70","565,51","573,56","584,06","594,25","603,51","612,22","618,13","624,52","635,93","643,95","651,59","664,15"
9779,Donau-Ries,"527,28","535,12","543,39","545,25","550,71","558,01","577,83","586,34","590,85","599,55","609,66","626,06","637,38","575,25","583,05","594,38","608,28","616,17","625,20","632,74","637,69","643,89","652,58","660,84","671,69"
9780,Oberallgäu,"526,60","532,41","536,46","536,28","544,55","552,67","567,69","573,58","575,73","579,43","590,15","609,78","619,22","549,36","556,51","566,71","581,12","589,94","594,23","599,86","603,01","608,34","617,61","626,52","635,31"
10041,Regionalverband Saarbrücken,"512,20","518,42","526,94","527,10","530,42","534,58","554,54","564,97","570,40","574,64","579,00","588,84","599,92","522,31","525,81","535,30","544,55","552,56","555,91","558,82","559,42","560,32","565,49","571,62","578,98"
10042,Merzig-Wadern,"549,82","561,15","565,41","570,36","580,11","586,43","613,91","616,81","614,87","621,44","631,57","643,13","651,91","577,46","584,94","594,89","610,93","621,63","632,41","638,67","640,06","649,65","660,73","673,80","680,14"
10043,Neunkirchen,"532,73","544,45","553,04","562,37","568,03","564,54","587,07","601,00","603,56","610,87","607,65","619,72","628,19","558,86","564,12","574,59","590,77","601,59","610,45","612,98","614,54","620,95","631,23","641,50","650,52"
10044,Saarlouis,"514,85","525,42","528,34","540,01","545,10","561,09","578,61","591,16","599,56","602,88","608,89","623,84","634,10","569,02","576,35","585,55","609,83","619,76","628,70","633,81","635,81","644,68","656,60","667,57","679,15"
10045,Saarpfalz-Kreis,"542,36","551,12","559,34","564,36","567,64","580,71","602,70","614,30","617,14","622,80","626,56","643,45","653,82","585,45","589,82","596,45","619,41","629,69","636,62","643,91","644,60","654,93","665,12","674,37","682,80"
10046,St. Wendel,"527,78","540,91","550,59","554,32","557,65","572,25","592,18","601,94","609,48","617,86","627,71","642,37","652,67","587,04","593,69","606,73","619,86","631,60","643,19","653,17","653,75","668,19","677,60","688,72","702,12"
11000,"Berlin, Stadt","352,37","350,58","352,36","350,38","350,02","352,43","361,70","364,76","364,54","361,97","358,75","360,15","359,64","317,97","316,10","319,51","336,85","336,48","335,94","332,61","331,02","329,64","330,75","330,01","329,96"
12051,"Brandenburg an der Havel, Stadt","423,56","435,50","446,45","450,72","449,66","455,88","466,29","468,23","471,96","475,31","481,77","487,39","490,75","439,50","439,24","447,07","453,37","457,73","461,20","463,47","462,17","467,88","470,19","472,48","474,36"
12052,"Cottbus, Stadt","452,67","467,20","472,97","476,85","481,41","483,92","496,88","502,84","500,57","507,65","511,72","519,73","524,43","459,94","458,37","458,26","472,46","474,07","475,48","477,33","477,04","476,93","476,84","482,63","486,87"
12053,"Frankfurt (Oder), Stadt","456,47","464,53","472,79","479,04","484,94","492,15","506,81","511,32","509,79","512,86","519,94","531,55","536,91","463,65","460,72","465,08","474,71","480,17","482,52","485,39","481,79","479,78","480,35","486,19","486,90"
12054,"Potsdam, Stadt","459,63","456,62","453,46","447,38","443,49","443,00","447,51","449,87","445,44","446,66","445,87","454,63","454,52","400,32","398,93","403,78","410,40","412,01","413,57","412,28","410,43","409,82","409,41","413,32","415,75"
12060,Barnim,"481,41","491,70","495,41","496,29","504,50","512,30","529,42","539,20","539,07","546,56","560,34","569,95","576,78","510,89","515,28","522,06","538,96","541,06","543,19","546,02","543,28","546,09","553,33","557,93","560,97"
12061,Dahme-Spreewald,"493,61","505,77","516,64","515,30","517,97","535,73","554,09","563,73","573,15","578,81","585,51","599,87","608,46","540,26","540,96","548,46","562,05","568,93","571,65","573,71","572,09","576,28","584,04","590,54","596,07"
12062,Elbe-Elster,"468,15","484,02","495,95","502,59","516,34","533,17","551,86","564,48","570,21","577,37","592,71","606,36","618,93","549,13","556,53","565,57","581,41","588,52","595,38","598,14","598,28","602,71","609,03","614,66","623,57"
12063,Havelland,"456,29","465,21","471,80","477,70","480,54","492,76","510,77","521,57","530,59","537,16","548,09","560,75","567,28","507,35","510,31","518,41","531,02","537,46","541,30","540,81","539,85","547,27","553,31","560,78","565,71"
12064,Märkisch-Oderland,"479,78","499,62","506,87","508,94","512,25","526,61","541,70","549,82","553,93","562,48","575,75","587,16","595,90","525,66","530,58","538,29","557,39","562,26","563,98","566,91","565,65","571,43","577,51","584,12","588,29"
12065,Oberhavel,"453,04","470,11","475,26","483,94","491,01","507,92","524,20","532,75","536,95","542,91","552,92","563,57","570,55","513,18","513,66","521,49","532,92","536,96","540,86","541,89","541,81","548,37","554,49","561,89","565,76"
12066,Oberspreewald-Lausitz,"451,41","472,53","488,79","500,38","507,54","522,42","541,23","549,78","554,71","563,39","573,79","587,79","598,66","527,15","532,31","542,32","565,10","571,62","575,87","578,22","578,81","580,38","585,63","590,56","599,35"
12067,Oder-Spree,"458,79","472,77","481,61","489,53","499,78","513,37","533,67","544,96","550,14","555,87","568,15","585,78","596,74","528,02","532,96","541,05","564,21","570,62","572,90","570,09","557,65","575,46","583,78","588,34","593,68"
12068,Ostprignitz-Ruppin,"455,22","473,21","485,68","494,99","506,10","523,35","543,65","552,98","561,19","569,04","575,72","586,75","593,20","527,51","533,19","540,08","558,08","562,06","561,19","562,53","562,43","564,51","569,69","578,18","584,09"
12069,Potsdam-Mittelmark,"490,89","489,04","489,38","491,37","501,53","518,85","540,79","547,14","555,98","565,06","578,53","591,13","598,44","537,95","541,14","547,16","560,20","563,37","565,61","564,09","561,63","567,64","574,93","579,93","583,28"
12070,Prignitz,"455,54","473,32","487,57","490,52","497,38","512,44","529,93","537,10","548,70","556,34","566,10","573,11","586,96","525,69","533,36","539,36","556,99","563,32","569,19","569,71","570,04","571,33","578,27","588,37","593,15"
12071,Spree-Neiße,"460,51","479,36","499,43","512,36","523,79","539,29","561,90","575,70","586,78","588,73","605,44","617,87","630,97","553,34","559,20","568,40","589,91","595,68","598,00","598,38","598,78","600,49","608,50","615,65","620,21"
12072,Teltow-Fläming,"469,73","485,67","495,34","502,47","510,36","520,88","540,52","548,90","556,17","565,32","576,47","588,15","598,05","536,27","540,66","550,66","565,03","572,75","574,68","575,64","574,64","582,15","585,24","592,09","595,39"
12073,Uckermark,"444,96","459,32","471,70","482,18","490,47","500,74","523,24","535,46","544,46","550,35","559,05","568,67","578,22","507,70","512,02","518,51","545,71","551,44","555,66","554,85","556,77","554,79","560,42","566,30","572,04"
13003,"Rostock, Stadt","416,20","422,05","426,74","423,59","420,06","417,63","423,77","423,91","417,13","408,93","408,53","411,83","413,62","365,35","367,28","373,62","383,07","387,91","391,80","391,79","392,31","394,26","396,31","400,26","403,74"
13004,"Schwerin, Stadt","441,06","445,33","444,07","430,07","419,57","420,77","428,33","436,27","442,10","443,09","447,46","453,10","461,46","411,10","414,94","421,61","444,92","449,64","452,17","452,64","434,25","443,16","447,75","451,62","456,44"
13071,Mecklenburgische Seenplatte,"425,12","445,32","458,90","471,11","482,58","496,57","517,74","527,24","532,41","539,90","549,24","560,76","573,04","503,16","507,91","514,11","527,84","532,18","534,42","534,37","533,06","536,50","542,72","549,98","555,22"
13072,Landkreis Rostock,"413,38","438,82","458,02","470,23","485,69","500,49","522,77","533,91","538,81","546,10","555,96","568,56","582,48","519,28","525,21","533,83","549,10","554,20","556,57","554,12","555,25","558,90","564,48","569,53","574,55"
13073,Vorpommern-Rügen,"414,70","434,46","448,13","457,24","464,81","478,78","500,65","509,46","512,80","518,15","528,41","540,21","550,81","481,37","486,28","495,79","512,82","518,01","519,32","518,81","518,86","522,97","528,33","533,84","539,75"
13074,Nordwestmecklenburg,"422,60","443,87","459,96","469,07","478,79","491,29","512,83","520,13","526,21","531,38","536,54","550,97","561,53","497,65","503,46","512,23","532,27","535,68","539,83","541,51","542,59","547,86","553,13","561,13","565,53"
13075,Vorpommern-Greifswald,"418,40","441,01","457,59","468,65","476,11","486,21","505,92","517,10","524,19","522,61","528,85","537,91","545,10","478,39","482,93","490,74","502,65","506,22","506,83","506,42","506,43","511,51","516,54","520,86","528,31"
13076,Ludwigslust-Parchim,"436,84","466,99","483,60","494,26","504,09","523,46","543,91","553,83","563,76","573,59","584,62","596,70","608,93","539,18","546,32","554,06","568,86","574,15","574,50","572,90","571,29","580,87","586,64","591,30","598,53"
14511,"Chemnitz, Stadt","463,59","473,27","481,19","495,86","486,24","530,43","509,23","515,72","520,91","527,59","530,86","534,51","537,24","482,71","482,11","484,99","496,24","497,23","497,95","494,69","487,20","497,31","501,68","503,91","508,77"
14521,Erzgebirgskreis,"453,08","475,50","487,93","489,77","511,80","529,51","547,70","555,52","564,06","578,92","588,42","597,33","609,62","542,05","547,10","552,86","566,86","571,38","575,11","574,60","577,21","582,91","591,47","597,02","603,44"
14522,Mittelsachsen,"443,97","471,77","486,05","497,05","510,12","522,10","547,11","556,38","565,66","576,36","585,83","596,48","608,18","540,91","544,47","551,18","564,23","568,18","570,77","571,84","570,98","575,06","580,59","584,82","589,00"
14523,Vogtlandkreis,"485,25","499,01","511,84","518,22","529,06","542,44","559,42","569,36","576,71","587,36","595,58","602,66","615,57","542,00","546,91","553,65","567,69","572,75","576,31","578,71","579,55","583,89","590,18","597,54","605,03"
14524,Zwickau,"459,70","477,17","485,87","496,56","509,27","506,66","536,39","545,52","551,73","560,81","565,24","572,84","585,16","523,21","526,80","532,86","548,20","554,12","558,78","560,52","561,78","567,41","573,35","580,29","587,28"
14612,"Dresden, Stadt","432,89","439,38","439,84","437,29","460,40","469,24","441,35","434,77","436,59","438,12","432,41","432,04","436,23","385,32","384,18","387,47","399,45","400,62","401,39","402,30","399,62","402,20","404,01","405,47","406,40"
14625,Bautzen,"462,12","484,37","495,77","505,11","504,39","519,55","553,36","562,71","567,76","576,12","589,67","605,11","617,76","547,63","551,00","557,82","570,97","576,13","578,92","579,74","579,09","581,95","588,30","595,18","599,54"
14626,Görlitz,"429,67","454,54","471,66","483,96","492,90","507,09","529,97","540,13","545,56","553,66","564,62","578,03","587,04","512,45","515,75","522,63","538,79","542,95","543,78","544,87","544,77","548,34","553,92","558,31","565,48"
14627,Meißen,"429,64","447,86","460,72","467,62","479,15","495,90","522,86","530,96","536,36","545,92","554,30","566,22","576,01","507,01","512,47","518,33","535,88","541,49","543,67","544,73","543,04","549,82","555,36","560,09","565,57"
14628,Sächsische Schweiz-Osterzgebirge,"460,66","480,40","496,04","499,31","490,12","503,62","545,15","554,38","561,66","572,03","579,50","589,52","599,86","527,78","531,12","536,18","551,40","553,28","554,13","555,37","555,14","562,41","569,20","571,77","575,98"
14713,"Leipzig, Stadt","400,32","404,61","399,47","387,45","374,44","413,35","381,18","386,32","387,86","392,25","393,83","397,30","403,00","359,81","361,59","367,15","383,97","384,10","382,97","381,15","377,87","378,59","378,06","380,59","383,24"
14729,Leipzig,"459,52","477,94","494,75","508,86","529,77","461,07","571,66","555,44","559,19","568,76","579,10","588,63","599,50","527,71","533,68","541,80","558,52","565,39","568,82","569,79","570,15","573,48","578,93","584,82","588,09"
14730,Nordsachsen,"457,55","476,80","487,90","498,94","501,93","540,01","523,49","547,76","552,36","562,34","571,49","582,25","593,45","526,36","531,26","538,14","557,52","561,48","564,79","563,22","563,07","564,97","568,89","573,66","578,94"
15001,"Dessau-Roßlau, Stadt","429,10","437,57","446,40","453,35","461,77","473,33","489,24","496,17","502,11","510,07","510,51","529,63","538,42","474,58","476,56","482,08","491,48","498,00","502,00","503,89","502,88","507,73","510,60","517,97","525,96"
15002,"Halle (Saale), Stadt","392,28","394,58","397,24","398,25","395,11","399,30","404,41","403,66","397,47","399,27","402,14","405,18","412,73","369,52","370,34","374,47","384,17","387,09","389,15","388,89","384,28","386,98","388,17","390,63","393,34"
15003,"Magdeburg, Stadt","451,79","446,97","444,70","441,06","436,59","438,87","444,45","447,38","449,13","452,88","450,42","452,82","457,20","421,01","422,97","429,75","443,69","448,23","450,84","452,56","450,89","452,09","457,12","459,89","467,56"
15081,Altmarkkreis Salzwedel,"471,53","483,04","496,23","514,25","524,09","536,27","552,67","558,10","565,47","581,60","591,61","603,31","614,73","545,81","554,27","562,84","573,67","578,80","581,59","581,74","581,37","587,73","595,06","601,72","607,36"
15082,Anhalt-Bitterfeld,"435,18","453,28","467,55","474,73","480,27","490,84","510,63","518,57","524,83","537,18","550,39","557,97","570,95","511,77","520,99","529,14","548,40","554,19","557,45","560,01","559,89","564,64","570,95","577,40","583,67"
15083,Börde,"446,01","463,37","481,65","498,86","517,29","537,96","568,11","577,07","587,76","600,58","610,95","620,75","632,30","562,06","567,63","575,11","589,41","593,87","595,92","595,77","594,67","598,36","603,31","609,53","614,71"
15084,Burgenlandkreis,"430,00","455,25","467,34","477,38","486,08","498,97","520,64","527,62","532,85","539,30","547,68","560,29","571,88","510,20","514,70","520,79","538,46","544,70","545,82","545,67","545,34","549,34","553,60","561,98","569,20"
15085,Harz,"431,38","445,40","455,56","462,97","472,08","484,69","500,05","510,21","517,91","527,41","536,85","545,40","555,83","502,48","507,58","515,05","533,55","539,68","544,38","547,05","543,56","549,05","561,43","568,76","574,63"
15086,Jerichower Land,"439,77","463,57","483,62","495,85","512,93","528,80","551,55","563,86","570,26","576,00","578,87","596,26","609,84","553,88","550,95","556,19","573,54","580,00","582,35","583,03","582,15","583,38","592,86","600,27","606,21"
15087,Mansfeld-Südharz,"441,06","458,08","467,65","479,61","491,22","509,64","527,60","535,75","544,00","553,48","567,06","579,80","586,04","529,97","536,12","543,07","556,19","560,38","563,38","564,06","564,01","569,77","578,34","585,44","591,42"
15088,Saalekreis,"429,38","453,46","473,29","489,36","504,54","525,82","549,64","561,13","570,05","578,98","590,95","604,09","621,62","555,71","557,88","565,21","583,67","588,01","591,86","594,09","595,41","598,89","603,13","610,74","617,26"
15089,Salzlandkreis,"411,27","427,30","437,60","445,94","452,42","469,23","486,94","498,58","504,69","513,94","521,22","531,10","541,88","485,62","490,65","498,85","514,38","520,04","525,38","528,49","528,74","536,68","543,79","551,12","555,82"
15090,Stendal,"445,30","459,51","468,06","473,54","480,25","495,79","510,43","516,88","518,33","528,57","539,21","551,08","564,02","506,38","511,55","517,14","533,25","539,79","542,27","544,72","541,84","546,48","554,62","563,46","570,17"
15091,Wittenberg,"442,89","476,15","486,82","494,75","499,62","513,88","532,52","537,77","549,43","557,88","575,09","580,97","592,70","534,73","539,30","546,95","567,38","572,54","576,13","577,14","576,68","581,42","586,93","593,46","601,88"
16051,"Erfurt, Stadt","453,50","461,03","461,26","456,25","451,43","454,38","457,92","460,81","456,60","457,49","462,29","466,58","472,74","419,58","419,35","421,95","435,09","439,02","441,49","443,85","439,23","443,26","445,68","451,98","452,85"
16052,"Gera, Stadt","452,71","462,37","455,23","451,37","453,89","460,17","475,06","477,04","481,24","484,32","488,16","492,87","501,26","444,23","444,90","449,93","468,69","469,54","472,36","475,18","468,09","476,19","477,70","483,25","491,38"
16053,"Jena, Stadt","429,61","434,60","442,72","431,06","424,66","423,10","422,40","428,88","422,25","425,13","428,79","434,44","444,15","393,29","390,45","393,29","393,67","395,19","396,38","396,34","394,20","394,91","398,96","399,72","404,26"
16054,"Suhl, Stadt","463,30","473,93","484,44","489,14","500,18","514,15","539,43","550,31","556,69","559,26","562,24","574,77","586,27","509,75","507,92","516,53","547,05","553,68","553,29","536,88","527,79","543,41","550,37","554,07","555,17"
16055,"Weimar, Stadt","433,82","442,43","439,64","439,01","437,31","449,34","451,64","446,47","441,20","436,17","439,55","447,81","451,89","401,71","402,63","407,57","431,62","432,38","434,15","433,45","432,12","433,69","440,23","442,53","445,73"
16056,"Eisenach, Stadt","470,96","487,50","490,44","501,06","481,16","500,14","523,46","527,02","544,32","548,45","536,33","545,62","546,20","469,14","469,55","467,70","483,17","488,26","494,53","492,43","493,06","501,34","505,06","512,56","513,28"
16061,Eichsfeld,"452,32","464,88","477,43","486,88","491,89","503,69","519,73","529,39","538,93","548,01","557,95","572,67","585,45","528,71","536,83","547,59","569,04","576,36","580,10","581,23","579,66","584,99","589,92","594,97","598,92"
16062,Nordhausen,"455,86","475,53","486,37","491,79","501,28","510,29","525,13","531,24","542,16","547,74","556,84","568,89","578,31","510,20","512,04","517,74","539,12","542,46","546,40","545,35","546,08","548,17","552,86","560,93","564,93"
16063,Wartburgkreis,"465,38","481,06","489,86","498,88","515,59","529,77","548,24","562,77","572,66","585,28","597,79","607,91","623,18","554,56","562,27","571,11","585,39","591,00","595,51","597,28","598,20","602,66","608,69","611,53","618,14"
16064,Unstrut-Hainich-Kreis,"426,65","440,51","448,64","453,36","459,88","473,88","488,40","496,60","502,70","508,63","517,78","531,20","542,41","486,04","491,16","499,10","516,63","522,67","528,30","530,72","524,44","531,82","539,27","546,46","553,82"
16065,Kyffhäuserkreis,"437,10","458,23","471,75","484,12","499,58","519,07","541,12","549,00","553,86","560,27","566,04","575,06","592,91","534,92","540,51","547,43","560,51","565,65","571,68","572,55","572,74","575,01","583,56","590,50","598,08"
16066,Schmalkalden-Meiningen,"479,37","491,43","501,17","508,76","520,80","535,46","556,94","566,80","574,19","584,56","597,63","610,57","624,82","554,40","560,42","568,24","582,52","587,06","589,13","589,79","591,65","597,91","601,96","604,38","608,77"
16067,Gotha,"448,62","464,24","472,56","479,54","491,27","504,00","520,64","529,12","537,64","545,39","553,14","563,59","572,84","510,69","515,17","521,18","533,66","538,33","541,96","542,72","540,93","547,72","552,16","555,57","561,40"
16068,Sömmerda,"435,70","450,92","460,22","470,78","478,29","498,81","523,74","532,53","543,25","551,46","560,92","572,07","586,68","522,09","526,48","535,15","546,39","553,61","557,47","560,91","562,10","566,70","569,62","575,11","578,94"
16069,Hildburghausen,"486,71","498,90","505,95","519,70","536,15","552,08","573,26","584,93","597,28","610,11","625,40","640,58","650,82","573,17","578,89","588,10","597,33","605,86","607,21","607,83","609,28","610,12","612,08","616,97","621,47"
16070,Ilm-Kreis,"435,19","453,06","463,67","473,21","481,45","495,70","513,56","518,39","525,62","537,09","545,76","556,90","570,89","506,34","509,33","513,77","527,73","532,32","535,89","535,14","531,86","537,78","541,81","543,98","550,35"
16071,Weimarer Land,"454,21","465,76","479,51","491,67","509,78","523,69","544,85","552,97","557,14","564,46","572,71","584,66","597,89","537,21","538,32","544,12","563,26","569,04","572,84","575,12","571,51","573,46","580,23","582,75","584,80"
16072,Sonneberg,"457,32","484,98","501,37","508,67","523,49","542,55","553,36","567,60","575,25","582,23","593,55","606,18","613,69","542,13","548,70","553,40","568,15","576,75","581,14","585,03","583,26","586,16","589,19","592,49","602,46"
16073,Saalfeld-Rudolstadt,"448,47","467,73","476,23","485,86","493,20","505,18","522,93","531,25","540,22","549,44","560,46","570,64","583,90","518,69","522,52","529,20","548,45","553,08","555,85","557,17","557,61","563,60","570,12","576,66","583,38"
16074,Saale-Holzland-Kreis,"467,59","489,67","503,05","518,55","531,66","541,74","561,15","568,14","573,06","585,65","594,35","606,66","615,97","542,73","546,66","553,20","568,66","573,42","574,55","574,11","560,37","571,69","585,67","587,80","594,58"
16075,Saale-Orla-Kreis,"500,85","520,51","529,27","536,64","545,76","564,12","582,29","587,08","591,89","605,94","615,87","631,87","644,53","565,17","571,86","577,39","594,71","599,10","602,80","605,21","605,01","608,99","616,12","620,83","626,36"
16076,Greiz,"472,07","492,10","506,99","518,85","533,14","548,00","567,86","575,19","586,28","596,33","602,17","613,66","624,88","553,41","560,48","567,33","583,72","588,23","591,08","591,25","591,85","600,63","605,32","614,17","620,03"
16077,Altenburger Land,"439,85","466,64","476,15","484,78","492,76","508,07","523,51","532,06","539,52","550,56","557,77","567,42","576,88","515,05","518,98","526,60","542,28","545,91","550,28","553,02","552,30","556,79","565,15","567,60","574,21"
